[2025/09/27 14:49:38.753] - Starting server with initial configuration: {"gasLimit":6721975,"gasPrice":20000000000,"hardfork":"merge","hostname":"127.0.0.1","port":8545,"network_id":5777,"default_balance_ether":100,"total_accounts":10,"unlocked_accounts":[],"locked":false,"vmErrorsOnRPCResponse":true,"verbose":false,"flavor":"ethereum","db_path":"C:\\Users\\akram\\AppData\\Roaming\\Ganache\\ui\\workspaces\\REBCWS\\chaindata","mnemonic":"toward reward before broccoli until dance stem year achieve boring hybrid load","logDirectory":"C:\\Users\\akram\\OneDrive\\Bureau\\real_estate_project\\logs"}
[2025/09/27 14:49:39.104] - eth_getCode
[2025/09/27 14:49:39.107] - eth_subscribe
[2025/09/27 14:49:39.109] - eth_getLogs
[2025/09/27 14:49:39.111] - eth_subscribe
[2025/09/27 14:49:39.211] - eth_getCode
[2025/09/27 14:49:39.212] - eth_subscribe
[2025/09/27 14:49:39.214] - eth_getLogs
[2025/09/27 14:49:39.215] - eth_subscribe
[2025/09/27 14:49:39.314] - eth_blockNumber
[2025/09/27 14:49:39.316] - eth_accounts
[2025/09/27 14:49:39.317] - eth_gasPrice
[2025/09/27 14:49:39.319] - eth_getBlockByNumber
[2025/09/27 14:49:39.320] - eth_subscribe
[2025/09/27 14:49:39.323] - eth_blockNumber
[2025/09/27 14:49:39.324] - eth_accounts
[2025/09/27 14:49:39.325] - eth_gasPrice
[2025/09/27 14:49:39.326] - eth_getBlockByNumber
[2025/09/27 14:49:39.327] - eth_subscribe
[2025/09/27 14:49:39.345] - eth_accounts
[2025/09/27 14:49:39.443] - eth_getBalance
[2025/09/27 14:49:39.452] - eth_getTransactionCount
[2025/09/27 14:49:39.462] - eth_getBalance
[2025/09/27 14:49:39.470] - eth_getTransactionCount
[2025/09/27 14:49:39.478] - eth_getBalance
[2025/09/27 14:49:39.487] - eth_getTransactionCount
[2025/09/27 14:49:39.499] - eth_getBalance
[2025/09/27 14:49:39.506] - eth_getTransactionCount
[2025/09/27 14:49:39.515] - eth_getBalance
[2025/09/27 14:49:39.528] - eth_getTransactionCount
[2025/09/27 14:49:39.537] - eth_getBalance
[2025/09/27 14:49:39.546] - eth_getTransactionCount
[2025/09/27 14:49:39.553] - eth_getBalance
[2025/09/27 14:49:39.560] - eth_getTransactionCount
[2025/09/27 14:49:39.569] - eth_getBalance
[2025/09/27 14:49:39.576] - eth_getTransactionCount
[2025/09/27 14:49:39.582] - eth_getBalance
[2025/09/27 14:49:39.589] - eth_getTransactionCount
[2025/09/27 14:49:39.595] - eth_getBalance
[2025/09/27 14:49:39.603] - eth_getTransactionCount
[2025/09/27 14:49:39.625] - eth_getBalance
[2025/09/27 14:49:39.634] - eth_getTransactionCount
[2025/09/27 14:49:39.641] - eth_getBalance
[2025/09/27 14:49:39.648] - eth_getTransactionCount
[2025/09/27 14:49:39.655] - eth_getBalance
[2025/09/27 14:49:39.661] - eth_getTransactionCount
[2025/09/27 14:49:39.668] - eth_getBalance
[2025/09/27 14:49:39.676] - eth_getTransactionCount
[2025/09/27 14:49:39.682] - eth_getBalance
[2025/09/27 14:49:39.689] - eth_getTransactionCount
[2025/09/27 14:49:39.695] - eth_getBalance
[2025/09/27 14:49:39.701] - eth_getTransactionCount
[2025/09/27 14:49:39.706] - eth_getBalance
[2025/09/27 14:49:39.712] - eth_getTransactionCount
[2025/09/27 14:49:39.718] - eth_getBalance
[2025/09/27 14:49:39.725] - eth_getTransactionCount
[2025/09/27 14:49:39.731] - eth_getBalance
[2025/09/27 14:49:39.738] - eth_getTransactionCount
[2025/09/27 14:49:39.744] - eth_getBalance
[2025/09/27 14:49:39.750] - eth_getTransactionCount
[2025/09/27 14:49:39.756] - eth_getBalance
[2025/09/27 14:49:39.763] - eth_getTransactionCount
[2025/09/27 14:49:39.770] - eth_getBalance
[2025/09/27 14:49:39.777] - eth_getTransactionCount
[2025/09/27 14:49:39.783] - eth_getBalance
[2025/09/27 14:49:39.790] - eth_getTransactionCount
[2025/09/27 14:49:39.797] - eth_getBalance
[2025/09/27 14:49:39.805] - eth_getTransactionCount
[2025/09/27 14:49:39.812] - eth_getBalance
[2025/09/27 14:49:39.823] - eth_getTransactionCount
[2025/09/27 14:49:39.835] - eth_getBalance
[2025/09/27 14:49:39.842] - eth_getTransactionCount
[2025/09/27 14:49:39.850] - eth_getBalance
[2025/09/27 14:49:39.857] - eth_getTransactionCount
[2025/09/27 14:49:39.865] - eth_getBalance
[2025/09/27 14:49:39.872] - eth_getTransactionCount
[2025/09/27 14:49:39.880] - eth_getBalance
[2025/09/27 14:49:39.888] - eth_getTransactionCount
[2025/09/27 14:49:39.896] - eth_getBalance
[2025/09/27 14:49:39.903] - eth_getTransactionCount
[2025/09/27 14:49:40.007] - eth_getBalance
[2025/09/27 14:49:40.019] - eth_getTransactionCount
[2025/09/27 14:49:40.028] - eth_getBalance
[2025/09/27 14:49:40.035] - eth_getTransactionCount
[2025/09/27 14:49:40.045] - eth_getBalance
[2025/09/27 14:49:40.052] - eth_getTransactionCount
[2025/09/27 14:49:40.058] - eth_getBalance
[2025/09/27 14:49:40.065] - eth_getTransactionCount
[2025/09/27 14:49:40.071] - eth_getBalance
[2025/09/27 14:49:40.078] - eth_getTransactionCount
[2025/09/27 14:49:40.085] - eth_getBalance
[2025/09/27 14:49:40.092] - eth_getTransactionCount
[2025/09/27 14:49:40.100] - eth_getBalance
[2025/09/27 14:49:40.109] - eth_getTransactionCount
[2025/09/27 14:49:40.118] - eth_getBalance
[2025/09/27 14:49:40.126] - eth_getTransactionCount
[2025/09/27 14:49:40.133] - eth_getBalance
[2025/09/27 14:49:40.140] - eth_getTransactionCount
[2025/09/27 14:49:40.148] - eth_getBalance
[2025/09/27 14:49:40.156] - eth_getTransactionCount
[2025/09/27 14:50:23.087] - eth_blockNumber
[2025/09/27 14:50:23.113] - net_version
[2025/09/27 14:50:23.120] - eth_accounts
[2025/09/27 14:50:23.161] - eth_getBlockByNumber
[2025/09/27 14:50:23.171] - eth_accounts
[2025/09/27 14:50:23.214] - eth_getBlockByNumber
[2025/09/27 14:50:23.219] - eth_getBlockByNumber
[2025/09/27 14:50:23.225] - eth_getBlockByNumber
[2025/09/27 14:50:23.248] - eth_estimateGas
[2025/09/27 14:50:23.376] - eth_getBlockByNumber
[2025/09/27 14:50:23.378] - eth_blockNumber
[2025/09/27 14:50:23.388] - eth_sendTransaction
[2025/09/27 14:50:23.430] - 
  Transaction: 0x34f6437c821857023265b03836c718fb87aa4ad996d7a1bd023afefc160b4cdb
  Contract created: 0x931d232a9898537098d76961d1c373e09d5b61d1
  Gas usage: 877393
  Block number: 46
  Block time: Sat Sep 27 2025 14:50:23 GMT+0100 (heure normale d’Afrique de l’Ouest)

[2025/09/27 14:50:23.441] - eth_getTransactionReceipt
[2025/09/27 14:50:23.443] - eth_getBlockByNumber
[2025/09/27 14:50:23.451] - eth_getCode
[2025/09/27 14:50:23.463] - eth_getTransactionByHash
[2025/09/27 14:50:23.471] - eth_getBlockByNumber
[2025/09/27 14:50:23.476] - eth_getBalance
[2025/09/27 14:50:23.478] - eth_getBalance
[2025/09/27 14:50:23.485] - eth_getTransactionCount
[2025/09/27 14:50:23.496] - eth_getBalance
[2025/09/27 14:50:23.506] - eth_getTransactionCount
[2025/09/27 14:50:23.531] - eth_getBalance
[2025/09/27 14:50:23.547] - eth_getTransactionCount
[2025/09/27 14:50:23.560] - eth_getBalance
[2025/09/27 14:50:23.576] - eth_getTransactionCount
[2025/09/27 14:50:23.604] - eth_getBalance
[2025/09/27 14:50:23.613] - eth_getTransactionCount
[2025/09/27 14:50:23.621] - eth_getBalance
[2025/09/27 14:50:23.628] - eth_getTransactionCount
[2025/09/27 14:50:23.635] - eth_getBalance
[2025/09/27 14:50:23.642] - eth_getTransactionCount
[2025/09/27 14:50:23.650] - eth_getBalance
[2025/09/27 14:50:23.658] - eth_getTransactionCount
[2025/09/27 14:50:23.665] - eth_getBalance
[2025/09/27 14:50:23.672] - eth_getTransactionCount
[2025/09/27 14:50:23.682] - eth_getBalance
[2025/09/27 14:50:23.688] - eth_getTransactionCount
[2025/09/27 14:53:32.552] - eth_getBlockByNumber
[2025/09/27 14:53:32.616] - eth_getBlockTransactionCountByHash
[2025/09/27 14:53:32.667] - eth_getBlockByNumber
[2025/09/27 14:53:32.708] - eth_getBlockTransactionCountByHash
[2025/09/27 14:53:32.746] - eth_getBlockByNumber
[2025/09/27 14:53:32.789] - eth_getBlockTransactionCountByHash
[2025/09/27 14:53:32.854] - eth_getBlockByNumber
[2025/09/27 14:53:32.895] - eth_getBlockTransactionCountByHash
[2025/09/27 14:53:32.930] - eth_getBlockByNumber
[2025/09/27 14:53:32.978] - eth_getBlockTransactionCountByHash
[2025/09/27 14:53:33.032] - eth_getBlockByNumber
[2025/09/27 14:53:33.070] - eth_getBlockTransactionCountByHash
[2025/09/27 14:53:33.113] - eth_getBlockByNumber
[2025/09/27 14:53:33.148] - eth_getBlockTransactionCountByHash
[2025/09/27 14:53:33.187] - eth_getBlockByNumber
[2025/09/27 14:53:33.235] - eth_getBlockTransactionCountByHash
[2025/09/27 14:53:33.282] - eth_getBlockByNumber
[2025/09/27 14:53:33.319] - eth_getBlockTransactionCountByHash
[2025/09/27 14:53:33.356] - eth_getBlockByNumber
[2025/09/27 14:53:33.398] - eth_getBlockTransactionCountByHash
[2025/09/27 14:53:33.430] - eth_getBlockByNumber
[2025/09/27 14:53:33.460] - eth_getBlockTransactionCountByHash
[2025/09/27 14:53:33.505] - eth_getBlockByNumber
[2025/09/27 14:53:33.547] - eth_getBlockTransactionCountByHash
[2025/09/27 14:53:33.583] - eth_getBlockByNumber
[2025/09/27 14:53:33.670] - eth_getTransactionReceipt
[2025/09/27 14:53:33.680] - eth_getBlockByNumber
[2025/09/27 14:53:33.750] - eth_getBlockTransactionCountByHash
[2025/09/27 14:53:33.766] - eth_getBlockByNumber
[2025/09/27 14:53:33.866] - eth_getTransactionReceipt
[2025/09/27 14:53:33.882] - eth_getBlockByNumber
[2025/09/27 14:53:33.919] - eth_getBlockByNumber
[2025/09/27 14:53:33.951] - eth_getBlockTransactionCountByHash
[2025/09/27 14:53:33.984] - eth_getTransactionReceipt
[2025/09/27 14:53:34.008] - eth_getBlockByNumber
[2025/09/27 14:53:34.045] - eth_getBlockByNumber
[2025/09/27 14:53:34.112] - eth_getBlockTransactionCountByHash
[2025/09/27 14:53:34.125] - eth_getTransactionReceipt
[2025/09/27 14:53:34.167] - eth_getBlockByNumber
[2025/09/27 14:53:34.221] - eth_getBlockByNumber
[2025/09/27 14:53:34.253] - eth_getBlockTransactionCountByHash
[2025/09/27 14:53:34.308] - eth_getTransactionReceipt
[2025/09/27 14:53:34.361] - eth_getBlockByNumber
[2025/09/27 14:53:34.408] - eth_getTransactionReceipt
[2025/09/27 14:53:34.446] - eth_getBlockByNumber
[2025/09/27 14:53:34.477] - eth_getTransactionReceipt
[2025/09/27 14:53:34.515] - eth_getBlockByNumber
[2025/09/27 14:53:34.544] - eth_getTransactionReceipt
[2025/09/27 14:53:34.588] - eth_getBlockByNumber
[2025/09/27 14:53:34.617] - eth_getTransactionReceipt
[2025/09/27 14:53:34.660] - eth_getBlockByNumber
[2025/09/27 14:53:34.692] - eth_getTransactionReceipt
[2025/09/27 14:53:34.729] - eth_getBlockByNumber
[2025/09/27 14:53:34.760] - eth_getTransactionReceipt
[2025/09/27 14:53:37.998] - eth_getTransactionByHash
[2025/09/27 14:53:47.179] - eth_getTransactionByHash
[2025/09/27 14:53:52.783] - eth_getTransactionByHash
[2025/09/27 14:54:03.794] - eth_getTransactionByHash
[2025/09/27 14:56:25.441] - eth_chainId
[2025/09/27 14:56:27.169] - eth_blockNumber
[2025/09/27 14:56:27.178] - eth_getBalance
[2025/09/27 14:56:27.180] - eth_getBalance
[2025/09/27 14:56:27.182] - eth_getBlockByNumber
[2025/09/27 14:56:27.413] - net_version
[2025/09/27 14:56:27.416] - net_version
[2025/09/27 14:56:27.418] - net_version
[2025/09/27 14:56:27.426] - net_version
[2025/09/27 14:56:27.470] - eth_blockNumber
[2025/09/27 14:56:32.615] - eth_call
[2025/09/27 14:56:32.659] - eth_call
[2025/09/27 14:56:32.702] - eth_call
[2025/09/27 14:56:32.756] - eth_call
[2025/09/27 14:56:45.815] - eth_blockNumber
[2025/09/27 14:57:11.465] - eth_blockNumber
[2025/09/27 14:57:11.487] - eth_estimateGas
[2025/09/27 14:57:47.469] - eth_blockNumber
[2025/09/27 14:57:56.138] - eth_getBalance
[2025/09/27 14:58:23.223] - eth_blockNumber
[2025/09/27 14:58:26.441] - eth_blockNumber
[2025/09/27 15:01:30.802] - eth_blockNumber
[2025/09/27 15:03:04.975] - eth_getBlockByNumber
[2025/09/27 15:03:05.028] - eth_getTransactionReceipt
[2025/09/27 15:03:05.073] - eth_getBlockByNumber
[2025/09/27 15:03:05.122] - eth_getTransactionReceipt
[2025/09/27 15:03:05.170] - eth_getBlockByNumber
[2025/09/27 15:03:05.205] - eth_getTransactionReceipt
[2025/09/27 15:03:05.255] - eth_getBlockByNumber
[2025/09/27 15:03:05.288] - eth_getTransactionReceipt
[2025/09/27 15:03:05.337] - eth_getBlockByNumber
[2025/09/27 15:03:05.388] - eth_getTransactionReceipt
[2025/09/27 15:03:05.435] - eth_getBlockByNumber
[2025/09/27 15:03:05.466] - eth_getTransactionReceipt
[2025/09/27 15:03:05.510] - eth_getBlockByNumber
[2025/09/27 15:03:05.542] - eth_getTransactionReceipt
[2025/09/27 15:03:05.584] - eth_getBlockByNumber
[2025/09/27 15:03:05.616] - eth_getTransactionReceipt
[2025/09/27 15:03:05.658] - eth_getBlockByNumber
[2025/09/27 15:03:05.690] - eth_getTransactionReceipt
[2025/09/27 15:03:05.731] - eth_getBlockByNumber
[2025/09/27 15:03:05.761] - eth_getTransactionReceipt
[2025/09/27 15:03:05.806] - eth_getBlockByNumber
[2025/09/27 15:03:05.838] - eth_getTransactionReceipt
[2025/09/27 15:03:40.084] - eth_blockNumber
[2025/09/27 15:03:40.095] - eth_call
[2025/09/27 15:03:40.131] - eth_call
[2025/09/27 15:03:40.155] - eth_call
[2025/09/27 15:03:57.643] - eth_call
[2025/09/27 15:03:57.663] - eth_call
[2025/09/27 15:03:57.688] - eth_call
[2025/09/27 15:03:57.759] - eth_call
[2025/09/27 15:03:57.812] - eth_call
[2025/09/27 15:04:03.134] - eth_blockNumber
[2025/09/27 15:04:54.421] - eth_blockNumber
[2025/09/27 15:09:26.719] - eth_getLogs
[2025/09/27 15:09:29.126] - eth_getBalance
[2025/09/27 15:09:29.274] - net_version
[2025/09/27 15:09:29.281] - eth_getCode
[2025/09/27 15:09:29.286] - eth_getBlockByNumber
[2025/09/27 15:09:29.291] - eth_getBalance
[2025/09/27 15:09:29.295] - eth_getTransactionCount
[2025/09/27 15:09:29.301] - eth_getStorageAt
[2025/09/27 15:09:29.308] - eth_getStorageAt
[2025/09/27 15:09:29.313] - eth_getStorageAt
[2025/09/27 15:15:46.065] - eth_blockNumber
[2025/09/27 15:17:11.443] - eth_blockNumber
[2025/09/27 15:17:11.455] - net_version
[2025/09/27 15:17:11.459] - eth_accounts
[2025/09/27 15:17:11.468] - eth_getBlockByNumber
[2025/09/27 15:17:11.473] - eth_accounts
[2025/09/27 15:17:11.488] - eth_getBlockByNumber
[2025/09/27 15:17:11.491] - eth_getBlockByNumber
[2025/09/27 15:17:11.494] - eth_getBlockByNumber
[2025/09/27 15:17:11.505] - eth_estimateGas
[2025/09/27 15:17:11.552] - eth_getBlockByNumber
[2025/09/27 15:17:11.553] - eth_blockNumber
[2025/09/27 15:17:11.557] - eth_sendTransaction
[2025/09/27 15:17:11.567] - 
  Transaction: 0x8a7ceef760ec89e7fee114b82ba120cbf872dc596c972c077f40c8b08722cb64
  Contract created: 0x0a331d398ea93cf9f56c6110ed684c43cbea09ea
  Gas usage: 877393
  Block number: 47
  Block time: Sat Sep 27 2025 15:17:11 GMT+0100 (heure normale d’Afrique de l’Ouest)

[2025/09/27 15:17:11.569] - eth_getBlockByNumber
[2025/09/27 15:17:11.572] - eth_getTransactionReceipt
[2025/09/27 15:17:11.575] - eth_getCode
[2025/09/27 15:17:11.581] - eth_getTransactionByHash
[2025/09/27 15:17:11.584] - eth_getBlockByNumber
[2025/09/27 15:17:11.587] - eth_getBalance
[2025/09/27 15:17:11.591] - eth_getBalance
[2025/09/27 15:17:11.601] - eth_getTransactionCount
[2025/09/27 15:17:11.611] - eth_getBalance
[2025/09/27 15:17:11.620] - eth_getTransactionCount
[2025/09/27 15:17:11.629] - eth_getBalance
[2025/09/27 15:17:11.644] - eth_getTransactionCount
[2025/09/27 15:17:11.654] - eth_getBalance
[2025/09/27 15:17:11.664] - eth_getTransactionCount
[2025/09/27 15:17:11.672] - eth_getBalance
[2025/09/27 15:17:11.681] - eth_getTransactionCount
[2025/09/27 15:17:11.689] - eth_getBalance
[2025/09/27 15:17:11.699] - eth_getTransactionCount
[2025/09/27 15:17:11.705] - eth_getBalance
[2025/09/27 15:17:11.712] - eth_getTransactionCount
[2025/09/27 15:17:11.720] - eth_getBalance
[2025/09/27 15:17:11.726] - eth_getTransactionCount
[2025/09/27 15:17:11.732] - eth_getBalance
[2025/09/27 15:17:11.736] - eth_getTransactionCount
[2025/09/27 15:17:11.744] - eth_getBalance
[2025/09/27 15:17:11.754] - eth_getTransactionCount
[2025/09/27 15:38:28.631] - eth_blockNumber
[2025/09/27 15:38:28.636] - eth_call
[2025/09/27 15:38:28.667] - eth_call
[2025/09/27 15:38:28.684] - eth_blockNumber
[2025/09/27 15:38:28.686] - eth_call
[2025/09/27 15:46:17.644] - eth_blockNumber
[2025/09/27 15:49:16.413] - eth_blockNumber
[2025/09/27 15:49:16.428] - net_version
[2025/09/27 15:49:16.431] - eth_accounts
[2025/09/27 15:49:16.445] - eth_getBlockByNumber
[2025/09/27 15:49:16.449] - eth_accounts
[2025/09/27 15:49:16.483] - eth_getBlockByNumber
[2025/09/27 15:49:16.486] - eth_getBlockByNumber
[2025/09/27 15:49:16.489] - eth_getBlockByNumber
[2025/09/27 15:49:16.498] - eth_estimateGas
[2025/09/27 15:49:16.552] - eth_getBlockByNumber
[2025/09/27 15:49:16.553] - eth_blockNumber
[2025/09/27 15:49:16.557] - eth_sendTransaction
[2025/09/27 15:49:16.569] - 
  Transaction: 0xd89f9fbb035fd58bba006db41dd9341e5ecd190ebf7951be2a2d8d628754ea14
  Contract created: 0xab3d9c08356b78d9cacd954ddc431c1cae583797
  Gas usage: 877393
  Block number: 48
  Block time: Sat Sep 27 2025 15:49:16 GMT+0100 (heure normale d’Afrique de l’Ouest)

[2025/09/27 15:49:16.572] - eth_getBlockByNumber
[2025/09/27 15:49:16.574] - eth_getTransactionReceipt
[2025/09/27 15:49:16.578] - eth_getCode
[2025/09/27 15:49:16.584] - eth_getTransactionByHash
[2025/09/27 15:49:16.588] - eth_getBlockByNumber
[2025/09/27 15:49:16.590] - eth_getBalance
[2025/09/27 15:49:16.603] - eth_getBalance
[2025/09/27 15:49:16.616] - eth_getTransactionCount
[2025/09/27 15:49:16.629] - eth_getBalance
[2025/09/27 15:49:16.644] - eth_getTransactionCount
[2025/09/27 15:49:16.656] - eth_getBalance
[2025/09/27 15:49:16.667] - eth_getTransactionCount
[2025/09/27 15:49:16.678] - eth_getBalance
[2025/09/27 15:49:16.690] - eth_getTransactionCount
[2025/09/27 15:49:16.704] - eth_getBalance
[2025/09/27 15:49:16.712] - eth_getTransactionCount
[2025/09/27 15:49:16.719] - eth_getBalance
[2025/09/27 15:49:16.726] - eth_getTransactionCount
[2025/09/27 15:49:16.734] - eth_getBalance
[2025/09/27 15:49:16.741] - eth_getTransactionCount
[2025/09/27 15:49:16.748] - eth_getBalance
[2025/09/27 15:49:16.756] - eth_getTransactionCount
[2025/09/27 15:49:16.764] - eth_getBalance
[2025/09/27 15:49:16.771] - eth_getTransactionCount
[2025/09/27 15:49:16.778] - eth_getBalance
[2025/09/27 15:49:16.785] - eth_getTransactionCount
[2025/09/27 15:49:29.512] - eth_blockNumber
[2025/09/27 15:49:29.518] - eth_call
[2025/09/27 15:49:29.533] - eth_blockNumber
[2025/09/27 15:49:29.536] - eth_call
[2025/09/27 15:49:47.447] - eth_blockNumber
[2025/09/27 15:49:47.449] - eth_getBalance
[2025/09/27 15:49:47.450] - eth_getBalance
[2025/09/27 15:49:47.451] - eth_getBalance
[2025/09/27 15:50:07.454] - eth_blockNumber
[2025/09/27 15:51:01.554] - eth_blockNumber
[2025/09/27 15:51:01.558] - eth_getBlockByNumber
[2025/09/27 15:51:44.793] - eth_blockNumber
[2025/09/27 15:51:44.804] - eth_call
[2025/09/27 15:51:44.814] - eth_call
[2025/09/27 15:51:44.831] - eth_call
[2025/09/27 15:51:52.754] - eth_blockNumber
[2025/09/27 15:52:04.851] - eth_call
[2025/09/27 15:52:04.882] - eth_call
[2025/09/27 15:52:04.902] - eth_call
[2025/09/27 15:52:12.332] - eth_getBlockByNumber
[2025/09/27 15:52:12.393] - eth_getTransactionReceipt
[2025/09/27 15:52:12.432] - eth_getBlockByNumber
[2025/09/27 15:52:12.458] - eth_getTransactionReceipt
[2025/09/27 15:52:12.491] - eth_getTransactionReceipt
[2025/09/27 15:52:12.524] - eth_getTransactionReceipt
[2025/09/27 15:52:12.575] - eth_getTransactionReceipt
[2025/09/27 15:52:12.609] - eth_getTransactionReceipt
[2025/09/27 15:52:12.645] - eth_getTransactionReceipt
[2025/09/27 15:52:12.677] - eth_getTransactionReceipt
[2025/09/27 15:52:12.709] - eth_getTransactionReceipt
[2025/09/27 15:52:12.741] - eth_getTransactionReceipt
[2025/09/27 15:52:12.772] - eth_getTransactionReceipt
[2025/09/27 15:52:14.409] - eth_getTransactionByHash
[2025/09/27 15:52:28.095] - eth_blockNumber
[2025/09/27 15:52:28.102] - eth_call
[2025/09/27 15:52:28.114] - eth_call
[2025/09/27 15:52:28.127] - eth_call
[2025/09/27 15:52:36.782] - eth_blockNumber
[2025/09/27 15:53:18.704] - eth_blockNumber
[2025/09/27 15:53:18.723] - eth_call
[2025/09/27 15:53:18.746] - eth_call
[2025/09/27 15:53:18.762] - eth_call
[2025/09/27 15:53:18.794] - eth_call
[2025/09/27 15:53:18.818] - eth_call
[2025/09/27 15:54:46.428] - eth_blockNumber
[2025/09/27 15:56:24.957] - eth_blockNumber
[2025/09/27 15:56:24.974] - net_version
[2025/09/27 15:56:24.979] - eth_accounts
[2025/09/27 15:56:25.001] - eth_accounts
[2025/09/27 15:56:34.933] - eth_getBlockByNumber
[2025/09/27 15:56:59.415] - eth_getBlockByNumber
[2025/09/27 15:57:09.892] - eth_call
[2025/09/27 15:57:53.770] - eth_blockNumber
[2025/09/27 15:59:01.775] - eth_blockNumber
[2025/09/27 16:02:59.120] - eth_blockNumber
[2025/09/27 16:02:59.133] - net_version
[2025/09/27 16:02:59.136] - eth_accounts
[2025/09/27 16:02:59.149] - eth_getBlockByNumber
[2025/09/27 16:02:59.154] - eth_accounts
[2025/09/27 16:02:59.175] - eth_getBlockByNumber
[2025/09/27 16:02:59.178] - eth_getBlockByNumber
[2025/09/27 16:02:59.181] - eth_getBlockByNumber
[2025/09/27 16:02:59.192] - eth_estimateGas
[2025/09/27 16:02:59.238] - eth_getBlockByNumber
[2025/09/27 16:02:59.239] - eth_blockNumber
[2025/09/27 16:02:59.243] - eth_sendTransaction
[2025/09/27 16:02:59.251] - 
  Transaction: 0x9ce81631c6112a6d97c0da6c6196175a4711986acbf1eb49cd8ee1744b599298
  Contract created: 0x902a4ea8e04941d48e0502024cd2050046e7d014
  Gas usage: 877393
  Block number: 49
  Block time: Sat Sep 27 2025 16:02:59 GMT+0100 (heure normale d’Afrique de l’Ouest)

[2025/09/27 16:02:59.253] - eth_getBlockByNumber
[2025/09/27 16:02:59.256] - eth_getTransactionReceipt
[2025/09/27 16:02:59.259] - eth_getCode
[2025/09/27 16:02:59.266] - eth_getTransactionByHash
[2025/09/27 16:02:59.269] - eth_getBlockByNumber
[2025/09/27 16:02:59.271] - eth_getBalance
[2025/09/27 16:02:59.287] - eth_getBalance
[2025/09/27 16:02:59.299] - eth_getTransactionCount
[2025/09/27 16:02:59.313] - eth_getBalance
[2025/09/27 16:02:59.328] - eth_getTransactionCount
[2025/09/27 16:02:59.338] - eth_getBalance
[2025/09/27 16:02:59.353] - eth_getTransactionCount
[2025/09/27 16:02:59.366] - eth_getBalance
[2025/09/27 16:02:59.379] - eth_getTransactionCount
[2025/09/27 16:02:59.394] - eth_getBalance
[2025/09/27 16:02:59.410] - eth_getTransactionCount
[2025/09/27 16:02:59.419] - eth_getBalance
[2025/09/27 16:02:59.428] - eth_getTransactionCount
[2025/09/27 16:02:59.437] - eth_getBalance
[2025/09/27 16:02:59.446] - eth_getTransactionCount
[2025/09/27 16:02:59.455] - eth_getBalance
[2025/09/27 16:02:59.464] - eth_getTransactionCount
[2025/09/27 16:02:59.473] - eth_getBalance
[2025/09/27 16:02:59.482] - eth_getTransactionCount
[2025/09/27 16:02:59.498] - eth_getBalance
[2025/09/27 16:02:59.508] - eth_getTransactionCount
[2025/09/27 16:03:56.394] - eth_blockNumber
[2025/09/27 16:03:56.400] - eth_call
[2025/09/27 16:03:56.415] - eth_blockNumber
[2025/09/27 16:03:56.418] - eth_call
[2025/09/27 16:03:56.436] - eth_call
[2025/09/27 16:05:11.101] - eth_blockNumber
[2025/09/27 16:05:35.615] - eth_blockNumber
[2025/09/27 16:05:35.618] - eth_getBalance
[2025/09/27 16:05:35.620] - eth_getBalance
[2025/09/27 16:05:35.621] - eth_getBalance
[2025/09/27 16:05:35.621] - eth_getBlockByNumber
[2025/09/27 16:05:46.711] - eth_blockNumber
[2025/09/27 16:06:07.563] - eth_call
[2025/09/27 16:06:07.579] - eth_call
[2025/09/27 16:06:07.592] - eth_call
[2025/09/27 16:06:07.619] - eth_call
[2025/09/27 16:06:07.644] - eth_call
[2025/09/27 16:14:14.910] - eth_blockNumber
[2025/09/27 16:14:32.162] - eth_call
[2025/09/27 16:14:32.189] - eth_call
[2025/09/27 16:14:32.211] - eth_call
[2025/09/27 16:14:32.238] - eth_call
[2025/09/27 16:14:32.257] - eth_call
[2025/09/27 16:14:42.890] - eth_blockNumber
[2025/09/27 16:16:58.832] - eth_blockNumber
[2025/09/27 16:18:54.534] - eth_blockNumber
[2025/09/27 16:19:18.967] - eth_blockNumber
[2025/09/27 16:19:43.717] - eth_blockNumber
[2025/09/27 16:19:43.726] - eth_estimateGas
[2025/09/27 16:19:43.760] - eth_getCode
[2025/09/27 16:19:43.761] - eth_getCode
[2025/09/27 16:19:44.191] - eth_gasPrice
[2025/09/27 16:19:44.212] - eth_call
[2025/09/27 16:19:44.280] - eth_call
[2025/09/27 16:19:44.309] - eth_call
[2025/09/27 16:19:44.323] - eth_call
[2025/09/27 16:19:44.879] - eth_blockNumber
[2025/09/27 16:19:44.958] - eth_call
[2025/09/27 16:19:44.970] - eth_call
[2025/09/27 16:19:44.984] - eth_call
[2025/09/27 16:19:44.987] - eth_call
[2025/09/27 16:19:46.643] - eth_getTransactionCount
[2025/09/27 16:19:46.668] - eth_sendRawTransaction
[2025/09/27 16:19:46.694] - 
  Transaction: 0x6631f98784a45bc2ae79b585a532c48bd3c68810a562d8b07fea8f2a0b107f4d
  Gas usage: 35604
  Block number: 50
  Block time: Sat Sep 27 2025 16:19:46 GMT+0100 (heure normale d’Afrique de l’Ouest)

[2025/09/27 16:19:46.697] - eth_getBlockByNumber
[2025/09/27 16:19:46.709] - eth_call
[2025/09/27 16:19:46.714] - eth_getTransactionReceipt
[2025/09/27 16:19:46.720] - eth_call
[2025/09/27 16:19:46.723] - eth_blockNumber
[2025/09/27 16:19:46.728] - eth_getBlockByNumber
[2025/09/27 16:19:46.734] - eth_call
[2025/09/27 16:19:46.735] - eth_call
[2025/09/27 16:19:46.738] - eth_call
[2025/09/27 16:19:46.739] - eth_getBalance
[2025/09/27 16:19:46.740] - eth_getBalance
[2025/09/27 16:19:46.740] - eth_getBalance
[2025/09/27 16:19:46.758] - eth_getBalance
[2025/09/27 16:19:46.775] - eth_call
[2025/09/27 16:19:46.788] - eth_getTransactionCount
[2025/09/27 16:19:46.805] - eth_getBalance
[2025/09/27 16:19:46.823] - eth_getTransactionCount
[2025/09/27 16:19:46.842] - eth_getBalance
[2025/09/27 16:19:46.843] - eth_call
[2025/09/27 16:19:46.862] - eth_getTransactionCount
[2025/09/27 16:19:46.878] - eth_getBalance
[2025/09/27 16:19:46.896] - eth_getTransactionCount
[2025/09/27 16:19:46.914] - eth_call
[2025/09/27 16:19:46.941] - eth_getBalance
[2025/09/27 16:19:46.970] - eth_getTransactionCount
[2025/09/27 16:19:46.983] - eth_getBalance
[2025/09/27 16:19:46.995] - eth_getTransactionCount
[2025/09/27 16:19:47.008] - eth_getBalance
[2025/09/27 16:19:47.024] - eth_getTransactionCount
[2025/09/27 16:19:47.036] - eth_getBalance
[2025/09/27 16:19:47.048] - eth_getTransactionCount
[2025/09/27 16:19:47.058] - eth_getBalance
[2025/09/27 16:19:47.070] - eth_getTransactionCount
[2025/09/27 16:19:47.081] - eth_getBalance
[2025/09/27 16:19:47.093] - eth_getTransactionCount
[2025/09/27 16:19:49.708] - eth_getTransactionReceipt
[2025/09/27 16:19:49.725] - eth_getBlockByHash
[2025/09/27 16:19:49.752] - eth_call
[2025/09/27 16:19:49.760] - eth_call
[2025/09/27 16:19:49.766] - eth_call
[2025/09/27 16:19:49.767] - eth_call
[2025/09/27 16:19:54.511] - eth_blockNumber
[2025/09/27 17:18:00.781] - eth_blockNumber
[2025/09/27 17:19:08.434] - eth_blockNumber
[2025/09/27 17:19:46.434] - eth_blockNumber
[2025/09/27 17:25:26.691] - eth_blockNumber
[2025/09/27 17:27:53.062] - eth_blockNumber
[2025/09/27 17:37:42.657] - eth_blockNumber
[2025/09/27 17:39:58.756] - eth_blockNumber
[2025/09/27 17:43:16.117] - eth_blockNumber
[2025/09/27 17:44:40.621] - eth_blockNumber
[2025/09/27 17:49:08.949] - eth_blockNumber
[2025/09/27 17:49:19.394] - eth_blockNumber
[2025/09/27 17:49:19.758] - eth_gasPrice
[2025/09/27 17:49:48.440] - eth_blockNumber
[2025/09/27 17:50:05.611] - eth_call
[2025/09/27 17:50:05.659] - eth_call
[2025/09/27 17:50:05.662] - eth_call
[2025/09/27 17:50:05.680] - eth_call
[2025/09/27 17:50:05.688] - eth_getLogs
[2025/09/27 17:50:05.701] - eth_getBlockByNumber
[2025/09/27 17:50:05.706] - eth_call
[2025/09/27 17:50:05.709] - eth_getBlockByNumber
[2025/09/27 17:50:05.718] - eth_getLogs
[2025/09/27 17:50:05.736] - eth_getBlockByNumber
[2025/09/27 17:50:09.797] - eth_blockNumber
[2025/09/27 17:51:13.841] - eth_blockNumber
[2025/09/27 17:51:17.294] - eth_getBlockByNumber
[2025/09/27 17:51:17.302] - eth_getBlockByNumber
[2025/09/27 17:51:17.311] - eth_getBlockByNumber
[2025/09/27 17:51:19.171] - eth_getBlockByNumber
[2025/09/27 17:51:19.177] - eth_getBlockByNumber
[2025/09/27 17:51:19.187] - eth_getBlockByNumber
[2025/09/27 17:51:36.415] - eth_blockNumber
[2025/09/27 17:51:37.493] - eth_getBlockByNumber
[2025/09/27 17:51:37.501] - eth_getBlockByNumber
[2025/09/27 17:51:37.511] - eth_getBlockByNumber
[2025/09/27 17:51:39.447] - eth_getBlockByNumber
[2025/09/27 17:51:39.453] - eth_getBlockByNumber
[2025/09/27 17:51:39.461] - eth_getBlockByNumber
[2025/09/27 17:51:41.292] - eth_getBlockByNumber
[2025/09/27 17:51:41.298] - eth_getBlockByNumber
[2025/09/27 17:51:41.307] - eth_getBlockByNumber
[2025/09/27 17:51:43.359] - eth_getBlockByNumber
[2025/09/27 17:51:43.367] - eth_getBlockByNumber
[2025/09/27 17:51:43.376] - eth_getBlockByNumber
[2025/09/27 17:51:48.010] - eth_blockNumber
[2025/09/27 17:51:54.001] - eth_getBlockByNumber
[2025/09/27 17:51:54.008] - eth_getBlockByNumber
[2025/09/27 17:51:54.017] - eth_getBlockByNumber
[2025/09/27 17:52:05.947] - eth_getBlockByNumber
[2025/09/27 17:52:05.954] - eth_getBlockByNumber
[2025/09/27 17:52:05.962] - eth_getBlockByNumber
[2025/09/27 17:52:34.677] - eth_blockNumber
[2025/09/27 17:52:43.049] - eth_getBlockByNumber
[2025/09/27 17:52:43.065] - eth_getBlockByNumber
[2025/09/27 17:52:43.078] - eth_getBlockByNumber
[2025/09/27 17:54:07.203] - eth_blockNumber
[2025/09/27 17:54:21.515] - eth_blockNumber
[2025/09/27 17:54:27.251] - eth_getBlockByNumber
[2025/09/27 17:54:27.260] - eth_getBlockByNumber
[2025/09/27 17:54:27.268] - eth_getBlockByNumber
[2025/09/27 17:55:11.276] - eth_blockNumber
[2025/09/27 17:55:11.289] - eth_call
[2025/09/27 17:55:11.365] - eth_getBlockByNumber
[2025/09/27 17:55:11.385] - eth_getBlockByNumber
[2025/09/27 17:55:11.398] - eth_getBlockByNumber
[2025/09/27 17:55:37.268] - eth_blockNumber
[2025/09/27 17:55:37.277] - eth_estimateGas
[2025/09/27 17:55:37.328] - eth_getCode
[2025/09/27 17:55:37.329] - eth_getCode
[2025/09/27 17:55:37.788] - eth_call
[2025/09/27 17:55:37.798] - eth_call
[2025/09/27 17:55:37.876] - eth_call
[2025/09/27 17:55:37.878] - eth_call
[2025/09/27 17:55:38.459] - eth_blockNumber
[2025/09/27 17:55:38.548] - eth_call
[2025/09/27 17:55:38.560] - eth_call
[2025/09/27 17:55:38.571] - eth_call
[2025/09/27 17:55:38.572] - eth_call
[2025/09/27 17:55:40.364] - eth_getTransactionCount
[2025/09/27 17:55:40.384] - eth_sendRawTransaction
[2025/09/27 17:55:40.404] - 
  Transaction: 0x06ec1caa2aee83eff1c9cabe95d3b0542dd4783e5ac2766e4b58ec03ee3ca6ba
  Gas usage: 210173
  Block number: 51
  Block time: Sat Sep 27 2025 17:55:40 GMT+0100 (heure normale d’Afrique de l’Ouest)

[2025/09/27 17:55:40.412] - eth_getBlockByNumber
[2025/09/27 17:55:40.418] - eth_call
[2025/09/27 17:55:40.429] - eth_getTransactionReceipt
[2025/09/27 17:55:40.435] - eth_blockNumber
[2025/09/27 17:55:40.440] - eth_call
[2025/09/27 17:55:40.441] - eth_getBlockByNumber
[2025/09/27 17:55:40.445] - eth_call
[2025/09/27 17:55:40.447] - eth_getBalance
[2025/09/27 17:55:40.449] - eth_getBalance
[2025/09/27 17:55:40.450] - eth_getBalance
[2025/09/27 17:55:40.454] - eth_call
[2025/09/27 17:55:40.455] - eth_call
[2025/09/27 17:55:40.463] - eth_getBalance
[2025/09/27 17:55:40.495] - eth_getTransactionCount
[2025/09/27 17:55:40.519] - eth_getBalance
[2025/09/27 17:55:40.522] - eth_call
[2025/09/27 17:55:40.537] - eth_getTransactionCount
[2025/09/27 17:55:40.554] - eth_call
[2025/09/27 17:55:40.559] - eth_getBalance
[2025/09/27 17:55:40.570] - eth_call
[2025/09/27 17:55:40.577] - eth_getTransactionCount
[2025/09/27 17:55:40.594] - eth_getBalance
[2025/09/27 17:55:40.607] - eth_getTransactionCount
[2025/09/27 17:55:40.620] - eth_getBalance
[2025/09/27 17:55:40.634] - eth_getTransactionCount
[2025/09/27 17:55:40.648] - eth_getBalance
[2025/09/27 17:55:40.661] - eth_getTransactionCount
[2025/09/27 17:55:40.678] - eth_getBalance
[2025/09/27 17:55:40.704] - eth_getTransactionCount
[2025/09/27 17:55:40.716] - eth_getBalance
[2025/09/27 17:55:40.734] - eth_getTransactionCount
[2025/09/27 17:55:40.747] - eth_getBalance
[2025/09/27 17:55:40.759] - eth_getTransactionCount
[2025/09/27 17:55:40.771] - eth_getBalance
[2025/09/27 17:55:40.789] - eth_getTransactionCount
[2025/09/27 17:55:43.422] - eth_getTransactionReceipt
[2025/09/27 17:55:43.426] - eth_getBlockByHash
[2025/09/27 17:55:43.438] - eth_call
[2025/09/27 17:55:43.445] - eth_call
[2025/09/27 17:55:43.452] - eth_call
[2025/09/27 17:55:43.453] - eth_call
[2025/09/27 17:55:44.842] - eth_call
[2025/09/27 17:55:56.441] - eth_blockNumber
[2025/09/27 17:55:56.450] - eth_estimateGas
[2025/09/27 17:55:56.475] - eth_getCode
[2025/09/27 17:55:56.477] - eth_getCode
[2025/09/27 17:55:56.752] - eth_gasPrice
[2025/09/27 17:55:56.762] - eth_call
[2025/09/27 17:55:56.771] - eth_call
[2025/09/27 17:55:56.838] - eth_call
[2025/09/27 17:55:56.847] - eth_call
[2025/09/27 17:55:57.433] - eth_blockNumber
[2025/09/27 17:55:57.491] - eth_call
[2025/09/27 17:55:57.502] - eth_call
[2025/09/27 17:55:57.513] - eth_call
[2025/09/27 17:55:57.513] - eth_call
[2025/09/27 17:55:58.723] - eth_getTransactionCount
[2025/09/27 17:55:58.742] - eth_sendRawTransaction
[2025/09/27 17:55:58.751] - 
  Transaction: 0x071637337566b0abd0f4b6883dc6511afe882c60e2e44df5063fb62c6eb53aca
  Gas usage: 32804
  Block number: 52
  Block time: Sat Sep 27 2025 17:55:58 GMT+0100 (heure normale d’Afrique de l’Ouest)

[2025/09/27 17:55:58.753] - eth_getBlockByNumber
[2025/09/27 17:55:58.763] - eth_call
[2025/09/27 17:55:58.770] - eth_getTransactionReceipt
[2025/09/27 17:55:58.776] - eth_blockNumber
[2025/09/27 17:55:58.781] - eth_call
[2025/09/27 17:55:58.782] - eth_getBlockByNumber
[2025/09/27 17:55:58.787] - eth_getBalance
[2025/09/27 17:55:58.789] - eth_getBalance
[2025/09/27 17:55:58.790] - eth_getBalance
[2025/09/27 17:55:58.792] - eth_call
[2025/09/27 17:55:58.795] - eth_getBalance
[2025/09/27 17:55:58.798] - eth_call
[2025/09/27 17:55:58.799] - eth_call
[2025/09/27 17:55:58.812] - eth_getTransactionCount
[2025/09/27 17:55:58.825] - eth_call
[2025/09/27 17:55:58.845] - eth_getBalance
[2025/09/27 17:55:58.859] - eth_call
[2025/09/27 17:55:58.872] - eth_getTransactionCount
[2025/09/27 17:55:58.897] - eth_call
[2025/09/27 17:55:58.901] - eth_getBalance
[2025/09/27 17:55:58.922] - eth_getTransactionCount
[2025/09/27 17:55:58.938] - eth_getBalance
[2025/09/27 17:55:58.950] - eth_getTransactionCount
[2025/09/27 17:55:58.962] - eth_getBalance
[2025/09/27 17:55:58.973] - eth_getTransactionCount
[2025/09/27 17:55:58.985] - eth_getBalance
[2025/09/27 17:55:59.013] - eth_getTransactionCount
[2025/09/27 17:55:59.034] - eth_getBalance
[2025/09/27 17:55:59.045] - eth_getTransactionCount
[2025/09/27 17:55:59.056] - eth_getBalance
[2025/09/27 17:55:59.067] - eth_getTransactionCount
[2025/09/27 17:55:59.079] - eth_getBalance
[2025/09/27 17:55:59.095] - eth_getTransactionCount
[2025/09/27 17:55:59.106] - eth_getBalance
[2025/09/27 17:55:59.116] - eth_getTransactionCount
[2025/09/27 17:56:01.761] - eth_getTransactionReceipt
[2025/09/27 17:56:01.764] - eth_getBlockByHash
[2025/09/27 17:56:01.775] - eth_call
[2025/09/27 17:56:01.782] - eth_call
[2025/09/27 17:56:01.790] - eth_call
[2025/09/27 17:56:01.791] - eth_call
[2025/09/27 17:56:03.690] - eth_blockNumber
[2025/09/27 17:56:03.770] - eth_gasPrice
[2025/09/27 17:56:13.167] - eth_call
[2025/09/27 17:56:16.063] - eth_call
[2025/09/27 17:56:16.096] - eth_call
[2025/09/27 17:56:16.103] - eth_call
[2025/09/27 17:56:16.121] - eth_call
[2025/09/27 17:56:16.123] - eth_blockNumber
[2025/09/27 17:56:16.135] - eth_getLogs
[2025/09/27 17:56:16.145] - eth_call
[2025/09/27 17:56:16.150] - eth_getBlockByNumber
[2025/09/27 17:56:16.159] - eth_getBlockByNumber
[2025/09/27 17:56:16.164] - eth_call
[2025/09/27 17:56:16.169] - eth_getBlockByNumber
[2025/09/27 17:56:16.179] - eth_getLogs
[2025/09/27 17:56:16.191] - eth_getBlockByNumber
[2025/09/27 17:56:21.450] - eth_estimateGas
[2025/09/27 17:56:53.337] - eth_blockNumber
[2025/09/27 17:56:53.402] - eth_getBlockByNumber
[2025/09/27 17:56:53.412] - eth_getBlockByNumber
[2025/09/27 17:56:53.422] - eth_getBlockByNumber
[2025/09/27 17:56:53.436] - eth_getBlockByNumber
[2025/09/27 17:56:55.773] - eth_estimateGas
[2025/09/27 17:56:59.275] - eth_estimateGas
[2025/09/27 17:57:02.145] - eth_estimateGas
[2025/09/27 17:57:15.067] - eth_blockNumber
[2025/09/27 17:57:15.077] - eth_estimateGas
[2025/09/27 17:59:08.275] - eth_blockNumber
[2025/09/27 17:59:08.396] - eth_getBlockByNumber
[2025/09/27 17:59:08.429] - eth_getBlockByNumber
[2025/09/27 17:59:08.444] - eth_getBlockByNumber
[2025/09/27 17:59:08.462] - eth_getBlockByNumber
[2025/09/27 18:03:20.692] - eth_blockNumber
[2025/09/27 18:03:20.700] - eth_estimateGas
[2025/09/27 18:15:43.078] - eth_blockNumber
[2025/09/27 18:15:43.092] - eth_getBlockByNumber
[2025/09/27 18:15:43.100] - eth_getBlockByNumber
[2025/09/27 18:15:43.107] - eth_getBlockByNumber
[2025/09/27 18:15:43.117] - eth_getBlockByNumber
[2025/09/27 18:15:59.241] - eth_getBlockByNumber
[2025/09/27 18:15:59.247] - eth_getBlockByNumber
[2025/09/27 18:15:59.253] - eth_getBlockByNumber
[2025/09/27 18:15:59.263] - eth_getBlockByNumber
[2025/09/27 18:16:07.047] - eth_blockNumber
[2025/09/27 18:16:13.047] - eth_getBlockByNumber
[2025/09/27 18:16:13.057] - eth_getBlockByNumber
[2025/09/27 18:16:13.064] - eth_getBlockByNumber
[2025/09/27 18:16:13.073] - eth_getBlockByNumber
[2025/09/27 18:16:14.460] - eth_getBlockByNumber
[2025/09/27 18:16:14.466] - eth_getBlockByNumber
[2025/09/27 18:16:14.474] - eth_getBlockByNumber
[2025/09/27 18:16:14.483] - eth_getBlockByNumber
[2025/09/27 18:16:17.489] - eth_call
[2025/09/27 18:16:17.543] - eth_getBlockByNumber
[2025/09/27 18:16:17.557] - eth_getBlockByNumber
[2025/09/27 18:16:17.566] - eth_getBlockByNumber
[2025/09/27 18:16:17.577] - eth_getBlockByNumber
[2025/09/27 18:16:27.369] - eth_blockNumber
[2025/09/27 18:16:33.894] - eth_getBlockByNumber
[2025/09/27 18:16:33.915] - eth_getBlockByNumber
[2025/09/27 18:16:33.925] - eth_getBlockByNumber
[2025/09/27 18:16:33.937] - eth_getBlockByNumber
[2025/09/27 18:17:29.108] - eth_blockNumber
[2025/09/27 18:17:29.171] - eth_getBlockByNumber
[2025/09/27 18:17:29.202] - eth_getBlockByNumber
[2025/09/27 18:17:29.221] - eth_getBlockByNumber
[2025/09/27 18:17:29.240] - eth_getBlockByNumber
[2025/09/27 18:17:32.808] - eth_estimateGas
[2025/09/27 18:17:36.426] - eth_estimateGas
[2025/09/27 18:17:50.096] - eth_blockNumber
[2025/09/27 18:17:54.126] - eth_estimateGas
[2025/09/27 18:23:18.657] - eth_blockNumber
[2025/09/27 18:23:18.726] - eth_getBlockByNumber
[2025/09/27 18:23:18.763] - eth_getBlockByNumber
[2025/09/27 18:23:18.793] - eth_getBlockByNumber
[2025/09/27 18:23:18.806] - eth_getBlockByNumber
[2025/09/27 18:23:24.073] - eth_getBlockByNumber
[2025/09/27 18:23:24.096] - eth_getBlockByNumber
[2025/09/27 18:23:24.105] - eth_getBlockByNumber
[2025/09/27 18:23:24.117] - eth_getBlockByNumber
[2025/09/27 18:23:25.945] - eth_estimateGas
[2025/09/27 18:23:49.405] - eth_blockNumber
[2025/09/27 18:23:49.418] - net_version
[2025/09/27 18:23:49.421] - eth_accounts
[2025/09/27 18:23:49.434] - eth_getBlockByNumber
[2025/09/27 18:23:49.439] - eth_accounts
[2025/09/27 18:23:49.474] - eth_getBlockByNumber
[2025/09/27 18:23:49.477] - eth_getBlockByNumber
[2025/09/27 18:23:49.481] - eth_getBlockByNumber
[2025/09/27 18:23:49.491] - eth_estimateGas
[2025/09/27 18:23:49.528] - eth_getBlockByNumber
[2025/09/27 18:23:49.529] - eth_blockNumber
[2025/09/27 18:23:49.533] - eth_sendTransaction
[2025/09/27 18:23:49.542] - 
  Transaction: 0xea0dfa06dff413db58e5f7a3ec32de3dcd1b1864d50054292dd116192737d19b
  Contract created: 0x3de77b6b24946e1188d14e39246b560eadd22b3d
  Gas usage: 865543
  Block number: 53
  Block time: Sat Sep 27 2025 18:23:49 GMT+0100 (heure normale d’Afrique de l’Ouest)

[2025/09/27 18:23:49.544] - eth_getBlockByNumber
[2025/09/27 18:23:49.548] - eth_getTransactionReceipt
[2025/09/27 18:23:49.552] - eth_getCode
[2025/09/27 18:23:49.561] - eth_getTransactionByHash
[2025/09/27 18:23:49.565] - eth_getBlockByNumber
[2025/09/27 18:23:49.567] - eth_getBalance
[2025/09/27 18:23:49.586] - eth_getBalance
[2025/09/27 18:23:49.603] - eth_getTransactionCount
[2025/09/27 18:23:49.620] - eth_getBalance
[2025/09/27 18:23:49.633] - eth_getTransactionCount
[2025/09/27 18:23:49.644] - eth_getBalance
[2025/09/27 18:23:49.659] - eth_getTransactionCount
[2025/09/27 18:23:49.671] - eth_getBalance
[2025/09/27 18:23:49.688] - eth_getTransactionCount
[2025/09/27 18:23:49.704] - eth_getBalance
[2025/09/27 18:23:49.723] - eth_getTransactionCount
[2025/09/27 18:23:49.733] - eth_getBalance
[2025/09/27 18:23:49.744] - eth_getTransactionCount
[2025/09/27 18:23:49.753] - eth_getBalance
[2025/09/27 18:23:49.763] - eth_getTransactionCount
[2025/09/27 18:23:49.773] - eth_getBalance
[2025/09/27 18:23:49.785] - eth_getTransactionCount
[2025/09/27 18:23:49.799] - eth_getBalance
[2025/09/27 18:23:49.817] - eth_getTransactionCount
[2025/09/27 18:23:49.827] - eth_getBalance
[2025/09/27 18:23:49.837] - eth_getTransactionCount
[2025/09/27 18:23:55.510] - eth_blockNumber
[2025/09/27 18:23:55.518] - eth_call
[2025/09/27 18:23:55.533] - eth_call
[2025/09/27 18:23:55.542] - eth_call
[2025/09/27 18:23:55.552] - eth_call
[2025/09/27 18:23:55.555] - eth_blockNumber
[2025/09/27 18:23:55.561] - eth_getLogs
[2025/09/27 18:23:55.575] - eth_call
[2025/09/27 18:23:55.576] - eth_getBlockByNumber
[2025/09/27 18:23:55.587] - eth_getBlockByNumber
[2025/09/27 18:23:55.599] - eth_call
[2025/09/27 18:23:55.604] - eth_getBlockByNumber
[2025/09/27 18:23:55.629] - eth_getLogs
[2025/09/27 18:23:55.641] - eth_getBlockByNumber
[2025/09/27 18:23:57.435] - eth_estimateGas
[2025/09/27 18:24:02.040] - eth_getBlockByNumber
[2025/09/27 18:24:02.047] - eth_getBlockByNumber
[2025/09/27 18:24:02.057] - eth_getBlockByNumber
[2025/09/27 18:24:02.065] - eth_getBlockByNumber
[2025/09/27 18:24:11.166] - eth_estimateGas
[2025/09/27 18:24:19.812] - eth_blockNumber
[2025/09/27 18:24:22.835] - eth_estimateGas
[2025/09/27 18:25:15.988] - eth_blockNumber
[2025/09/27 18:25:15.992] - eth_getBalance
[2025/09/27 18:25:15.993] - eth_getBalance
[2025/09/27 18:25:15.994] - eth_getBalance
[2025/09/27 18:25:15.995] - eth_getBlockByNumber
[2025/09/27 18:25:19.908] - eth_gasPrice
[2025/09/27 18:25:21.318] - eth_getBlockByNumber
[2025/09/27 18:25:21.335] - eth_getBlockByNumber
[2025/09/27 18:25:21.348] - eth_getBlockByNumber
[2025/09/27 18:25:21.357] - eth_getBlockByNumber
[2025/09/27 18:25:23.953] - eth_call
[2025/09/27 18:25:23.984] - eth_call
[2025/09/27 18:25:23.993] - eth_call
[2025/09/27 18:25:24.012] - eth_call
[2025/09/27 18:25:24.022] - eth_getBlockByNumber
[2025/09/27 18:25:24.030] - eth_call
[2025/09/27 18:25:24.033] - eth_getBlockByNumber
[2025/09/27 18:25:24.042] - eth_getBlockByNumber
[2025/09/27 18:25:24.047] - eth_call
[2025/09/27 18:25:24.060] - eth_getBlockByNumber
[2025/09/27 18:25:34.049] - eth_estimateGas
[2025/09/27 18:25:34.091] - eth_getCode
[2025/09/27 18:25:34.092] - eth_getCode
[2025/09/27 18:25:34.347] - eth_call
[2025/09/27 18:25:34.356] - eth_call
[2025/09/27 18:25:34.425] - eth_call
[2025/09/27 18:25:34.426] - eth_call
[2025/09/27 18:25:34.963] - eth_blockNumber
[2025/09/27 18:25:35.050] - eth_call
[2025/09/27 18:25:35.061] - eth_call
[2025/09/27 18:25:35.072] - eth_call
[2025/09/27 18:25:35.072] - eth_call
[2025/09/27 18:25:36.371] - eth_getTransactionCount
[2025/09/27 18:25:36.393] - eth_sendRawTransaction
[2025/09/27 18:25:36.413] - 
  Transaction: 0x5c155b5c67d81f57e371e5250f85d083708fcefa91842336608fd68e18eacf05
  Gas usage: 210149
  Block number: 54
  Block time: Sat Sep 27 2025 18:25:36 GMT+0100 (heure normale d’Afrique de l’Ouest)

[2025/09/27 18:25:36.416] - eth_getBlockByNumber
[2025/09/27 18:25:36.426] - eth_call
[2025/09/27 18:25:36.433] - eth_getTransactionReceipt
[2025/09/27 18:25:36.440] - eth_call
[2025/09/27 18:25:36.442] - eth_blockNumber
[2025/09/27 18:25:36.446] - eth_getBlockByNumber
[2025/09/27 18:25:36.452] - eth_call
[2025/09/27 18:25:36.455] - eth_call
[2025/09/27 18:25:36.463] - eth_getBalance
[2025/09/27 18:25:36.465] - eth_getBalance
[2025/09/27 18:25:36.466] - eth_getBalance
[2025/09/27 18:25:36.467] - eth_call
[2025/09/27 18:25:36.484] - eth_getBalance
[2025/09/27 18:25:36.518] - eth_getTransactionCount
[2025/09/27 18:25:36.537] - eth_getBalance
[2025/09/27 18:25:36.544] - eth_call
[2025/09/27 18:25:36.561] - eth_getTransactionCount
[2025/09/27 18:25:36.564] - eth_call
[2025/09/27 18:25:36.578] - eth_call
[2025/09/27 18:25:36.583] - eth_getBalance
[2025/09/27 18:25:36.594] - eth_call
[2025/09/27 18:25:36.604] - eth_getTransactionCount
[2025/09/27 18:25:36.622] - eth_getBalance
[2025/09/27 18:25:36.642] - eth_getTransactionCount
[2025/09/27 18:25:36.661] - eth_getBalance
[2025/09/27 18:25:36.675] - eth_getTransactionCount
[2025/09/27 18:25:36.689] - eth_getBalance
[2025/09/27 18:25:36.704] - eth_getTransactionCount
[2025/09/27 18:25:36.724] - eth_getBalance
[2025/09/27 18:25:36.750] - eth_getTransactionCount
[2025/09/27 18:25:36.765] - eth_getBalance
[2025/09/27 18:25:36.779] - eth_getTransactionCount
[2025/09/27 18:25:36.792] - eth_getBalance
[2025/09/27 18:25:36.804] - eth_getTransactionCount
[2025/09/27 18:25:36.818] - eth_getBalance
[2025/09/27 18:25:36.841] - eth_getTransactionCount
[2025/09/27 18:25:38.842] - eth_call
[2025/09/27 18:25:39.426] - eth_getTransactionReceipt
[2025/09/27 18:25:39.430] - eth_getBlockByHash
[2025/09/27 18:25:39.443] - eth_call
[2025/09/27 18:25:39.450] - eth_call
[2025/09/27 18:25:39.457] - eth_call
[2025/09/27 18:25:39.458] - eth_call
[2025/09/27 18:25:51.634] - eth_blockNumber
[2025/09/27 18:25:51.639] - eth_estimateGas
[2025/09/27 18:25:51.659] - eth_getCode
[2025/09/27 18:25:51.660] - eth_getCode
[2025/09/27 18:25:51.916] - eth_gasPrice
[2025/09/27 18:25:51.925] - eth_call
[2025/09/27 18:25:51.934] - eth_call
[2025/09/27 18:25:52.002] - eth_call
[2025/09/27 18:25:52.010] - eth_call
[2025/09/27 18:25:52.608] - eth_blockNumber
[2025/09/27 18:25:52.667] - eth_call
[2025/09/27 18:25:52.678] - eth_call
[2025/09/27 18:25:52.688] - eth_call
[2025/09/27 18:25:52.689] - eth_call
[2025/09/27 18:25:54.307] - eth_getTransactionCount
[2025/09/27 18:25:54.325] - eth_sendRawTransaction
[2025/09/27 18:25:54.335] - 
  Transaction: 0x8c2d4fda69b5288b9b345c6f01e67351024b8f9f25d4418bed196572e4649679
  Gas usage: 32804
  Block number: 55
  Block time: Sat Sep 27 2025 18:25:54 GMT+0100 (heure normale d’Afrique de l’Ouest)

[2025/09/27 18:25:54.338] - eth_getBlockByNumber
[2025/09/27 18:25:54.347] - eth_call
[2025/09/27 18:25:54.351] - eth_getTransactionReceipt
[2025/09/27 18:25:54.355] - eth_call
[2025/09/27 18:25:54.357] - eth_blockNumber
[2025/09/27 18:25:54.363] - eth_getBlockByNumber
[2025/09/27 18:25:54.369] - eth_call
[2025/09/27 18:25:54.370] - eth_call
[2025/09/27 18:25:54.373] - eth_call
[2025/09/27 18:25:54.374] - eth_getBalance
[2025/09/27 18:25:54.376] - eth_getBalance
[2025/09/27 18:25:54.377] - eth_getBalance
[2025/09/27 18:25:54.385] - eth_getBalance
[2025/09/27 18:25:54.403] - eth_getTransactionCount
[2025/09/27 18:25:54.404] - eth_call
[2025/09/27 18:25:54.424] - eth_call
[2025/09/27 18:25:54.447] - eth_getBalance
[2025/09/27 18:25:54.478] - eth_getTransactionCount
[2025/09/27 18:25:54.497] - eth_call
[2025/09/27 18:25:54.515] - eth_call
[2025/09/27 18:25:54.516] - eth_getBalance
[2025/09/27 18:25:54.535] - eth_getTransactionCount
[2025/09/27 18:25:54.552] - eth_getBalance
[2025/09/27 18:25:54.568] - eth_getTransactionCount
[2025/09/27 18:25:54.584] - eth_getBalance
[2025/09/27 18:25:54.600] - eth_getTransactionCount
[2025/09/27 18:25:54.616] - eth_getBalance
[2025/09/27 18:25:54.653] - eth_getTransactionCount
[2025/09/27 18:25:54.677] - eth_getBalance
[2025/09/27 18:25:54.694] - eth_getTransactionCount
[2025/09/27 18:25:54.716] - eth_getBalance
[2025/09/27 18:25:54.734] - eth_getTransactionCount
[2025/09/27 18:25:54.766] - eth_getBalance
[2025/09/27 18:25:54.784] - eth_getTransactionCount
[2025/09/27 18:25:54.808] - eth_getBalance
[2025/09/27 18:25:54.822] - eth_getTransactionCount
[2025/09/27 18:25:57.349] - eth_getTransactionReceipt
[2025/09/27 18:25:57.352] - eth_getBlockByHash
[2025/09/27 18:25:57.364] - eth_call
[2025/09/27 18:25:57.371] - eth_call
[2025/09/27 18:25:57.379] - eth_call
[2025/09/27 18:25:57.380] - eth_call
[2025/09/27 18:25:58.377] - eth_call
[2025/09/27 18:25:58.395] - eth_call
[2025/09/27 18:25:58.418] - eth_blockNumber
[2025/09/27 18:25:58.430] - eth_getLogs
[2025/09/27 18:25:58.448] - eth_getBlockByNumber
[2025/09/27 18:25:58.455] - eth_getBlockByNumber
[2025/09/27 18:25:58.469] - eth_getBlockByNumber
[2025/09/27 18:25:58.479] - eth_getBlockByNumber
[2025/09/27 18:25:58.488] - eth_getLogs
[2025/09/27 18:25:58.497] - eth_getBlockByNumber
[2025/09/27 18:26:07.036] - eth_blockNumber
[2025/09/27 18:26:07.360] - eth_gasPrice
[2025/09/27 18:26:13.290] - eth_getBlockByNumber
[2025/09/27 18:26:13.311] - eth_getBlockByNumber
[2025/09/27 18:26:13.321] - eth_getBlockByNumber
[2025/09/27 18:26:13.328] - eth_getBlockByNumber
[2025/09/27 18:26:13.338] - eth_getBlockByNumber
[2025/09/27 18:26:14.699] - eth_getBlockByNumber
[2025/09/27 18:26:14.707] - eth_getBlockByNumber
[2025/09/27 18:26:14.720] - eth_getBlockByNumber
[2025/09/27 18:26:14.725] - eth_getBlockByNumber
[2025/09/27 18:26:14.732] - eth_getBlockByNumber
[2025/09/27 18:26:16.636] - eth_call
[2025/09/27 18:26:16.678] - eth_call
[2025/09/27 18:26:16.684] - eth_call
[2025/09/27 18:26:16.710] - eth_call
[2025/09/27 18:26:16.718] - eth_getBlockByNumber
[2025/09/27 18:26:16.724] - eth_getBlockByNumber
[2025/09/27 18:26:16.726] - eth_call
[2025/09/27 18:26:16.730] - eth_getBlockByNumber
[2025/09/27 18:26:16.735] - eth_getBlockByNumber
[2025/09/27 18:26:16.751] - eth_call
[2025/09/27 18:26:16.754] - eth_getBlockByNumber
[2025/09/27 18:26:16.772] - eth_call
[2025/09/27 18:26:18.613] - eth_estimateGas
[2025/09/27 18:26:36.657] - eth_blockNumber
[2025/09/27 18:26:40.155] - eth_estimateGas
[2025/09/27 18:28:15.380] - eth_blockNumber
[2025/09/27 18:28:15.445] - eth_getBlockByNumber
[2025/09/27 18:28:15.463] - eth_getBlockByNumber
[2025/09/27 18:28:15.483] - eth_getBlockByNumber
[2025/09/27 18:28:15.498] - eth_getBlockByNumber
[2025/09/27 18:28:15.548] - eth_getBlockByNumber
[2025/09/27 18:28:19.501] - eth_estimateGas
[2025/09/27 18:28:19.691] - eth_getCode
[2025/09/27 18:28:19.693] - eth_getCode
[2025/09/27 18:28:19.934] - eth_call
[2025/09/27 18:28:19.943] - eth_call
[2025/09/27 18:28:20.019] - eth_call
[2025/09/27 18:28:20.020] - eth_call
[2025/09/27 18:28:20.612] - eth_blockNumber
[2025/09/27 18:28:20.704] - eth_call
[2025/09/27 18:28:20.717] - eth_call
[2025/09/27 18:28:20.729] - eth_call
[2025/09/27 18:28:20.730] - eth_call
[2025/09/27 18:28:20.767] - eth_call
[2025/09/27 18:28:20.775] - eth_call
[2025/09/27 18:28:20.783] - eth_call
[2025/09/27 18:28:20.783] - eth_call
[2025/09/27 18:28:28.469] - eth_call
[2025/09/27 18:28:28.479] - eth_call
[2025/09/27 18:28:28.488] - eth_call
[2025/09/27 18:28:28.490] - eth_call
[2025/09/27 18:28:33.934] - eth_getBlockByNumber
[2025/09/27 18:28:33.940] - eth_getBlockByNumber
[2025/09/27 18:28:33.948] - eth_getBlockByNumber
[2025/09/27 18:28:33.954] - eth_getBlockByNumber
[2025/09/27 18:28:33.965] - eth_getBlockByNumber
[2025/09/27 18:28:43.065] - eth_call
[2025/09/27 18:28:43.076] - eth_call
[2025/09/27 18:28:43.140] - eth_call
[2025/09/27 18:28:43.145] - eth_call
[2025/09/27 18:28:43.739] - eth_blockNumber
[2025/09/27 18:28:43.799] - eth_call
[2025/09/27 18:28:43.808] - eth_call
[2025/09/27 18:28:43.819] - eth_call
[2025/09/27 18:28:43.821] - eth_call
[2025/09/27 18:29:03.754] - eth_blockNumber
[2025/09/27 18:29:23.768] - eth_blockNumber
[2025/09/27 18:29:43.777] - eth_blockNumber
[2025/09/27 18:30:03.794] - eth_blockNumber
[2025/09/27 18:30:23.803] - eth_blockNumber
[2025/09/27 18:30:43.819] - eth_blockNumber
[2025/09/27 18:31:03.836] - eth_blockNumber
[2025/09/27 18:31:23.850] - eth_blockNumber
[2025/09/27 18:31:43.870] - eth_blockNumber
[2025/09/27 18:32:03.881] - eth_blockNumber
[2025/09/27 18:32:23.898] - eth_blockNumber
[2025/09/27 18:32:43.904] - eth_blockNumber
[2025/09/27 18:33:03.912] - eth_blockNumber
[2025/09/27 18:33:23.924] - eth_blockNumber
[2025/09/27 18:33:43.944] - eth_blockNumber
[2025/09/27 18:34:03.955] - eth_blockNumber
[2025/09/27 18:34:23.968] - eth_blockNumber
[2025/09/27 18:34:43.975] - eth_blockNumber
[2025/09/27 18:35:03.995] - eth_blockNumber
[2025/09/27 18:35:23.999] - eth_blockNumber
[2025/09/27 18:35:44.015] - eth_blockNumber
[2025/09/27 18:36:04.035] - eth_blockNumber
[2025/09/27 18:36:16.288] - eth_blockNumber
[2025/09/27 18:36:16.302] - net_version
[2025/09/27 18:36:16.305] - eth_accounts
[2025/09/27 18:36:16.318] - eth_getBlockByNumber
[2025/09/27 18:36:16.323] - eth_accounts
[2025/09/27 18:36:16.344] - eth_getBlockByNumber
[2025/09/27 18:36:16.348] - eth_getBlockByNumber
[2025/09/27 18:36:16.352] - eth_getBlockByNumber
[2025/09/27 18:36:16.364] - eth_estimateGas
[2025/09/27 18:36:16.400] - eth_getBlockByNumber
[2025/09/27 18:36:16.401] - eth_blockNumber
[2025/09/27 18:36:16.405] - eth_sendTransaction
[2025/09/27 18:36:16.414] - 
  Transaction: 0x5bbfe2b8482688f5462646ff9537aae6d20b021b3ec5d3e207415003283f89bf
  Contract created: 0x82d78c7814f675515612ebdf97a88ebe4afa6af4
  Gas usage: 865531
  Block number: 56
  Block time: Sat Sep 27 2025 18:36:16 GMT+0100 (heure normale d’Afrique de l’Ouest)

[2025/09/27 18:36:16.416] - eth_getBlockByNumber
[2025/09/27 18:36:16.419] - eth_getTransactionReceipt
[2025/09/27 18:36:16.422] - eth_getCode
[2025/09/27 18:36:16.429] - eth_getTransactionByHash
[2025/09/27 18:36:16.432] - eth_getBlockByNumber
[2025/09/27 18:36:16.435] - eth_getBalance
[2025/09/27 18:36:16.459] - eth_getBalance
[2025/09/27 18:36:16.484] - eth_getTransactionCount
[2025/09/27 18:36:16.519] - eth_getBalance
[2025/09/27 18:36:16.543] - eth_getTransactionCount
[2025/09/27 18:36:16.556] - eth_getBalance
[2025/09/27 18:36:16.569] - eth_getTransactionCount
[2025/09/27 18:36:16.585] - eth_getBalance
[2025/09/27 18:36:16.605] - eth_getTransactionCount
[2025/09/27 18:36:16.622] - eth_getBalance
[2025/09/27 18:36:16.635] - eth_getTransactionCount
[2025/09/27 18:36:16.647] - eth_getBalance
[2025/09/27 18:36:16.659] - eth_getTransactionCount
[2025/09/27 18:36:16.672] - eth_getBalance
[2025/09/27 18:36:16.695] - eth_getTransactionCount
[2025/09/27 18:36:16.709] - eth_getBalance
[2025/09/27 18:36:16.721] - eth_getTransactionCount
[2025/09/27 18:36:16.734] - eth_getBalance
[2025/09/27 18:36:16.746] - eth_getTransactionCount
[2025/09/27 18:36:16.757] - eth_getBalance
[2025/09/27 18:36:16.770] - eth_getTransactionCount
[2025/09/27 18:36:24.045] - eth_blockNumber
[2025/09/27 18:36:24.049] - eth_getBlockByNumber
[2025/09/27 18:36:24.055] - eth_getBalance
[2025/09/27 18:36:24.056] - eth_getBalance
[2025/09/27 18:36:24.057] - eth_getBalance
[2025/09/27 18:36:24.347] - eth_gasPrice
[2025/09/27 18:36:26.739] - eth_call
[2025/09/27 18:36:26.748] - eth_blockNumber
[2025/09/27 18:36:26.756] - eth_getLogs
[2025/09/27 18:36:26.766] - eth_getBlockByNumber
[2025/09/27 18:36:26.773] - eth_getBlockByNumber
[2025/09/27 18:36:26.780] - eth_getBlockByNumber
[2025/09/27 18:36:26.787] - eth_getBlockByNumber
[2025/09/27 18:36:26.793] - eth_getLogs
[2025/09/27 18:36:26.802] - eth_getBlockByNumber
[2025/09/27 18:36:27.792] - eth_call
[2025/09/27 18:36:27.799] - eth_call
[2025/09/27 18:36:27.814] - eth_call
[2025/09/27 18:36:27.828] - eth_call
[2025/09/27 18:36:27.841] - eth_call
[2025/09/27 18:36:32.509] - eth_call
[2025/09/27 18:36:32.519] - eth_call
[2025/09/27 18:36:32.529] - eth_call
[2025/09/27 18:36:32.531] - eth_call
[2025/09/27 18:36:32.602] - eth_getCode
[2025/09/27 18:36:33.702] - eth_call
[2025/09/27 18:36:33.709] - eth_call
[2025/09/27 18:36:33.718] - eth_call
[2025/09/27 18:36:33.719] - eth_call
[2025/09/27 18:36:39.632] - eth_getBlockByNumber
[2025/09/27 18:36:39.639] - eth_getBlockByNumber
[2025/09/27 18:36:39.649] - eth_getBlockByNumber
[2025/09/27 18:36:39.655] - eth_getBlockByNumber
[2025/09/27 18:36:39.662] - eth_getBlockByNumber
[2025/09/27 18:36:43.546] - eth_call
[2025/09/27 18:36:43.560] - eth_call
[2025/09/27 18:36:43.571] - eth_call
[2025/09/27 18:36:43.590] - eth_call
[2025/09/27 18:36:43.617] - eth_getBlockByNumber
[2025/09/27 18:36:43.618] - eth_call
[2025/09/27 18:36:43.627] - eth_getBlockByNumber
[2025/09/27 18:36:43.637] - eth_call
[2025/09/27 18:36:43.639] - eth_getBlockByNumber
[2025/09/27 18:36:43.649] - eth_getBlockByNumber
[2025/09/27 18:36:43.653] - eth_call
[2025/09/27 18:36:43.657] - eth_getBlockByNumber
[2025/09/27 18:36:52.206] - eth_estimateGas
[2025/09/27 18:36:52.247] - eth_getCode
[2025/09/27 18:36:52.655] - eth_call
[2025/09/27 18:36:52.667] - eth_call
[2025/09/27 18:36:52.733] - eth_call
[2025/09/27 18:36:52.742] - eth_call
[2025/09/27 18:36:53.304] - eth_blockNumber
[2025/09/27 18:36:53.367] - eth_call
[2025/09/27 18:36:53.377] - eth_call
[2025/09/27 18:36:53.388] - eth_call
[2025/09/27 18:36:53.390] - eth_call
[2025/09/27 18:36:56.597] - eth_getTransactionCount
[2025/09/27 18:36:56.618] - eth_sendRawTransaction
[2025/09/27 18:36:56.635] - 
  Transaction: 0xd1fc9a3f23984b33669523513fd6db1f7abb400120d285f38bbfa3287ddb3a93
  Gas usage: 210125
  Block number: 57
  Block time: Sat Sep 27 2025 18:36:56 GMT+0100 (heure normale d’Afrique de l’Ouest)

[2025/09/27 18:36:56.637] - eth_getBlockByNumber
[2025/09/27 18:36:56.648] - eth_call
[2025/09/27 18:36:56.657] - eth_getTransactionReceipt
[2025/09/27 18:36:56.666] - eth_blockNumber
[2025/09/27 18:36:56.672] - eth_getBlockByNumber
[2025/09/27 18:36:56.685] - eth_call
[2025/09/27 18:36:56.690] - eth_getBalance
[2025/09/27 18:36:56.692] - eth_getBalance
[2025/09/27 18:36:56.692] - eth_getBalance
[2025/09/27 18:36:56.696] - eth_call
[2025/09/27 18:36:56.708] - eth_call
[2025/09/27 18:36:56.709] - eth_call
[2025/09/27 18:36:56.715] - eth_call
[2025/09/27 18:36:56.722] - eth_getBalance
[2025/09/27 18:36:56.750] - eth_call
[2025/09/27 18:36:56.756] - eth_getTransactionCount
[2025/09/27 18:36:56.789] - eth_getBalance
[2025/09/27 18:36:56.808] - eth_call
[2025/09/27 18:36:56.820] - eth_getTransactionCount
[2025/09/27 18:36:56.830] - eth_call
[2025/09/27 18:36:56.845] - eth_call
[2025/09/27 18:36:56.848] - eth_getBalance
[2025/09/27 18:36:56.870] - eth_getTransactionCount
[2025/09/27 18:36:56.888] - eth_getBalance
[2025/09/27 18:36:56.906] - eth_getTransactionCount
[2025/09/27 18:36:56.938] - eth_getBalance
[2025/09/27 18:36:56.964] - eth_getTransactionCount
[2025/09/27 18:36:56.980] - eth_getBalance
[2025/09/27 18:36:57.001] - eth_getTransactionCount
[2025/09/27 18:36:57.023] - eth_getBalance
[2025/09/27 18:36:57.057] - eth_getTransactionCount
[2025/09/27 18:36:57.085] - eth_getBalance
[2025/09/27 18:36:57.103] - eth_getTransactionCount
[2025/09/27 18:36:57.118] - eth_getBalance
[2025/09/27 18:36:57.132] - eth_getTransactionCount
[2025/09/27 18:36:57.166] - eth_getBalance
[2025/09/27 18:36:57.191] - eth_getTransactionCount
[2025/09/27 18:36:59.646] - eth_getTransactionReceipt
[2025/09/27 18:36:59.650] - eth_getBlockByHash
[2025/09/27 18:36:59.666] - eth_call
[2025/09/27 18:36:59.673] - eth_call
[2025/09/27 18:36:59.681] - eth_call
[2025/09/27 18:36:59.682] - eth_call
[2025/09/27 18:37:01.971] - eth_call
[2025/09/27 18:37:08.674] - eth_blockNumber
[2025/09/27 18:37:08.680] - eth_estimateGas
[2025/09/27 18:37:08.701] - eth_getCode
[2025/09/27 18:37:08.702] - eth_getCode
[2025/09/27 18:37:08.965] - eth_gasPrice
[2025/09/27 18:37:08.975] - eth_call
[2025/09/27 18:37:08.984] - eth_call
[2025/09/27 18:37:09.050] - eth_call
[2025/09/27 18:37:09.059] - eth_call
[2025/09/27 18:37:09.637] - eth_blockNumber
[2025/09/27 18:37:09.690] - eth_call
[2025/09/27 18:37:09.703] - eth_call
[2025/09/27 18:37:09.714] - eth_call
[2025/09/27 18:37:09.715] - eth_call
[2025/09/27 18:37:11.365] - eth_getTransactionCount
[2025/09/27 18:37:11.383] - eth_sendRawTransaction
[2025/09/27 18:37:11.392] - 
  Transaction: 0xc525d81ad411cf9de9c873a02ed28a44f0515171930c48e30d42e6de732572cb
  Gas usage: 32804
  Block number: 58
  Block time: Sat Sep 27 2025 18:37:11 GMT+0100 (heure normale d’Afrique de l’Ouest)

[2025/09/27 18:37:11.394] - eth_getBlockByNumber
[2025/09/27 18:37:11.406] - eth_call
[2025/09/27 18:37:11.409] - eth_getTransactionReceipt
[2025/09/27 18:37:11.417] - eth_blockNumber
[2025/09/27 18:37:11.418] - eth_call
[2025/09/27 18:37:11.421] - eth_getBlockByNumber
[2025/09/27 18:37:11.425] - eth_call
[2025/09/27 18:37:11.430] - eth_getBalance
[2025/09/27 18:37:11.431] - eth_getBalance
[2025/09/27 18:37:11.432] - eth_getBalance
[2025/09/27 18:37:11.433] - eth_call
[2025/09/27 18:37:11.436] - eth_call
[2025/09/27 18:37:11.442] - eth_call
[2025/09/27 18:37:11.450] - eth_getBalance
[2025/09/27 18:37:11.460] - eth_call
[2025/09/27 18:37:11.471] - eth_getTransactionCount
[2025/09/27 18:37:11.473] - eth_call
[2025/09/27 18:37:11.499] - eth_call
[2025/09/27 18:37:11.506] - eth_getBalance
[2025/09/27 18:37:11.543] - eth_getTransactionCount
[2025/09/27 18:37:11.548] - eth_call
[2025/09/27 18:37:11.568] - eth_getBalance
[2025/09/27 18:37:11.588] - eth_getTransactionCount
[2025/09/27 18:37:11.606] - eth_getBalance
[2025/09/27 18:37:11.623] - eth_getTransactionCount
[2025/09/27 18:37:11.641] - eth_getBalance
[2025/09/27 18:37:11.677] - eth_getTransactionCount
[2025/09/27 18:37:11.703] - eth_getBalance
[2025/09/27 18:37:11.721] - eth_getTransactionCount
[2025/09/27 18:37:11.745] - eth_getBalance
[2025/09/27 18:37:11.765] - eth_getTransactionCount
[2025/09/27 18:37:11.804] - eth_getBalance
[2025/09/27 18:37:11.838] - eth_getTransactionCount
[2025/09/27 18:37:11.856] - eth_getBalance
[2025/09/27 18:37:11.874] - eth_getTransactionCount
[2025/09/27 18:37:11.889] - eth_getBalance
[2025/09/27 18:37:11.904] - eth_getTransactionCount
[2025/09/27 18:37:14.413] - eth_getTransactionReceipt
[2025/09/27 18:37:14.417] - eth_getBlockByHash
[2025/09/27 18:37:14.428] - eth_call
[2025/09/27 18:37:14.435] - eth_call
[2025/09/27 18:37:14.442] - eth_call
[2025/09/27 18:37:14.442] - eth_call
[2025/09/27 18:37:17.422] - eth_blockNumber
[2025/09/27 18:37:17.547] - eth_gasPrice
[2025/09/27 18:37:22.176] - eth_call
[2025/09/27 18:37:22.179] - eth_blockNumber
[2025/09/27 18:37:22.197] - eth_getLogs
[2025/09/27 18:37:22.214] - eth_getBlockByNumber
[2025/09/27 18:37:22.240] - eth_getBlockByNumber
[2025/09/27 18:37:22.246] - eth_getBlockByNumber
[2025/09/27 18:37:22.251] - eth_getBlockByNumber
[2025/09/27 18:37:22.257] - eth_getBlockByNumber
[2025/09/27 18:37:22.264] - eth_getLogs
[2025/09/27 18:37:22.272] - eth_getBlockByNumber
[2025/09/27 18:37:26.785] - eth_estimateGas
[2025/09/27 18:37:26.820] - eth_getCode
[2025/09/27 18:37:26.821] - eth_getCode
[2025/09/27 18:37:26.838] - eth_call
[2025/09/27 18:37:26.857] - eth_call
[2025/09/27 18:37:26.942] - eth_call
[2025/09/27 18:37:26.943] - eth_call
[2025/09/27 18:37:27.605] - eth_blockNumber
[2025/09/27 18:37:27.669] - eth_call
[2025/09/27 18:37:27.680] - eth_call
[2025/09/27 18:37:27.689] - eth_call
[2025/09/27 18:37:27.690] - eth_call
[2025/09/27 18:37:27.730] - eth_call
[2025/09/27 18:37:27.738] - eth_call
[2025/09/27 18:37:27.747] - eth_call
[2025/09/27 18:37:27.747] - eth_call
[2025/09/27 18:37:41.272] - eth_call
[2025/09/27 18:37:41.312] - eth_call
[2025/09/27 18:37:41.316] - eth_call
[2025/09/27 18:37:41.340] - eth_call
[2025/09/27 18:37:41.349] - eth_getBlockByNumber
[2025/09/27 18:37:41.356] - eth_call
[2025/09/27 18:37:41.362] - eth_getBlockByNumber
[2025/09/27 18:37:41.375] - eth_getBlockByNumber
[2025/09/27 18:37:41.377] - eth_call
[2025/09/27 18:37:41.383] - eth_getBlockByNumber
[2025/09/27 18:37:41.391] - eth_getBlockByNumber
[2025/09/27 18:37:41.396] - eth_call
[2025/09/27 18:37:41.428] - eth_getBlockByNumber
[2025/09/27 18:37:41.432] - eth_call
[2025/09/27 18:37:47.627] - eth_blockNumber
[2025/09/27 18:37:48.633] - eth_estimateGas
[2025/09/27 18:37:49.100] - eth_getCode
[2025/09/27 18:37:49.112] - eth_call
[2025/09/27 18:37:49.119] - eth_call
[2025/09/27 18:37:49.131] - eth_call
[2025/09/27 18:37:49.134] - eth_call
[2025/09/27 18:38:07.637] - eth_blockNumber
[2025/09/27 18:38:27.649] - eth_blockNumber
[2025/09/27 18:38:47.670] - eth_blockNumber
[2025/09/27 18:39:07.678] - eth_blockNumber
[2025/09/27 18:39:27.697] - eth_blockNumber
[2025/09/27 18:39:47.708] - eth_blockNumber
[2025/09/27 18:40:07.717] - eth_blockNumber
[2025/09/27 18:40:18.746] - eth_call
[2025/09/27 18:40:18.766] - eth_call
[2025/09/27 18:40:18.782] - eth_call
[2025/09/27 18:40:18.786] - eth_call
[2025/09/27 18:40:27.726] - eth_blockNumber
[2025/09/27 18:40:42.434] - eth_call
[2025/09/27 18:40:42.480] - eth_call
[2025/09/27 18:40:42.487] - eth_call
[2025/09/27 18:40:42.488] - eth_call
[2025/09/27 18:40:42.544] - eth_call
[2025/09/27 18:40:42.554] - eth_call
[2025/09/27 18:40:42.563] - eth_call
[2025/09/27 18:40:42.564] - eth_call
[2025/09/27 18:40:44.073] - eth_call
[2025/09/27 18:40:44.081] - eth_call
[2025/09/27 18:40:44.089] - eth_call
[2025/09/27 18:40:44.089] - eth_call
[2025/09/27 18:40:44.142] - eth_call
[2025/09/27 18:40:44.154] - eth_call
[2025/09/27 18:40:44.165] - eth_call
[2025/09/27 18:40:44.167] - eth_call
[2025/09/27 18:40:47.430] - eth_call
[2025/09/27 18:40:47.437] - eth_call
[2025/09/27 18:40:47.445] - eth_call
[2025/09/27 18:40:47.446] - eth_call
[2025/09/27 18:41:26.677] - eth_blockNumber
[2025/09/27 18:41:26.761] - eth_getBlockByNumber
[2025/09/27 18:41:26.785] - eth_getBlockByNumber
[2025/09/27 18:41:26.804] - eth_getBlockByNumber
[2025/09/27 18:41:26.823] - eth_getBlockByNumber
[2025/09/27 18:41:26.834] - eth_getBlockByNumber
[2025/09/27 18:41:26.853] - eth_getBlockByNumber
[2025/09/27 18:42:09.009] - eth_blockNumber
[2025/09/27 18:42:09.022] - net_version
[2025/09/27 18:42:09.025] - eth_accounts
[2025/09/27 18:42:09.043] - eth_getBlockByNumber
[2025/09/27 18:42:09.049] - eth_accounts
[2025/09/27 18:42:09.069] - eth_getBlockByNumber
[2025/09/27 18:42:09.072] - eth_getBlockByNumber
[2025/09/27 18:42:09.075] - eth_getBlockByNumber
[2025/09/27 18:42:09.085] - eth_estimateGas
[2025/09/27 18:42:09.121] - eth_getBlockByNumber
[2025/09/27 18:42:09.123] - eth_blockNumber
[2025/09/27 18:42:09.127] - eth_sendTransaction
[2025/09/27 18:42:09.138] - 
  Transaction: 0xb5fb5594cc11910479309816cbadc05438247a68565eb9631947a6f75192ae12
  Contract created: 0x49e47c83aa035cf72ee79b546c5f5424492502a7
  Gas usage: 865543
  Block number: 59
  Block time: Sat Sep 27 2025 18:42:09 GMT+0100 (heure normale d’Afrique de l’Ouest)

[2025/09/27 18:42:09.140] - eth_getBlockByNumber
[2025/09/27 18:42:09.142] - eth_getTransactionReceipt
[2025/09/27 18:42:09.146] - eth_getCode
[2025/09/27 18:42:09.152] - eth_getTransactionByHash
[2025/09/27 18:42:09.156] - eth_getBlockByNumber
[2025/09/27 18:42:09.158] - eth_getBalance
[2025/09/27 18:42:09.198] - eth_getBalance
[2025/09/27 18:42:09.221] - eth_getTransactionCount
[2025/09/27 18:42:09.235] - eth_getBalance
[2025/09/27 18:42:09.249] - eth_getTransactionCount
[2025/09/27 18:42:09.262] - eth_getBalance
[2025/09/27 18:42:09.278] - eth_getTransactionCount
[2025/09/27 18:42:09.297] - eth_getBalance
[2025/09/27 18:42:09.322] - eth_getTransactionCount
[2025/09/27 18:42:09.348] - eth_getBalance
[2025/09/27 18:42:09.363] - eth_getTransactionCount
[2025/09/27 18:42:09.377] - eth_getBalance
[2025/09/27 18:42:09.392] - eth_getTransactionCount
[2025/09/27 18:42:09.418] - eth_getBalance
[2025/09/27 18:42:09.436] - eth_getTransactionCount
[2025/09/27 18:42:09.460] - eth_getBalance
[2025/09/27 18:42:09.474] - eth_getTransactionCount
[2025/09/27 18:42:09.489] - eth_getBalance
[2025/09/27 18:42:09.504] - eth_getTransactionCount
[2025/09/27 18:42:09.530] - eth_getBalance
[2025/09/27 18:42:09.549] - eth_getTransactionCount
[2025/09/27 18:42:15.998] - eth_blockNumber
[2025/09/27 18:42:16.008] - eth_call
[2025/09/27 18:42:16.024] - eth_call
[2025/09/27 18:42:16.036] - eth_call
[2025/09/27 18:42:16.054] - eth_call
[2025/09/27 18:42:16.057] - eth_blockNumber
[2025/09/27 18:42:16.071] - eth_getLogs
[2025/09/27 18:42:16.073] - eth_call
[2025/09/27 18:42:16.081] - eth_getBlockByNumber
[2025/09/27 18:42:16.091] - eth_call
[2025/09/27 18:42:16.094] - eth_getBlockByNumber
[2025/09/27 18:42:16.100] - eth_getBlockByNumber
[2025/09/27 18:42:16.108] - eth_call
[2025/09/27 18:42:16.109] - eth_getBlockByNumber
[2025/09/27 18:42:16.116] - eth_getBlockByNumber
[2025/09/27 18:42:16.125] - eth_getLogs
[2025/09/27 18:42:16.129] - eth_call
[2025/09/27 18:42:16.144] - eth_getBlockByNumber
[2025/09/27 18:42:19.144] - eth_estimateGas
[2025/09/27 18:42:29.040] - eth_getBlockByNumber
[2025/09/27 18:42:29.072] - eth_getBlockByNumber
[2025/09/27 18:42:29.097] - eth_getBlockByNumber
[2025/09/27 18:42:29.110] - eth_getBlockByNumber
[2025/09/27 18:42:29.122] - eth_getBlockByNumber
[2025/09/27 18:42:29.170] - eth_getBlockByNumber
[2025/09/27 18:42:31.659] - eth_estimateGas
[2025/09/27 18:42:31.829] - eth_getCode
[2025/09/27 18:42:31.830] - eth_getCode
[2025/09/27 18:42:32.227] - eth_gasPrice
[2025/09/27 18:42:32.236] - eth_getBalance
[2025/09/27 18:42:32.237] - eth_call
[2025/09/27 18:42:32.250] - eth_call
[2025/09/27 18:42:32.312] - eth_call
[2025/09/27 18:42:32.317] - eth_call
[2025/09/27 18:42:32.345] - eth_getBalance
[2025/09/27 18:42:32.347] - eth_getBalance
[2025/09/27 18:42:33.142] - eth_blockNumber
[2025/09/27 18:42:33.241] - eth_call
[2025/09/27 18:42:33.255] - eth_call
[2025/09/27 18:42:33.266] - eth_call
[2025/09/27 18:42:33.266] - eth_call
[2025/09/27 18:42:44.649] - eth_call
[2025/09/27 18:42:44.658] - eth_call
[2025/09/27 18:42:44.667] - eth_call
[2025/09/27 18:42:44.669] - eth_call
[2025/09/27 18:44:40.755] - eth_blockNumber
[2025/09/27 18:44:40.819] - eth_getBlockByNumber
[2025/09/27 18:44:40.864] - eth_getBlockByNumber
[2025/09/27 18:44:40.889] - eth_getBlockByNumber
[2025/09/27 18:44:40.895] - eth_getBlockByNumber
[2025/09/27 18:44:40.903] - eth_getBlockByNumber
[2025/09/27 18:44:40.916] - eth_getBlockByNumber
[2025/09/27 18:44:52.200] - eth_getBlockByNumber
[2025/09/27 18:44:52.235] - eth_getBlockByNumber
[2025/09/27 18:44:52.271] - eth_getBlockByNumber
[2025/09/27 18:44:52.285] - eth_getBlockByNumber
[2025/09/27 18:44:52.297] - eth_getBlockByNumber
[2025/09/27 18:44:52.318] - eth_getBlockByNumber
[2025/09/27 18:44:55.721] - eth_estimateGas
[2025/09/27 18:44:59.500] - eth_estimateGas
[2025/09/27 18:46:27.132] - eth_blockNumber
[2025/09/27 18:46:27.144] - net_version
[2025/09/27 18:46:27.147] - eth_accounts
[2025/09/27 18:46:27.160] - eth_getBlockByNumber
[2025/09/27 18:46:27.164] - eth_accounts
[2025/09/27 18:46:27.191] - eth_getBlockByNumber
[2025/09/27 18:46:27.194] - eth_getBlockByNumber
[2025/09/27 18:46:27.197] - eth_getBlockByNumber
[2025/09/27 18:46:27.207] - eth_estimateGas
[2025/09/27 18:46:27.242] - eth_getBlockByNumber
[2025/09/27 18:46:27.243] - eth_blockNumber
[2025/09/27 18:46:27.247] - eth_sendTransaction
[2025/09/27 18:46:27.255] - 
  Transaction: 0x38a0fb027fdcb7e3906bea04651d9ea0a920f34cf0440a252cc4d6cb864b3545
  Contract created: 0x8c95bf05d6ab0e5ee71788341b3268020edbc213
  Gas usage: 865543
  Block number: 60
  Block time: Sat Sep 27 2025 18:46:27 GMT+0100 (heure normale d’Afrique de l’Ouest)

[2025/09/27 18:46:27.257] - eth_getBlockByNumber
[2025/09/27 18:46:27.260] - eth_getTransactionReceipt
[2025/09/27 18:46:27.264] - eth_getCode
[2025/09/27 18:46:27.269] - eth_getTransactionByHash
[2025/09/27 18:46:27.272] - eth_getBlockByNumber
[2025/09/27 18:46:27.275] - eth_getBalance
[2025/09/27 18:46:27.326] - eth_getBalance
[2025/09/27 18:46:27.348] - eth_getTransactionCount
[2025/09/27 18:46:27.364] - eth_getBalance
[2025/09/27 18:46:27.386] - eth_getTransactionCount
[2025/09/27 18:46:27.410] - eth_getBalance
[2025/09/27 18:46:27.440] - eth_getTransactionCount
[2025/09/27 18:46:27.456] - eth_getBalance
[2025/09/27 18:46:27.473] - eth_getTransactionCount
[2025/09/27 18:46:27.489] - eth_getBalance
[2025/09/27 18:46:27.522] - eth_getTransactionCount
[2025/09/27 18:46:27.538] - eth_getBalance
[2025/09/27 18:46:27.562] - eth_getTransactionCount
[2025/09/27 18:46:27.578] - eth_getBalance
[2025/09/27 18:46:27.594] - eth_getTransactionCount
[2025/09/27 18:46:27.627] - eth_getBalance
[2025/09/27 18:46:27.653] - eth_getTransactionCount
[2025/09/27 18:46:27.673] - eth_getBalance
[2025/09/27 18:46:27.690] - eth_getTransactionCount
[2025/09/27 18:46:27.706] - eth_getBalance
[2025/09/27 18:46:27.720] - eth_getTransactionCount
[2025/09/27 18:46:34.708] - eth_blockNumber
[2025/09/27 18:46:34.712] - eth_call
[2025/09/27 18:46:34.724] - eth_call
[2025/09/27 18:46:34.736] - eth_call
[2025/09/27 18:46:34.748] - eth_call
[2025/09/27 18:46:34.760] - eth_call
[2025/09/27 18:46:34.774] - eth_call
[2025/09/27 18:46:36.805] - eth_blockNumber
[2025/09/27 18:46:36.810] - eth_estimateGas
[2025/09/27 18:46:53.775] - eth_call
[2025/09/27 18:46:53.803] - eth_call
[2025/09/27 18:46:53.846] - eth_getLogs
[2025/09/27 18:46:53.875] - eth_getBlockByNumber
[2025/09/27 18:46:53.929] - eth_getBlockByNumber
[2025/09/27 18:46:53.945] - eth_getBlockByNumber
[2025/09/27 18:46:53.967] - eth_getBlockByNumber
[2025/09/27 18:46:53.983] - eth_getBlockByNumber
[2025/09/27 18:46:53.996] - eth_getLogs
[2025/09/27 18:46:54.005] - eth_getBlockByNumber
[2025/09/27 18:46:56.893] - eth_blockNumber
[2025/09/27 18:46:56.906] - eth_estimateGas
[2025/09/27 18:46:57.080] - eth_getCode
[2025/09/27 18:46:57.081] - eth_getCode
[2025/09/27 18:46:57.859] - eth_gasPrice
[2025/09/27 18:46:57.867] - eth_getBalance
[2025/09/27 18:46:57.869] - eth_call
[2025/09/27 18:46:57.879] - eth_call
[2025/09/27 18:46:57.944] - eth_call
[2025/09/27 18:46:57.951] - eth_call
[2025/09/27 18:46:57.987] - eth_getBalance
[2025/09/27 18:46:57.988] - eth_getBalance
[2025/09/27 18:46:58.547] - eth_blockNumber
[2025/09/27 18:46:58.607] - eth_call
[2025/09/27 18:46:58.618] - eth_call
[2025/09/27 18:46:58.629] - eth_call
[2025/09/27 18:46:58.630] - eth_call
[2025/09/27 18:47:00.678] - eth_call
[2025/09/27 18:47:00.687] - eth_call
[2025/09/27 18:47:00.695] - eth_call
[2025/09/27 18:47:00.696] - eth_call
[2025/09/27 18:52:17.085] - eth_blockNumber
[2025/09/27 18:52:17.169] - eth_getBlockByNumber
[2025/09/27 18:52:17.202] - eth_getBlockByNumber
[2025/09/27 18:52:17.242] - eth_getBlockByNumber
[2025/09/27 18:52:17.250] - eth_getBlockByNumber
[2025/09/27 18:52:17.256] - eth_getBlockByNumber
[2025/09/27 18:52:17.272] - eth_getBlockByNumber
[2025/09/27 18:52:32.191] - eth_blockNumber
[2025/09/27 18:52:32.203] - net_version
[2025/09/27 18:52:32.206] - eth_accounts
[2025/09/27 18:52:32.220] - eth_getBlockByNumber
[2025/09/27 18:52:32.225] - eth_accounts
[2025/09/27 18:52:32.243] - eth_getBlockByNumber
[2025/09/27 18:52:32.247] - eth_getBlockByNumber
[2025/09/27 18:52:32.251] - eth_getBlockByNumber
[2025/09/27 18:52:32.261] - eth_estimateGas
[2025/09/27 18:52:32.298] - eth_getBlockByNumber
[2025/09/27 18:52:32.300] - eth_blockNumber
[2025/09/27 18:52:32.304] - eth_sendTransaction
[2025/09/27 18:52:32.312] - 
  Transaction: 0x12b7c3c87d71578b10466a98ff996f935d5332bcb3e903eeeb03b13c07563062
  Contract created: 0x8ccca0b073882c3032804d475fef59b700b8964f
  Gas usage: 865543
  Block number: 61
  Block time: Sat Sep 27 2025 18:52:32 GMT+0100 (heure normale d’Afrique de l’Ouest)

[2025/09/27 18:52:32.315] - eth_getBlockByNumber
[2025/09/27 18:52:32.318] - eth_getTransactionReceipt
[2025/09/27 18:52:32.322] - eth_getCode
[2025/09/27 18:52:32.328] - eth_getTransactionByHash
[2025/09/27 18:52:32.332] - eth_getBlockByNumber
[2025/09/27 18:52:32.335] - eth_getBalance
[2025/09/27 18:52:32.386] - eth_getBalance
[2025/09/27 18:52:32.415] - eth_getTransactionCount
[2025/09/27 18:52:32.433] - eth_getBalance
[2025/09/27 18:52:32.451] - eth_getTransactionCount
[2025/09/27 18:52:32.468] - eth_getBalance
[2025/09/27 18:52:32.486] - eth_getTransactionCount
[2025/09/27 18:52:32.504] - eth_getBalance
[2025/09/27 18:52:32.544] - eth_getTransactionCount
[2025/09/27 18:52:32.574] - eth_getBalance
[2025/09/27 18:52:32.594] - eth_getTransactionCount
[2025/09/27 18:52:32.612] - eth_getBalance
[2025/09/27 18:52:32.629] - eth_getTransactionCount
[2025/09/27 18:52:32.647] - eth_getBalance
[2025/09/27 18:52:32.688] - eth_getTransactionCount
[2025/09/27 18:52:32.717] - eth_getBalance
[2025/09/27 18:52:32.734] - eth_getTransactionCount
[2025/09/27 18:52:32.751] - eth_getBalance
[2025/09/27 18:52:32.767] - eth_getTransactionCount
[2025/09/27 18:52:32.784] - eth_getBalance
[2025/09/27 18:52:32.802] - eth_getTransactionCount
[2025/09/27 18:52:39.214] - eth_blockNumber
[2025/09/27 18:52:39.218] - eth_getBalance
[2025/09/27 18:52:39.219] - eth_getBalance
[2025/09/27 18:52:39.220] - eth_getBalance
[2025/09/27 18:52:39.220] - eth_getBlockByNumber
[2025/09/27 18:52:42.706] - eth_gasPrice
[2025/09/27 18:52:45.074] - eth_call
[2025/09/27 18:52:45.082] - eth_call
[2025/09/27 18:52:45.087] - eth_blockNumber
[2025/09/27 18:52:45.088] - eth_call
[2025/09/27 18:52:45.095] - eth_getLogs
[2025/09/27 18:52:45.100] - eth_call
[2025/09/27 18:52:45.104] - eth_getBlockByNumber
[2025/09/27 18:52:45.109] - eth_getBlockByNumber
[2025/09/27 18:52:45.114] - eth_call
[2025/09/27 18:52:45.117] - eth_getBlockByNumber
[2025/09/27 18:52:45.122] - eth_getBlockByNumber
[2025/09/27 18:52:45.128] - eth_call
[2025/09/27 18:52:45.129] - eth_getBlockByNumber
[2025/09/27 18:52:45.135] - eth_getLogs
[2025/09/27 18:52:45.140] - eth_call
[2025/09/27 18:52:45.144] - eth_getBlockByNumber
[2025/09/27 18:52:48.487] - eth_call
[2025/09/27 18:52:48.503] - eth_call
[2025/09/27 18:52:48.511] - eth_call
[2025/09/27 18:52:48.530] - eth_call
[2025/09/27 18:52:48.545] - eth_getBlockByNumber
[2025/09/27 18:52:48.547] - eth_call
[2025/09/27 18:52:48.555] - eth_getBlockByNumber
[2025/09/27 18:52:48.560] - eth_call
[2025/09/27 18:52:48.565] - eth_getBlockByNumber
[2025/09/27 18:52:48.571] - eth_getBlockByNumber
[2025/09/27 18:52:48.576] - eth_call
[2025/09/27 18:52:48.579] - eth_getBlockByNumber
[2025/09/27 18:52:48.598] - eth_getBlockByNumber
[2025/09/27 18:52:48.600] - eth_call
[2025/09/27 18:53:32.089] - eth_blockNumber
[2025/09/27 18:53:32.097] - eth_estimateGas
[2025/09/27 18:53:32.135] - eth_getCode
[2025/09/27 18:53:32.136] - eth_getCode
[2025/09/27 18:53:32.392] - eth_call
[2025/09/27 18:53:32.401] - eth_call
[2025/09/27 18:53:32.462] - eth_call
[2025/09/27 18:53:32.469] - eth_call
[2025/09/27 18:53:33.073] - eth_blockNumber
[2025/09/27 18:53:33.161] - eth_call
[2025/09/27 18:53:33.175] - eth_call
[2025/09/27 18:53:33.186] - eth_call
[2025/09/27 18:53:33.187] - eth_call
[2025/09/27 18:53:35.365] - eth_getTransactionCount
[2025/09/27 18:53:35.386] - eth_sendRawTransaction
[2025/09/27 18:53:35.406] - 
  Transaction: 0x4f559ab500597f8a1b06ecaf0eae36b70894cbbffc9355969c071ca273c1b3c4
  Gas usage: 210161
  Block number: 62
  Block time: Sat Sep 27 2025 18:53:35 GMT+0100 (heure normale d’Afrique de l’Ouest)

[2025/09/27 18:53:35.409] - eth_getBlockByNumber
[2025/09/27 18:53:35.418] - eth_call
[2025/09/27 18:53:35.425] - eth_getTransactionReceipt
[2025/09/27 18:53:35.430] - eth_call
[2025/09/27 18:53:35.434] - eth_blockNumber
[2025/09/27 18:53:35.439] - eth_call
[2025/09/27 18:53:35.440] - eth_call
[2025/09/27 18:53:35.444] - eth_getBlockByNumber
[2025/09/27 18:53:35.445] - eth_call
[2025/09/27 18:53:35.445] - eth_call
[2025/09/27 18:53:35.450] - eth_call
[2025/09/27 18:53:35.451] - eth_getBalance
[2025/09/27 18:53:35.455] - eth_getBalance
[2025/09/27 18:53:35.456] - eth_getBalance
[2025/09/27 18:53:35.540] - eth_call
[2025/09/27 18:53:35.556] - eth_getBalance
[2025/09/27 18:53:35.564] - eth_call
[2025/09/27 18:53:35.584] - eth_call
[2025/09/27 18:53:35.598] - eth_call
[2025/09/27 18:53:35.604] - eth_getTransactionCount
[2025/09/27 18:53:35.611] - eth_call
[2025/09/27 18:53:35.625] - eth_call
[2025/09/27 18:53:35.640] - eth_getBalance
[2025/09/27 18:53:35.666] - eth_getTransactionCount
[2025/09/27 18:53:35.691] - eth_getBalance
[2025/09/27 18:53:35.730] - eth_getTransactionCount
[2025/09/27 18:53:35.768] - eth_getBalance
[2025/09/27 18:53:35.789] - eth_getTransactionCount
[2025/09/27 18:53:35.810] - eth_getBalance
[2025/09/27 18:53:35.846] - eth_getTransactionCount
[2025/09/27 18:53:35.868] - eth_getBalance
[2025/09/27 18:53:35.898] - eth_getTransactionCount
[2025/09/27 18:53:35.919] - eth_getBalance
[2025/09/27 18:53:35.939] - eth_getTransactionCount
[2025/09/27 18:53:35.959] - eth_getBalance
[2025/09/27 18:53:35.999] - eth_getTransactionCount
[2025/09/27 18:53:36.029] - eth_getBalance
[2025/09/27 18:53:36.050] - eth_getTransactionCount
[2025/09/27 18:53:36.069] - eth_getBalance
[2025/09/27 18:53:36.088] - eth_getTransactionCount
[2025/09/27 18:53:38.425] - eth_getTransactionReceipt
[2025/09/27 18:53:38.429] - eth_getBlockByHash
[2025/09/27 18:53:38.442] - eth_call
[2025/09/27 18:53:38.448] - eth_call
[2025/09/27 18:53:38.455] - eth_call
[2025/09/27 18:53:38.456] - eth_call
[2025/09/27 18:53:40.491] - eth_call
[2025/09/27 18:53:48.220] - eth_blockNumber
[2025/09/27 18:53:48.227] - eth_estimateGas
[2025/09/27 18:53:48.248] - eth_getCode
[2025/09/27 18:53:48.249] - eth_getCode
[2025/09/27 18:53:48.483] - eth_gasPrice
[2025/09/27 18:53:48.493] - eth_call
[2025/09/27 18:53:48.502] - eth_call
[2025/09/27 18:53:48.568] - eth_call
[2025/09/27 18:53:48.577] - eth_call
[2025/09/27 18:53:49.174] - eth_blockNumber
[2025/09/27 18:53:49.239] - eth_call
[2025/09/27 18:53:49.252] - eth_call
[2025/09/27 18:53:49.263] - eth_call
[2025/09/27 18:53:49.264] - eth_call
[2025/09/27 18:53:52.140] - eth_getTransactionCount
[2025/09/27 18:53:52.159] - eth_sendRawTransaction
[2025/09/27 18:53:52.167] - 
  Transaction: 0x609c5e5b38ec0ce67b66dc1b3af9a156888f15bbbddc14b55437130bcc64b6a3
  Gas usage: 35604
  Block number: 63
  Block time: Sat Sep 27 2025 18:53:52 GMT+0100 (heure normale d’Afrique de l’Ouest)

[2025/09/27 18:53:52.169] - eth_getBlockByNumber
[2025/09/27 18:53:52.178] - eth_call
[2025/09/27 18:53:52.185] - eth_getTransactionReceipt
[2025/09/27 18:53:52.191] - eth_call
[2025/09/27 18:53:52.193] - eth_blockNumber
[2025/09/27 18:53:52.196] - eth_getBlockByNumber
[2025/09/27 18:53:52.202] - eth_call
[2025/09/27 18:53:52.203] - eth_call
[2025/09/27 18:53:52.206] - eth_getBalance
[2025/09/27 18:53:52.208] - eth_getBalance
[2025/09/27 18:53:52.208] - eth_call
[2025/09/27 18:53:52.209] - eth_getBalance
[2025/09/27 18:53:52.237] - eth_call
[2025/09/27 18:53:52.253] - eth_call
[2025/09/27 18:53:52.258] - eth_getBalance
[2025/09/27 18:53:52.269] - eth_call
[2025/09/27 18:53:52.328] - eth_getTransactionCount
[2025/09/27 18:53:52.335] - eth_call
[2025/09/27 18:53:52.357] - eth_call
[2025/09/27 18:53:52.362] - eth_getBalance
[2025/09/27 18:53:52.373] - eth_call
[2025/09/27 18:53:52.394] - eth_getTransactionCount
[2025/09/27 18:53:52.422] - eth_getBalance
[2025/09/27 18:53:52.451] - eth_getTransactionCount
[2025/09/27 18:53:52.471] - eth_getBalance
[2025/09/27 18:53:52.490] - eth_getTransactionCount
[2025/09/27 18:53:52.511] - eth_getBalance
[2025/09/27 18:53:52.530] - eth_getTransactionCount
[2025/09/27 18:53:52.553] - eth_getBalance
[2025/09/27 18:53:52.583] - eth_getTransactionCount
[2025/09/27 18:53:52.603] - eth_getBalance
[2025/09/27 18:53:52.623] - eth_getTransactionCount
[2025/09/27 18:53:52.643] - eth_getBalance
[2025/09/27 18:53:52.661] - eth_getTransactionCount
[2025/09/27 18:53:52.695] - eth_getBalance
[2025/09/27 18:53:52.717] - eth_getTransactionCount
[2025/09/27 18:53:52.737] - eth_getBalance
[2025/09/27 18:53:52.756] - eth_getTransactionCount
[2025/09/27 18:53:55.320] - eth_getTransactionReceipt
[2025/09/27 18:53:55.323] - eth_getBlockByHash
[2025/09/27 18:53:55.334] - eth_call
[2025/09/27 18:53:55.342] - eth_call
[2025/09/27 18:53:55.349] - eth_call
[2025/09/27 18:53:55.350] - eth_call
[2025/09/27 18:53:59.747] - eth_blockNumber
[2025/09/27 18:53:59.883] - eth_gasPrice
[2025/09/27 18:54:05.670] - eth_call
[2025/09/27 18:54:05.671] - eth_blockNumber
[2025/09/27 18:54:05.687] - eth_getLogs
[2025/09/27 18:54:05.709] - eth_getBlockByNumber
[2025/09/27 18:54:05.723] - eth_getBlockByNumber
[2025/09/27 18:54:05.734] - eth_getBlockByNumber
[2025/09/27 18:54:05.741] - eth_getBlockByNumber
[2025/09/27 18:54:05.749] - eth_getBlockByNumber
[2025/09/27 18:54:05.757] - eth_getBlockByNumber
[2025/09/27 18:54:05.765] - eth_getLogs
[2025/09/27 18:54:05.772] - eth_getBlockByNumber
[2025/09/27 18:54:09.726] - eth_call
[2025/09/27 18:54:09.740] - eth_call
[2025/09/27 18:54:09.747] - eth_call
[2025/09/27 18:54:09.761] - eth_call
[2025/09/27 18:54:09.769] - eth_getBlockByNumber
[2025/09/27 18:54:09.775] - eth_call
[2025/09/27 18:54:09.779] - eth_getBlockByNumber
[2025/09/27 18:54:09.788] - eth_getBlockByNumber
[2025/09/27 18:54:09.789] - eth_call
[2025/09/27 18:54:09.805] - eth_getBlockByNumber
[2025/09/27 18:54:09.812] - eth_call
[2025/09/27 18:54:09.819] - eth_getBlockByNumber
[2025/09/27 18:54:09.830] - eth_call
[2025/09/27 18:54:09.831] - eth_getBlockByNumber
[2025/09/27 18:54:09.841] - eth_getBlockByNumber
[2025/09/27 18:54:09.848] - eth_call
[2025/09/27 18:54:11.701] - eth_estimateGas
[2025/09/27 18:55:16.580] - eth_blockNumber
[2025/09/27 18:55:18.903] - eth_estimateGas
[2025/09/27 18:56:22.436] - eth_blockNumber
[2025/09/27 18:56:22.449] - net_version
[2025/09/27 18:56:22.452] - eth_accounts
[2025/09/27 18:56:22.462] - eth_getBlockByNumber
[2025/09/27 18:56:22.466] - eth_accounts
[2025/09/27 18:56:22.487] - eth_getBlockByNumber
[2025/09/27 18:56:22.489] - eth_getBlockByNumber
[2025/09/27 18:56:22.492] - eth_getBlockByNumber
[2025/09/27 18:56:22.501] - eth_estimateGas
[2025/09/27 18:56:22.537] - eth_getBlockByNumber
[2025/09/27 18:56:22.538] - eth_blockNumber
[2025/09/27 18:56:22.543] - eth_sendTransaction
[2025/09/27 18:56:22.550] - 
  Transaction: 0xd694d4e871103440e6389bbad0138b30139ad0184eb655d47a0fb618d608d8aa
  Contract created: 0xee05e3d3d3bd9a4cddb80080e5f986ce463113d0
  Gas usage: 861216
  Block number: 64
  Block time: Sat Sep 27 2025 18:56:22 GMT+0100 (heure normale d’Afrique de l’Ouest)

[2025/09/27 18:56:22.552] - eth_getBlockByNumber
[2025/09/27 18:56:22.556] - eth_getTransactionReceipt
[2025/09/27 18:56:22.559] - eth_getCode
[2025/09/27 18:56:22.564] - eth_getTransactionByHash
[2025/09/27 18:56:22.567] - eth_getBlockByNumber
[2025/09/27 18:56:22.570] - eth_getBalance
[2025/09/27 18:56:22.623] - eth_getBalance
[2025/09/27 18:56:22.643] - eth_getTransactionCount
[2025/09/27 18:56:22.666] - eth_getBalance
[2025/09/27 18:56:22.685] - eth_getTransactionCount
[2025/09/27 18:56:22.726] - eth_getBalance
[2025/09/27 18:56:22.754] - eth_getTransactionCount
[2025/09/27 18:56:22.774] - eth_getBalance
[2025/09/27 18:56:22.792] - eth_getTransactionCount
[2025/09/27 18:56:22.810] - eth_getBalance
[2025/09/27 18:56:22.829] - eth_getTransactionCount
[2025/09/27 18:56:22.847] - eth_getBalance
[2025/09/27 18:56:22.868] - eth_getTransactionCount
[2025/09/27 18:56:22.900] - eth_getBalance
[2025/09/27 18:56:22.919] - eth_getTransactionCount
[2025/09/27 18:56:22.938] - eth_getBalance
[2025/09/27 18:56:22.956] - eth_getTransactionCount
[2025/09/27 18:56:22.974] - eth_getBalance
[2025/09/27 18:56:23.009] - eth_getTransactionCount
[2025/09/27 18:56:23.031] - eth_getBalance
[2025/09/27 18:56:23.058] - eth_getTransactionCount
[2025/09/27 18:56:27.548] - eth_blockNumber
[2025/09/27 18:56:27.553] - eth_call
[2025/09/27 18:56:27.561] - eth_call
[2025/09/27 18:56:27.573] - eth_blockNumber
[2025/09/27 18:56:27.578] - eth_estimateGas
[2025/09/27 18:56:28.802] - eth_call
[2025/09/27 18:56:28.814] - eth_call
[2025/09/27 18:56:28.825] - eth_call
[2025/09/27 18:56:28.837] - eth_call
[2025/09/27 18:56:28.849] - eth_call
[2025/09/27 18:56:30.817] - eth_estimateGas
[2025/09/27 18:56:33.820] - eth_call
[2025/09/27 18:56:33.856] - eth_call
[2025/09/27 18:56:33.879] - eth_getLogs
[2025/09/27 18:56:33.893] - eth_getBlockByNumber
[2025/09/27 18:56:33.907] - eth_getBlockByNumber
[2025/09/27 18:56:33.930] - eth_getBlockByNumber
[2025/09/27 18:56:33.937] - eth_getBlockByNumber
[2025/09/27 18:56:33.951] - eth_getBlockByNumber
[2025/09/27 18:56:33.961] - eth_getBlockByNumber
[2025/09/27 18:56:33.968] - eth_getLogs
[2025/09/27 18:56:33.976] - eth_getBlockByNumber
[2025/09/27 18:56:35.685] - eth_estimateGas
[2025/09/27 18:56:38.796] - eth_estimateGas
[2025/09/27 18:57:18.935] - eth_blockNumber
[2025/09/27 18:57:19.004] - eth_getBlockByNumber
[2025/09/27 18:57:19.042] - eth_getBlockByNumber
[2025/09/27 18:57:19.066] - eth_getBlockByNumber
[2025/09/27 18:57:19.087] - eth_getBlockByNumber
[2025/09/27 18:57:19.097] - eth_getBlockByNumber
[2025/09/27 18:57:19.105] - eth_getBlockByNumber
[2025/09/27 18:57:19.117] - eth_getBlockByNumber
[2025/09/27 18:57:35.584] - eth_getBlockByNumber
[2025/09/27 18:57:35.605] - eth_getBlockByNumber
[2025/09/27 18:57:35.619] - eth_getBlockByNumber
[2025/09/27 18:57:35.644] - eth_getBlockByNumber
[2025/09/27 18:57:35.665] - eth_getBlockByNumber
[2025/09/27 18:57:35.678] - eth_getBlockByNumber
[2025/09/27 18:57:35.689] - eth_getBlockByNumber
[2025/09/27 18:57:39.494] - eth_blockNumber
[2025/09/27 18:57:39.504] - eth_estimateGas
[2025/09/27 18:57:43.450] - eth_estimateGas
[2025/09/27 18:57:56.457] - eth_estimateGas
[2025/09/27 19:02:02.198] - eth_blockNumber
[2025/09/27 19:02:02.279] - eth_getBlockByNumber
[2025/09/27 19:02:02.309] - eth_getBlockByNumber
[2025/09/27 19:02:02.357] - eth_getBlockByNumber
[2025/09/27 19:02:02.374] - eth_getBlockByNumber
[2025/09/27 19:02:02.391] - eth_getBlockByNumber
[2025/09/27 19:02:02.401] - eth_getBlockByNumber
[2025/09/27 19:02:02.416] - eth_getBlockByNumber
[2025/09/27 19:02:09.787] - eth_getBlockByNumber
[2025/09/27 19:02:09.798] - eth_getBlockByNumber
[2025/09/27 19:02:09.814] - eth_getBlockByNumber
[2025/09/27 19:02:09.820] - eth_getBlockByNumber
[2025/09/27 19:02:09.832] - eth_getBlockByNumber
[2025/09/27 19:02:09.839] - eth_getBlockByNumber
[2025/09/27 19:02:09.849] - eth_getBlockByNumber
[2025/09/27 19:02:11.667] - eth_estimateGas
[2025/09/27 19:02:15.134] - eth_estimateGas
[2025/09/27 19:02:48.362] - eth_blockNumber
[2025/09/27 19:02:48.434] - eth_getBlockByNumber
[2025/09/27 19:02:48.450] - eth_getBlockByNumber
[2025/09/27 19:02:48.467] - eth_getBlockByNumber
[2025/09/27 19:02:48.488] - eth_getBlockByNumber
[2025/09/27 19:02:48.515] - eth_getBlockByNumber
[2025/09/27 19:02:48.525] - eth_getBlockByNumber
[2025/09/27 19:02:48.538] - eth_getBlockByNumber
[2025/09/27 19:02:51.680] - eth_estimateGas
[2025/09/27 19:02:51.853] - eth_getCode
[2025/09/27 19:02:51.853] - eth_getCode
[2025/09/27 19:02:52.052] - eth_gasPrice
[2025/09/27 19:02:52.061] - eth_getBalance
[2025/09/27 19:02:52.065] - eth_call
[2025/09/27 19:02:52.076] - eth_call
[2025/09/27 19:02:52.135] - eth_call
[2025/09/27 19:02:52.142] - eth_call
[2025/09/27 19:02:52.165] - eth_getBalance
[2025/09/27 19:02:52.169] - eth_getBalance
[2025/09/27 19:02:52.733] - eth_blockNumber
[2025/09/27 19:02:52.793] - eth_call
[2025/09/27 19:02:52.802] - eth_call
[2025/09/27 19:02:52.812] - eth_call
[2025/09/27 19:02:52.813] - eth_call
[2025/09/27 19:02:55.359] - eth_call
[2025/09/27 19:02:55.366] - eth_call
[2025/09/27 19:02:55.372] - eth_call
[2025/09/27 19:02:55.373] - eth_call
[2025/09/27 19:02:59.306] - eth_getBlockByNumber
[2025/09/27 19:02:59.312] - eth_getBlockByNumber
[2025/09/27 19:02:59.317] - eth_getBlockByNumber
[2025/09/27 19:02:59.323] - eth_getBlockByNumber
[2025/09/27 19:02:59.329] - eth_getBlockByNumber
[2025/09/27 19:02:59.335] - eth_getBlockByNumber
[2025/09/27 19:02:59.342] - eth_getBlockByNumber
[2025/09/27 19:04:49.834] - eth_blockNumber
[2025/09/27 19:04:49.839] - eth_getBlockByNumber
[2025/09/27 19:04:56.101] - eth_getBlockByNumber
[2025/09/27 19:04:56.109] - eth_getBlockByNumber
[2025/09/27 19:04:56.117] - eth_getBlockByNumber
[2025/09/27 19:04:56.136] - eth_getBlockByNumber
[2025/09/27 19:04:56.148] - eth_getBlockByNumber
[2025/09/27 19:04:56.155] - eth_getBlockByNumber
[2025/09/27 19:04:56.163] - eth_getBlockByNumber
[2025/09/27 19:04:58.546] - eth_call
[2025/09/27 19:04:58.564] - eth_call
[2025/09/27 19:04:58.578] - eth_call
[2025/09/27 19:04:58.610] - eth_call
[2025/09/27 19:04:58.622] - eth_getBlockByNumber
[2025/09/27 19:04:58.628] - eth_call
[2025/09/27 19:04:58.631] - eth_getBlockByNumber
[2025/09/27 19:04:58.638] - eth_getBlockByNumber
[2025/09/27 19:04:58.642] - eth_call
[2025/09/27 19:04:58.645] - eth_getBlockByNumber
[2025/09/27 19:04:58.652] - eth_getBlockByNumber
[2025/09/27 19:04:58.659] - eth_call
[2025/09/27 19:04:58.660] - eth_getBlockByNumber
[2025/09/27 19:04:58.684] - eth_getBlockByNumber
[2025/09/27 19:04:58.709] - eth_call
[2025/09/27 19:04:58.756] - eth_call
[2025/09/27 19:05:09.785] - eth_estimateGas
[2025/09/27 19:05:09.824] - eth_getCode
[2025/09/27 19:05:10.052] - eth_call
[2025/09/27 19:05:10.061] - eth_call
[2025/09/27 19:05:10.122] - eth_call
[2025/09/27 19:05:10.129] - eth_call
[2025/09/27 19:05:10.682] - eth_blockNumber
[2025/09/27 19:05:10.745] - eth_call
[2025/09/27 19:05:10.755] - eth_call
[2025/09/27 19:05:10.766] - eth_call
[2025/09/27 19:05:10.767] - eth_call
[2025/09/27 19:05:22.183] - eth_getTransactionCount
[2025/09/27 19:05:22.203] - eth_sendRawTransaction
[2025/09/27 19:05:22.220] - 
  Transaction: 0xd8e0e59f7da0682734abbd9a2066e5d7faa9217ca9caadaae7d994d5cc6cd69e
  Gas usage: 210137
  Block number: 65
  Block time: Sat Sep 27 2025 19:05:22 GMT+0100 (heure normale d’Afrique de l’Ouest)

[2025/09/27 19:05:22.222] - eth_getBlockByNumber
[2025/09/27 19:05:22.233] - eth_call
[2025/09/27 19:05:22.240] - eth_getTransactionReceipt
[2025/09/27 19:05:22.246] - eth_call
[2025/09/27 19:05:22.248] - eth_blockNumber
[2025/09/27 19:05:22.252] - eth_getBlockByNumber
[2025/09/27 19:05:22.258] - eth_call
[2025/09/27 19:05:22.259] - eth_call
[2025/09/27 19:05:22.264] - eth_getBalance
[2025/09/27 19:05:22.264] - eth_getBalance
[2025/09/27 19:05:22.265] - eth_getBalance
[2025/09/27 19:05:22.266] - eth_call
[2025/09/27 19:05:22.296] - eth_call
[2025/09/27 19:05:22.308] - eth_call
[2025/09/27 19:05:22.320] - eth_call
[2025/09/27 19:05:22.329] - eth_getBalance
[2025/09/27 19:05:22.335] - eth_call
[2025/09/27 19:05:22.365] - eth_getTransactionCount
[2025/09/27 19:05:22.392] - eth_call
[2025/09/27 19:05:22.404] - eth_getBalance
[2025/09/27 19:05:22.409] - eth_call
[2025/09/27 19:05:22.423] - eth_call
[2025/09/27 19:05:22.437] - eth_getTransactionCount
[2025/09/27 19:05:22.465] - eth_getBalance
[2025/09/27 19:05:22.509] - eth_getTransactionCount
[2025/09/27 19:05:22.542] - eth_getBalance
[2025/09/27 19:05:22.575] - eth_getTransactionCount
[2025/09/27 19:05:22.628] - eth_getBalance
[2025/09/27 19:05:22.671] - eth_getTransactionCount
[2025/09/27 19:05:22.694] - eth_getBalance
[2025/09/27 19:05:22.716] - eth_getTransactionCount
[2025/09/27 19:05:22.741] - eth_getBalance
[2025/09/27 19:05:22.778] - eth_getTransactionCount
[2025/09/27 19:05:22.804] - eth_getBalance
[2025/09/27 19:05:22.835] - eth_getTransactionCount
[2025/09/27 19:05:22.857] - eth_getBalance
[2025/09/27 19:05:22.877] - eth_getTransactionCount
[2025/09/27 19:05:22.899] - eth_getBalance
[2025/09/27 19:05:22.935] - eth_getTransactionCount
[2025/09/27 19:05:25.237] - eth_getTransactionReceipt
[2025/09/27 19:05:25.241] - eth_getBlockByHash
[2025/09/27 19:05:25.253] - eth_call
[2025/09/27 19:05:25.259] - eth_call
[2025/09/27 19:05:25.266] - eth_call
[2025/09/27 19:05:25.266] - eth_call
[2025/09/27 19:05:25.704] - eth_call
[2025/09/27 19:06:06.910] - eth_blockNumber
[2025/09/27 19:06:06.917] - eth_blockNumber
[2025/09/27 19:06:06.922] - eth_estimateGas
[2025/09/27 19:06:06.944] - eth_getCode
[2025/09/27 19:06:06.945] - eth_getCode
[2025/09/27 19:06:07.221] - eth_gasPrice
[2025/09/27 19:06:07.231] - eth_call
[2025/09/27 19:06:07.239] - eth_call
[2025/09/27 19:06:07.307] - eth_call
[2025/09/27 19:06:07.315] - eth_call
[2025/09/27 19:06:07.900] - eth_blockNumber
[2025/09/27 19:06:07.962] - eth_call
[2025/09/27 19:06:07.972] - eth_call
[2025/09/27 19:06:07.982] - eth_call
[2025/09/27 19:06:07.983] - eth_call
[2025/09/27 19:06:09.136] - eth_getTransactionCount
[2025/09/27 19:06:09.155] - eth_sendRawTransaction
[2025/09/27 19:06:09.165] - 
  Transaction: 0x8ec5a8fdd283cab5a63cc7508acfedcdac27613b9d584ea650a16dbf78d01c92
  Gas usage: 32804
  Block number: 66
  Block time: Sat Sep 27 2025 19:06:09 GMT+0100 (heure normale d’Afrique de l’Ouest)

[2025/09/27 19:06:09.167] - eth_getBlockByNumber
[2025/09/27 19:06:09.177] - eth_call
[2025/09/27 19:06:09.183] - eth_getTransactionReceipt
[2025/09/27 19:06:09.186] - eth_call
[2025/09/27 19:06:09.188] - eth_blockNumber
[2025/09/27 19:06:09.192] - eth_getBlockByNumber
[2025/09/27 19:06:09.199] - eth_call
[2025/09/27 19:06:09.200] - eth_call
[2025/09/27 19:06:09.203] - eth_getBalance
[2025/09/27 19:06:09.204] - eth_getBalance
[2025/09/27 19:06:09.205] - eth_getBalance
[2025/09/27 19:06:09.206] - eth_call
[2025/09/27 19:06:09.234] - eth_call
[2025/09/27 19:06:09.248] - eth_call
[2025/09/27 19:06:09.264] - eth_getBalance
[2025/09/27 19:06:09.265] - eth_call
[2025/09/27 19:06:09.303] - eth_getTransactionCount
[2025/09/27 19:06:09.326] - eth_call
[2025/09/27 19:06:09.333] - eth_getBalance
[2025/09/27 19:06:09.348] - eth_call
[2025/09/27 19:06:09.361] - eth_call
[2025/09/27 19:06:09.368] - eth_getTransactionCount
[2025/09/27 19:06:09.373] - eth_call
[2025/09/27 19:06:09.413] - eth_getBalance
[2025/09/27 19:06:09.445] - eth_getTransactionCount
[2025/09/27 19:06:09.467] - eth_getBalance
[2025/09/27 19:06:09.491] - eth_getTransactionCount
[2025/09/27 19:06:09.513] - eth_getBalance
[2025/09/27 19:06:09.554] - eth_getTransactionCount
[2025/09/27 19:06:09.586] - eth_getBalance
[2025/09/27 19:06:09.607] - eth_getTransactionCount
[2025/09/27 19:06:09.629] - eth_getBalance
[2025/09/27 19:06:09.649] - eth_getTransactionCount
[2025/09/27 19:06:09.671] - eth_getBalance
[2025/09/27 19:06:09.715] - eth_getTransactionCount
[2025/09/27 19:06:09.749] - eth_getBalance
[2025/09/27 19:06:09.772] - eth_getTransactionCount
[2025/09/27 19:06:09.793] - eth_getBalance
[2025/09/27 19:06:09.817] - eth_getTransactionCount
[2025/09/27 19:06:12.180] - eth_getTransactionReceipt
[2025/09/27 19:06:12.184] - eth_getBlockByHash
[2025/09/27 19:06:12.195] - eth_call
[2025/09/27 19:06:12.206] - eth_call
[2025/09/27 19:06:12.215] - eth_call
[2025/09/27 19:06:12.216] - eth_call
[2025/09/27 19:06:16.694] - eth_blockNumber
[2025/09/27 19:06:16.848] - eth_gasPrice
[2025/09/27 19:06:22.197] - eth_call
[2025/09/27 19:06:22.199] - eth_blockNumber
[2025/09/27 19:06:22.217] - eth_getLogs
[2025/09/27 19:06:22.232] - eth_getBlockByNumber
[2025/09/27 19:06:22.244] - eth_getBlockByNumber
[2025/09/27 19:06:22.265] - eth_getBlockByNumber
[2025/09/27 19:06:22.271] - eth_getBlockByNumber
[2025/09/27 19:06:22.277] - eth_getBlockByNumber
[2025/09/27 19:06:22.283] - eth_getBlockByNumber
[2025/09/27 19:06:22.290] - eth_getBlockByNumber
[2025/09/27 19:06:22.296] - eth_getLogs
[2025/09/27 19:06:22.305] - eth_getBlockByNumber
[2025/09/27 19:06:24.751] - eth_call
[2025/09/27 19:06:24.767] - eth_call
[2025/09/27 19:06:24.775] - eth_call
[2025/09/27 19:06:24.804] - eth_call
[2025/09/27 19:06:24.822] - eth_getBlockByNumber
[2025/09/27 19:06:24.824] - eth_call
[2025/09/27 19:06:24.828] - eth_getBlockByNumber
[2025/09/27 19:06:24.836] - eth_getBlockByNumber
[2025/09/27 19:06:24.845] - eth_call
[2025/09/27 19:06:24.846] - eth_getBlockByNumber
[2025/09/27 19:06:24.854] - eth_getBlockByNumber
[2025/09/27 19:06:24.862] - eth_call
[2025/09/27 19:06:24.864] - eth_getBlockByNumber
[2025/09/27 19:06:24.871] - eth_getBlockByNumber
[2025/09/27 19:06:24.877] - eth_call
[2025/09/27 19:06:24.885] - eth_getBlockByNumber
[2025/09/27 19:06:24.894] - eth_call
[2025/09/27 19:06:24.908] - eth_call
[2025/09/27 19:06:30.988] - eth_getBlockByNumber
[2025/09/27 19:06:30.994] - eth_getBlockByNumber
[2025/09/27 19:06:31.008] - eth_getBlockByNumber
[2025/09/27 19:06:31.015] - eth_getBlockByNumber
[2025/09/27 19:06:31.024] - eth_getBlockByNumber
[2025/09/27 19:06:31.029] - eth_getBlockByNumber
[2025/09/27 19:06:31.034] - eth_getBlockByNumber
[2025/09/27 19:06:31.042] - eth_getBlockByNumber
[2025/09/27 19:06:50.358] - eth_blockNumber
[2025/09/27 19:06:54.034] - eth_estimateGas
[2025/09/27 19:06:54.224] - eth_getCode
[2025/09/27 19:06:54.225] - eth_getCode
[2025/09/27 19:06:54.452] - eth_call
[2025/09/27 19:06:54.462] - eth_call
[2025/09/27 19:06:54.523] - eth_call
[2025/09/27 19:06:54.530] - eth_call
[2025/09/27 19:06:55.129] - eth_blockNumber
[2025/09/27 19:06:55.195] - eth_call
[2025/09/27 19:06:55.205] - eth_call
[2025/09/27 19:06:55.216] - eth_call
[2025/09/27 19:06:55.217] - eth_call
[2025/09/27 19:07:15.148] - eth_blockNumber
[2025/09/27 19:07:35.155] - eth_blockNumber
[2025/09/27 19:07:55.167] - eth_blockNumber
[2025/09/27 19:08:15.184] - eth_blockNumber
[2025/09/27 19:08:26.925] - eth_getBlockByNumber
[2025/09/27 19:08:26.933] - eth_getBlockByNumber
[2025/09/27 19:08:26.942] - eth_getBlockByNumber
[2025/09/27 19:08:26.950] - eth_getBlockByNumber
[2025/09/27 19:08:26.955] - eth_getBlockByNumber
[2025/09/27 19:08:26.964] - eth_getBlockByNumber
[2025/09/27 19:08:26.974] - eth_getBlockByNumber
[2025/09/27 19:08:26.985] - eth_getBlockByNumber
[2025/09/27 19:08:35.194] - eth_blockNumber
[2025/09/27 19:08:55.201] - eth_blockNumber
[2025/09/27 19:09:15.222] - eth_blockNumber
[2025/09/27 19:09:35.233] - eth_blockNumber
[2025/09/27 19:09:55.249] - eth_blockNumber
[2025/09/27 19:10:15.260] - eth_blockNumber
[2025/09/27 19:10:34.766] - eth_estimateGas
[2025/09/27 19:10:35.097] - eth_call
[2025/09/27 19:10:35.103] - eth_call
[2025/09/27 19:10:35.118] - eth_call
[2025/09/27 19:10:35.121] - eth_call
[2025/09/27 19:10:35.278] - eth_blockNumber
[2025/09/27 19:10:55.283] - eth_blockNumber
[2025/09/27 19:11:15.289] - eth_blockNumber
[2025/09/27 19:11:35.300] - eth_blockNumber
[2025/09/27 19:11:55.306] - eth_blockNumber
[2025/09/27 19:11:55.912] - eth_getBlockByNumber
[2025/09/27 19:11:55.942] - eth_getBlockByNumber
[2025/09/27 19:11:55.983] - eth_getBlockByNumber
[2025/09/27 19:11:55.997] - eth_getBlockByNumber
[2025/09/27 19:11:56.011] - eth_getBlockByNumber
[2025/09/27 19:11:56.023] - eth_getBlockByNumber
[2025/09/27 19:11:56.034] - eth_getBlockByNumber
[2025/09/27 19:11:56.047] - eth_getBlockByNumber
[2025/09/27 19:12:00.565] - eth_estimateGas
[2025/09/27 19:12:04.324] - eth_estimateGas
[2025/09/27 19:12:13.685] - eth_getBlockByNumber
[2025/09/27 19:12:13.719] - eth_getBlockByNumber
[2025/09/27 19:12:13.776] - eth_getBlockByNumber
[2025/09/27 19:12:13.800] - eth_getBlockByNumber
[2025/09/27 19:12:13.815] - eth_getBlockByNumber
[2025/09/27 19:12:13.825] - eth_getBlockByNumber
[2025/09/27 19:12:13.849] - eth_getBlockByNumber
[2025/09/27 19:12:13.864] - eth_getBlockByNumber
[2025/09/27 19:12:15.316] - eth_blockNumber
[2025/09/27 19:12:17.110] - eth_call
[2025/09/27 19:12:17.128] - eth_call
[2025/09/27 19:12:17.144] - eth_call
[2025/09/27 19:12:17.147] - eth_call
[2025/09/27 19:12:24.557] - eth_call
[2025/09/27 19:12:24.564] - eth_call
[2025/09/27 19:12:24.570] - eth_call
[2025/09/27 19:12:24.571] - eth_call
[2025/09/27 19:12:24.634] - eth_call
[2025/09/27 19:12:24.645] - eth_call
[2025/09/27 19:12:24.655] - eth_call
[2025/09/27 19:12:24.656] - eth_call
[2025/09/27 19:12:26.525] - eth_call
[2025/09/27 19:12:26.533] - eth_call
[2025/09/27 19:12:26.540] - eth_call
[2025/09/27 19:12:26.541] - eth_call
[2025/09/27 19:12:26.597] - eth_call
[2025/09/27 19:12:26.608] - eth_call
[2025/09/27 19:12:26.624] - eth_call
[2025/09/27 19:12:26.625] - eth_call
[2025/09/27 19:12:30.798] - eth_call
[2025/09/27 19:12:30.806] - eth_call
[2025/09/27 19:12:30.812] - eth_call
[2025/09/27 19:12:30.813] - eth_call
[2025/09/27 19:12:34.094] - eth_getBlockByNumber
[2025/09/27 19:12:34.101] - eth_getBlockByNumber
[2025/09/27 19:12:34.108] - eth_getBlockByNumber
[2025/09/27 19:12:34.113] - eth_getBlockByNumber
[2025/09/27 19:12:34.119] - eth_getBlockByNumber
[2025/09/27 19:12:34.126] - eth_getBlockByNumber
[2025/09/27 19:12:34.132] - eth_getBlockByNumber
[2025/09/27 19:12:34.141] - eth_getBlockByNumber
[2025/09/27 19:15:19.258] - eth_blockNumber
[2025/09/27 19:15:19.269] - eth_estimateGas
[2025/09/27 19:15:19.641] - eth_call
[2025/09/27 19:15:19.650] - eth_call
[2025/09/27 19:15:19.706] - eth_call
[2025/09/27 19:15:19.710] - eth_call
[2025/09/27 19:15:20.552] - eth_blockNumber
[2025/09/27 19:15:20.659] - eth_call
[2025/09/27 19:15:20.670] - eth_call
[2025/09/27 19:15:20.682] - eth_call
[2025/09/27 19:15:20.683] - eth_call
[2025/09/27 19:15:40.574] - eth_blockNumber
[2025/09/27 19:16:00.582] - eth_blockNumber
[2025/09/27 19:16:20.596] - eth_blockNumber
[2025/09/27 19:16:40.613] - eth_blockNumber
[2025/09/27 19:17:00.627] - eth_blockNumber
[2025/09/27 19:17:20.646] - eth_blockNumber
[2025/09/27 19:17:40.664] - eth_blockNumber
[2025/09/27 19:18:00.672] - eth_blockNumber
[2025/09/27 19:18:20.683] - eth_blockNumber
[2025/09/27 19:18:40.694] - eth_blockNumber
[2025/09/27 19:19:00.707] - eth_blockNumber
[2025/09/27 19:19:20.725] - eth_blockNumber
[2025/09/27 19:19:40.748] - eth_blockNumber
[2025/09/27 19:20:00.762] - eth_blockNumber
[2025/09/27 19:20:20.769] - eth_blockNumber
[2025/09/27 19:20:40.776] - eth_blockNumber
[2025/09/27 19:21:00.784] - eth_blockNumber
[2025/09/27 19:21:20.792] - eth_blockNumber
[2025/09/27 19:21:40.797] - eth_blockNumber
[2025/09/27 19:22:00.814] - eth_blockNumber
[2025/09/27 19:22:20.819] - eth_blockNumber
[2025/09/27 19:22:40.829] - eth_blockNumber
[2025/09/27 19:23:00.844] - eth_blockNumber
[2025/09/27 19:23:20.851] - eth_blockNumber
[2025/09/27 19:23:40.868] - eth_blockNumber
[2025/09/27 19:24:00.876] - eth_blockNumber
[2025/09/27 19:24:20.882] - eth_blockNumber
[2025/09/27 19:24:40.892] - eth_blockNumber
[2025/09/27 19:25:00.900] - eth_blockNumber
[2025/09/27 19:25:20.922] - eth_blockNumber
[2025/09/27 19:25:40.933] - eth_blockNumber
[2025/09/27 19:26:00.943] - eth_blockNumber
[2025/09/27 19:26:20.948] - eth_blockNumber
[2025/09/27 19:26:40.961] - eth_blockNumber
[2025/09/27 19:27:00.968] - eth_blockNumber
[2025/09/27 19:27:20.972] - eth_blockNumber
[2025/09/27 19:27:40.988] - eth_blockNumber
[2025/09/27 19:28:01.001] - eth_blockNumber
[2025/09/27 19:28:21.017] - eth_blockNumber
[2025/09/27 19:28:41.309] - eth_blockNumber
[2025/09/27 19:29:01.551] - eth_blockNumber
[2025/09/27 19:29:01.788] - eth_getBlockByNumber
[2025/09/27 19:29:01.803] - eth_getBlockByNumber
[2025/09/27 19:29:01.822] - eth_getBlockByNumber
[2025/09/27 19:29:01.833] - eth_getBlockByNumber
[2025/09/27 19:29:01.866] - eth_getBlockByNumber
[2025/09/27 19:29:01.884] - eth_getBlockByNumber
[2025/09/27 19:29:01.894] - eth_getBlockByNumber
[2025/09/27 19:29:02.035] - eth_getBlockByNumber
[2025/09/27 19:29:21.568] - eth_blockNumber
[2025/09/27 19:29:41.586] - eth_blockNumber
[2025/09/27 19:30:01.602] - eth_blockNumber
[2025/09/27 19:30:21.969] - eth_blockNumber
[2025/09/27 19:30:41.990] - eth_blockNumber
[2025/09/27 19:31:02.001] - eth_blockNumber
[2025/09/27 19:31:19.935] - eth_getBlockByNumber
[2025/09/27 19:31:19.945] - eth_getBlockByNumber
[2025/09/27 19:31:19.957] - eth_getBlockByNumber
[2025/09/27 19:31:19.966] - eth_getBlockByNumber
[2025/09/27 19:31:19.980] - eth_getBlockByNumber
[2025/09/27 19:31:19.988] - eth_getBlockByNumber
[2025/09/27 19:31:20.001] - eth_getBlockByNumber
[2025/09/27 19:31:20.066] - eth_getBlockByNumber
[2025/09/27 19:31:22.008] - eth_blockNumber
[2025/09/27 19:31:24.912] - eth_estimateGas
[2025/09/27 19:31:28.728] - eth_estimateGas
[2025/09/27 19:31:42.019] - eth_blockNumber
[2025/09/27 19:31:53.574] - eth_estimateGas
[2025/09/27 19:32:02.027] - eth_blockNumber
[2025/09/27 19:32:22.046] - eth_blockNumber
[2025/09/27 19:32:42.054] - eth_blockNumber
[2025/09/27 19:33:02.074] - eth_blockNumber
[2025/09/27 19:33:22.089] - eth_blockNumber
[2025/09/27 19:33:42.106] - eth_blockNumber
[2025/09/27 19:33:43.093] - eth_getBlockByNumber
[2025/09/27 19:33:43.115] - eth_getBlockByNumber
[2025/09/27 19:33:43.137] - eth_getBlockByNumber
[2025/09/27 19:33:43.163] - eth_getBlockByNumber
[2025/09/27 19:33:43.190] - eth_getBlockByNumber
[2025/09/27 19:33:43.228] - eth_getBlockByNumber
[2025/09/27 19:33:43.241] - eth_getBlockByNumber
[2025/09/27 19:33:43.254] - eth_getBlockByNumber
[2025/09/27 19:34:02.124] - eth_blockNumber
[2025/09/27 19:34:06.468] - eth_estimateGas
[2025/09/27 19:34:22.139] - eth_blockNumber
[2025/09/27 19:34:42.150] - eth_blockNumber
[2025/09/27 19:35:02.158] - eth_blockNumber
[2025/09/27 19:35:17.785] - eth_call
[2025/09/27 19:35:17.794] - eth_call
[2025/09/27 19:35:17.805] - eth_call
[2025/09/27 19:35:17.806] - eth_call
[2025/09/27 19:35:22.165] - eth_blockNumber
[2025/09/27 19:35:35.390] - eth_call
[2025/09/27 19:35:35.397] - eth_call
[2025/09/27 19:35:35.403] - eth_call
[2025/09/27 19:35:35.403] - eth_call
[2025/09/27 19:35:42.170] - eth_blockNumber
[2025/09/27 19:35:44.628] - eth_getBalance
[2025/09/27 19:35:56.264] - eth_getCode
[2025/09/27 19:36:02.176] - eth_blockNumber
[2025/09/27 19:36:19.977] - eth_getBlockByNumber
[2025/09/27 19:36:20.012] - eth_getBlockByNumber
[2025/09/27 19:36:20.029] - eth_getBlockByNumber
[2025/09/27 19:36:20.038] - eth_getBlockByNumber
[2025/09/27 19:36:20.045] - eth_getBlockByNumber
[2025/09/27 19:36:20.052] - eth_getBlockByNumber
[2025/09/27 19:36:20.063] - eth_getBlockByNumber
[2025/09/27 19:36:20.074] - eth_getBlockByNumber
[2025/09/27 19:36:22.703] - eth_call
[2025/09/27 19:36:22.717] - eth_call
[2025/09/27 19:36:22.726] - eth_call
[2025/09/27 19:36:22.740] - eth_call
[2025/09/27 19:36:22.758] - eth_getBlockByNumber
[2025/09/27 19:36:22.764] - eth_call
[2025/09/27 19:36:22.775] - eth_getBlockByNumber
[2025/09/27 19:36:22.784] - eth_call
[2025/09/27 19:36:22.786] - eth_getBlockByNumber
[2025/09/27 19:36:22.799] - eth_getBlockByNumber
[2025/09/27 19:36:22.802] - eth_call
[2025/09/27 19:36:22.813] - eth_getBlockByNumber
[2025/09/27 19:36:22.823] - eth_call
[2025/09/27 19:36:22.824] - eth_getBlockByNumber
[2025/09/27 19:36:22.832] - eth_getBlockByNumber
[2025/09/27 19:36:22.844] - eth_call
[2025/09/27 19:36:22.852] - eth_getBlockByNumber
[2025/09/27 19:36:22.863] - eth_call
[2025/09/27 19:36:27.023] - eth_estimateGas
[2025/09/27 19:36:44.058] - eth_blockNumber
[2025/09/27 19:36:47.736] - eth_estimateGas
[2025/09/27 19:40:07.508] - eth_blockNumber
[2025/09/27 19:40:07.564] - eth_getBlockByNumber
[2025/09/27 19:40:07.590] - eth_getBlockByNumber
[2025/09/27 19:40:07.647] - eth_getBlockByNumber
[2025/09/27 19:40:07.691] - eth_getBlockByNumber
[2025/09/27 19:40:07.706] - eth_getBlockByNumber
[2025/09/27 19:40:07.724] - eth_getBlockByNumber
[2025/09/27 19:40:07.733] - eth_getBlockByNumber
[2025/09/27 19:40:07.753] - eth_getBlockByNumber
[2025/09/27 19:40:30.373] - eth_blockNumber
[2025/09/27 19:40:30.453] - eth_getBlockByNumber
[2025/09/27 19:40:30.490] - eth_getBlockByNumber
[2025/09/27 19:40:30.521] - eth_getBlockByNumber
[2025/09/27 19:40:30.547] - eth_getBlockByNumber
[2025/09/27 19:40:30.577] - eth_getBlockByNumber
[2025/09/27 19:40:30.592] - eth_getBlockByNumber
[2025/09/27 19:40:30.604] - eth_getBlockByNumber
[2025/09/27 19:40:30.623] - eth_getBlockByNumber
[2025/09/27 19:40:40.631] - eth_getBlockByNumber
[2025/09/27 19:40:40.638] - eth_getBlockByNumber
[2025/09/27 19:40:40.647] - eth_getBlockByNumber
[2025/09/27 19:40:40.666] - eth_getBlockByNumber
[2025/09/27 19:40:40.674] - eth_getBlockByNumber
[2025/09/27 19:40:40.680] - eth_getBlockByNumber
[2025/09/27 19:40:40.686] - eth_getBlockByNumber
[2025/09/27 19:40:40.697] - eth_getBlockByNumber
[2025/09/27 19:40:42.334] - eth_estimateGas
[2025/09/27 19:40:58.451] - eth_blockNumber
[2025/09/27 19:40:58.464] - eth_estimateGas
[2025/09/27 19:43:17.542] - eth_blockNumber
[2025/09/27 19:43:17.637] - eth_getBlockByNumber
[2025/09/27 19:43:17.675] - eth_getBlockByNumber
[2025/09/27 19:43:17.698] - eth_getBlockByNumber
[2025/09/27 19:43:17.719] - eth_getBlockByNumber
[2025/09/27 19:43:17.750] - eth_getBlockByNumber
[2025/09/27 19:43:17.761] - eth_getBlockByNumber
[2025/09/27 19:43:17.771] - eth_getBlockByNumber
[2025/09/27 19:43:17.787] - eth_getBlockByNumber
[2025/09/27 19:43:26.235] - eth_getBlockByNumber
[2025/09/27 19:43:26.251] - eth_getBlockByNumber
[2025/09/27 19:43:26.264] - eth_getBlockByNumber
[2025/09/27 19:43:26.290] - eth_getBlockByNumber
[2025/09/27 19:43:26.296] - eth_getBlockByNumber
[2025/09/27 19:43:26.302] - eth_getBlockByNumber
[2025/09/27 19:43:26.309] - eth_getBlockByNumber
[2025/09/27 19:43:26.318] - eth_getBlockByNumber
[2025/09/27 19:43:28.020] - eth_estimateGas
[2025/09/27 19:43:42.952] - eth_blockNumber
[2025/09/27 19:43:49.234] - eth_estimateGas
[2025/09/27 19:45:41.646] - eth_blockNumber
[2025/09/27 19:45:41.751] - eth_getBlockByNumber
[2025/09/27 19:45:41.776] - eth_getBlockByNumber
[2025/09/27 19:45:41.794] - eth_getBlockByNumber
[2025/09/27 19:45:41.813] - eth_getBlockByNumber
[2025/09/27 19:45:41.840] - eth_getBlockByNumber
[2025/09/27 19:45:41.848] - eth_getBlockByNumber
[2025/09/27 19:45:41.877] - eth_getBlockByNumber
[2025/09/27 19:45:42.182] - eth_getBlockByNumber
[2025/09/27 19:46:07.073] - eth_blockNumber
[2025/09/27 19:46:07.124] - eth_getBlockByNumber
[2025/09/27 19:46:07.150] - eth_getBlockByNumber
[2025/09/27 19:46:07.197] - eth_getBlockByNumber
[2025/09/27 19:46:07.238] - eth_getBlockByNumber
[2025/09/27 19:46:07.255] - eth_getBlockByNumber
[2025/09/27 19:46:07.268] - eth_getBlockByNumber
[2025/09/27 19:46:07.284] - eth_getBlockByNumber
[2025/09/27 19:46:07.306] - eth_getBlockByNumber
[2025/09/27 19:46:24.615] - eth_blockNumber
[2025/09/27 19:46:24.627] - net_version
[2025/09/27 19:46:24.630] - eth_accounts
[2025/09/27 19:46:24.643] - eth_getBlockByNumber
[2025/09/27 19:46:24.647] - eth_accounts
[2025/09/27 19:46:24.669] - eth_getBlockByNumber
[2025/09/27 19:46:24.674] - eth_getBlockByNumber
[2025/09/27 19:46:24.677] - eth_getBlockByNumber
[2025/09/27 19:46:24.685] - eth_estimateGas
[2025/09/27 19:46:24.721] - eth_getBlockByNumber
[2025/09/27 19:46:24.723] - eth_blockNumber
[2025/09/27 19:46:24.726] - eth_sendTransaction
[2025/09/27 19:46:24.734] - 
  Transaction: 0x4a0c194b5d77b67b203db97afd698397a7e7b0b0f98a87d73645f4fb29f1952f
  Contract created: 0x8bf1359b7fde471cb2b0d94046f170ed79cac7bb
  Gas usage: 887594
  Block number: 67
  Block time: Sat Sep 27 2025 19:46:24 GMT+0100 (heure normale d’Afrique de l’Ouest)

[2025/09/27 19:46:24.736] - eth_getBlockByNumber
[2025/09/27 19:46:24.739] - eth_getTransactionReceipt
[2025/09/27 19:46:24.742] - eth_getCode
[2025/09/27 19:46:24.749] - eth_getTransactionByHash
[2025/09/27 19:46:24.752] - eth_getBlockByNumber
[2025/09/27 19:46:24.754] - eth_getBalance
[2025/09/27 19:46:24.811] - eth_getBalance
[2025/09/27 19:46:24.835] - eth_getTransactionCount
[2025/09/27 19:46:24.860] - eth_getBalance
[2025/09/27 19:46:24.882] - eth_getTransactionCount
[2025/09/27 19:46:24.910] - eth_getBalance
[2025/09/27 19:46:24.943] - eth_getTransactionCount
[2025/09/27 19:46:24.977] - eth_getBalance
[2025/09/27 19:46:24.999] - eth_getTransactionCount
[2025/09/27 19:46:25.022] - eth_getBalance
[2025/09/27 19:46:25.063] - eth_getTransactionCount
[2025/09/27 19:46:25.095] - eth_getBalance
[2025/09/27 19:46:25.118] - eth_getTransactionCount
[2025/09/27 19:46:25.143] - eth_getBalance
[2025/09/27 19:46:25.162] - eth_getTransactionCount
[2025/09/27 19:46:25.184] - eth_getBalance
[2025/09/27 19:46:25.226] - eth_getTransactionCount
[2025/09/27 19:46:25.257] - eth_getBalance
[2025/09/27 19:46:25.280] - eth_getTransactionCount
[2025/09/27 19:46:25.306] - eth_getBalance
[2025/09/27 19:46:25.326] - eth_getTransactionCount
[2025/09/27 19:46:33.801] - eth_blockNumber
[2025/09/27 19:46:33.812] - eth_call
[2025/09/27 19:46:33.825] - eth_call
[2025/09/27 19:46:33.837] - eth_call
[2025/09/27 19:46:33.856] - eth_call
[2025/09/27 19:46:33.859] - eth_blockNumber
[2025/09/27 19:46:33.871] - eth_getLogs
[2025/09/27 19:46:33.873] - eth_call
[2025/09/27 19:46:33.881] - eth_getBlockByNumber
[2025/09/27 19:46:33.889] - eth_call
[2025/09/27 19:46:33.891] - eth_getBlockByNumber
[2025/09/27 19:46:33.899] - eth_getBlockByNumber
[2025/09/27 19:46:33.907] - eth_call
[2025/09/27 19:46:33.908] - eth_getBlockByNumber
[2025/09/27 19:46:33.915] - eth_getBlockByNumber
[2025/09/27 19:46:33.925] - eth_call
[2025/09/27 19:46:33.925] - eth_getBlockByNumber
[2025/09/27 19:46:33.937] - eth_getBlockByNumber
[2025/09/27 19:46:33.944] - eth_call
[2025/09/27 19:46:33.946] - eth_getLogs
[2025/09/27 19:46:33.955] - eth_getBlockByNumber
[2025/09/27 19:46:33.968] - eth_call
[2025/09/27 19:46:35.842] - eth_estimateGas
[2025/09/27 19:46:39.803] - eth_estimateGas
[2025/09/27 19:46:53.609] - eth_estimateGas
[2025/09/27 19:47:50.196] - eth_blockNumber
[2025/09/27 19:47:50.279] - eth_getBlockByNumber
[2025/09/27 19:47:50.294] - eth_getBlockByNumber
[2025/09/27 19:47:50.304] - eth_getBlockByNumber
[2025/09/27 19:47:50.315] - eth_getBlockByNumber
[2025/09/27 19:47:50.330] - eth_getBlockByNumber
[2025/09/27 19:47:50.338] - eth_getBlockByNumber
[2025/09/27 19:47:50.350] - eth_getBlockByNumber
[2025/09/27 19:47:50.371] - eth_getBlockByNumber
[2025/09/27 19:48:49.334] - eth_blockNumber
[2025/09/27 19:49:24.429] - eth_blockNumber
[2025/09/27 19:49:24.537] - eth_getBlockByNumber
[2025/09/27 19:49:24.581] - eth_getBlockByNumber
[2025/09/27 19:49:24.594] - eth_getBlockByNumber
[2025/09/27 19:49:24.631] - eth_getBlockByNumber
[2025/09/27 19:49:24.666] - eth_getBlockByNumber
[2025/09/27 19:49:24.679] - eth_getBlockByNumber
[2025/09/27 19:49:24.689] - eth_getBlockByNumber
[2025/09/27 19:49:24.700] - eth_getBlockByNumber
[2025/09/27 19:50:44.885] - eth_blockNumber
[2025/09/27 19:50:44.961] - eth_getBlockByNumber
[2025/09/27 19:50:44.990] - eth_getBlockByNumber
[2025/09/27 19:50:45.019] - eth_getBlockByNumber
[2025/09/27 19:50:45.055] - eth_getBlockByNumber
[2025/09/27 19:50:45.072] - eth_getBlockByNumber
[2025/09/27 19:50:45.084] - eth_getBlockByNumber
[2025/09/27 19:50:45.093] - eth_getBlockByNumber
[2025/09/27 19:50:45.104] - eth_getBlockByNumber
[2025/09/27 19:50:49.845] - eth_estimateGas
[2025/09/27 19:50:50.002] - eth_getCode
[2025/09/27 19:50:50.003] - eth_getCode
[2025/09/27 19:50:53.323] - eth_gasPrice
[2025/09/27 19:50:53.331] - eth_getBalance
[2025/09/27 19:50:53.334] - eth_call
[2025/09/27 19:50:53.346] - eth_call
[2025/09/27 19:50:53.422] - eth_call
[2025/09/27 19:50:53.430] - eth_call
[2025/09/27 19:50:53.461] - eth_getBalance
[2025/09/27 19:50:53.477] - eth_getBalance
[2025/09/27 19:50:53.478] - eth_getBalance
[2025/09/27 19:50:53.692] - eth_getBlockByNumber
[2025/09/27 19:50:53.718] - eth_getBlockByNumber
[2025/09/27 19:50:53.752] - eth_getBlockByNumber
[2025/09/27 19:50:53.780] - eth_getBlockByNumber
[2025/09/27 19:50:53.791] - eth_getBlockByNumber
[2025/09/27 19:50:53.798] - eth_getBlockByNumber
[2025/09/27 19:50:53.805] - eth_getBlockByNumber
[2025/09/27 19:50:53.816] - eth_getBlockByNumber
[2025/09/27 19:50:54.408] - eth_blockNumber
[2025/09/27 19:50:54.510] - eth_call
[2025/09/27 19:50:54.524] - eth_call
[2025/09/27 19:50:54.535] - eth_call
[2025/09/27 19:50:54.536] - eth_call
[2025/09/27 19:50:57.824] - eth_call
[2025/09/27 19:50:57.831] - eth_call
[2025/09/27 19:50:57.838] - eth_call
[2025/09/27 19:50:57.839] - eth_call
[2025/09/27 19:52:30.774] - eth_blockNumber
[2025/09/27 19:52:30.847] - eth_getBlockByNumber
[2025/09/27 19:52:30.884] - eth_getBlockByNumber
[2025/09/27 19:52:30.924] - eth_getBlockByNumber
[2025/09/27 19:52:30.939] - eth_getBlockByNumber
[2025/09/27 19:52:30.950] - eth_getBlockByNumber
[2025/09/27 19:52:30.956] - eth_getBlockByNumber
[2025/09/27 19:52:30.965] - eth_getBlockByNumber
[2025/09/27 19:52:30.978] - eth_getBlockByNumber
[2025/09/27 19:52:34.801] - eth_estimateGas
[2025/09/27 19:52:40.651] - eth_getBlockByNumber
[2025/09/27 19:52:40.664] - eth_getBlockByNumber
[2025/09/27 19:52:40.689] - eth_getBlockByNumber
[2025/09/27 19:52:40.720] - eth_getBlockByNumber
[2025/09/27 19:52:40.735] - eth_getBlockByNumber
[2025/09/27 19:52:40.747] - eth_getBlockByNumber
[2025/09/27 19:52:40.759] - eth_getBlockByNumber
[2025/09/27 19:52:40.773] - eth_getBlockByNumber
[2025/09/27 19:53:34.467] - eth_blockNumber
[2025/09/27 19:53:34.537] - eth_getBlockByNumber
[2025/09/27 19:53:34.577] - eth_getBlockByNumber
[2025/09/27 19:53:34.597] - eth_getBlockByNumber
[2025/09/27 19:53:34.625] - eth_getBlockByNumber
[2025/09/27 19:53:34.642] - eth_getBlockByNumber
[2025/09/27 19:53:34.659] - eth_getBlockByNumber
[2025/09/27 19:53:34.673] - eth_getBlockByNumber
[2025/09/27 19:53:34.697] - eth_getBlockByNumber
[2025/09/27 19:53:39.069] - eth_getBlockByNumber
[2025/09/27 19:53:39.102] - eth_getBlockByNumber
[2025/09/27 19:53:39.121] - eth_getBlockByNumber
[2025/09/27 19:53:39.136] - eth_getBlockByNumber
[2025/09/27 19:53:39.142] - eth_getBlockByNumber
[2025/09/27 19:53:39.149] - eth_getBlockByNumber
[2025/09/27 19:53:39.157] - eth_getBlockByNumber
[2025/09/27 19:53:39.169] - eth_getBlockByNumber
[2025/09/27 19:53:41.494] - eth_estimateGas
[2025/09/27 19:53:50.805] - eth_getBlockByNumber
[2025/09/27 19:53:50.812] - eth_getBlockByNumber
[2025/09/27 19:53:50.828] - eth_getBlockByNumber
[2025/09/27 19:53:50.851] - eth_getBlockByNumber
[2025/09/27 19:53:50.902] - eth_getBlockByNumber
[2025/09/27 19:53:50.909] - eth_getBlockByNumber
[2025/09/27 19:53:50.918] - eth_getBlockByNumber
[2025/09/27 19:53:50.935] - eth_getBlockByNumber
[2025/09/27 19:53:54.305] - eth_call
[2025/09/27 19:53:54.315] - eth_call
[2025/09/27 19:53:54.370] - eth_call
[2025/09/27 19:53:54.375] - eth_call
[2025/09/27 19:53:54.988] - eth_blockNumber
[2025/09/27 19:53:54.993] - eth_getBlockByNumber
[2025/09/27 19:53:55.050] - eth_call
[2025/09/27 19:53:55.060] - eth_call
[2025/09/27 19:53:55.076] - eth_call
[2025/09/27 19:53:55.076] - eth_call
[2025/09/27 19:54:14.998] - eth_blockNumber
[2025/09/27 19:54:18.843] - eth_call
[2025/09/27 19:54:18.850] - eth_call
[2025/09/27 19:54:18.858] - eth_call
[2025/09/27 19:54:18.858] - eth_call
[2025/09/27 19:55:00.949] - eth_blockNumber
[2025/09/27 19:55:03.409] - eth_blockNumber
[2025/09/27 19:55:13.110] - eth_getBlockByNumber
[2025/09/27 19:55:13.117] - eth_getBlockByNumber
[2025/09/27 19:55:13.124] - eth_getBlockByNumber
[2025/09/27 19:55:13.138] - eth_getBlockByNumber
[2025/09/27 19:55:13.144] - eth_getBlockByNumber
[2025/09/27 19:55:13.150] - eth_getBlockByNumber
[2025/09/27 19:55:13.156] - eth_getBlockByNumber
[2025/09/27 19:55:13.162] - eth_getBlockByNumber
[2025/09/27 19:55:18.215] - eth_call
[2025/09/27 19:55:18.241] - eth_call
[2025/09/27 19:55:18.247] - eth_call
[2025/09/27 19:55:18.264] - eth_call
[2025/09/27 19:55:18.273] - eth_getBlockByNumber
[2025/09/27 19:55:18.280] - eth_call
[2025/09/27 19:55:18.282] - eth_getBlockByNumber
[2025/09/27 19:55:18.290] - eth_getBlockByNumber
[2025/09/27 19:55:18.297] - eth_call
[2025/09/27 19:55:18.303] - eth_getBlockByNumber
[2025/09/27 19:55:18.311] - eth_getBlockByNumber
[2025/09/27 19:55:18.312] - eth_call
[2025/09/27 19:55:18.320] - eth_getBlockByNumber
[2025/09/27 19:55:18.337] - eth_call
[2025/09/27 19:55:18.339] - eth_getBlockByNumber
[2025/09/27 19:55:18.359] - eth_call
[2025/09/27 19:55:18.360] - eth_getBlockByNumber
[2025/09/27 19:55:18.386] - eth_call
[2025/09/27 19:55:44.653] - eth_blockNumber
[2025/09/27 19:55:44.661] - eth_estimateGas
[2025/09/27 19:55:44.700] - eth_getCode
[2025/09/27 19:55:44.942] - eth_call
[2025/09/27 19:55:44.951] - eth_call
[2025/09/27 19:55:45.022] - eth_call
[2025/09/27 19:55:45.023] - eth_call
[2025/09/27 19:55:45.628] - eth_blockNumber
[2025/09/27 19:55:45.711] - eth_call
[2025/09/27 19:55:45.720] - eth_call
[2025/09/27 19:55:45.731] - eth_call
[2025/09/27 19:55:45.732] - eth_call
[2025/09/27 19:55:48.907] - eth_getTransactionCount
[2025/09/27 19:55:48.927] - eth_sendRawTransaction
[2025/09/27 19:55:48.946] - 
  Transaction: 0x2c81bc14042d9ea96edaface34d322ac4b65401f4f2206647dc7d14ccd1a0edd
  Gas usage: 210077
  Block number: 68
  Block time: Sat Sep 27 2025 19:55:48 GMT+0100 (heure normale d’Afrique de l’Ouest)

[2025/09/27 19:55:48.949] - eth_getBlockByNumber
[2025/09/27 19:55:48.958] - eth_call
[2025/09/27 19:55:48.967] - eth_call
[2025/09/27 19:55:48.968] - eth_getTransactionReceipt
[2025/09/27 19:55:48.973] - eth_blockNumber
[2025/09/27 19:55:48.977] - eth_call
[2025/09/27 19:55:48.978] - eth_call
[2025/09/27 19:55:48.981] - eth_getBlockByNumber
[2025/09/27 19:55:48.985] - eth_call
[2025/09/27 19:55:48.987] - eth_getBalance
[2025/09/27 19:55:48.987] - eth_getBalance
[2025/09/27 19:55:48.990] - eth_getBalance
[2025/09/27 19:55:48.991] - eth_getBalance
[2025/09/27 19:55:49.024] - eth_call
[2025/09/27 19:55:49.038] - eth_call
[2025/09/27 19:55:49.054] - eth_call
[2025/09/27 19:55:49.057] - eth_getBalance
[2025/09/27 19:55:49.120] - eth_getTransactionCount
[2025/09/27 19:55:49.121] - eth_call
[2025/09/27 19:55:49.145] - eth_call
[2025/09/27 19:55:49.158] - eth_call
[2025/09/27 19:55:49.163] - eth_getBalance
[2025/09/27 19:55:49.172] - eth_call
[2025/09/27 19:55:49.186] - eth_call
[2025/09/27 19:55:49.226] - eth_getTransactionCount
[2025/09/27 19:55:49.264] - eth_getBalance
[2025/09/27 19:55:49.294] - eth_getTransactionCount
[2025/09/27 19:55:49.348] - eth_getBalance
[2025/09/27 19:55:49.384] - eth_getTransactionCount
[2025/09/27 19:55:49.411] - eth_getBalance
[2025/09/27 19:55:49.451] - eth_getTransactionCount
[2025/09/27 19:55:49.484] - eth_getBalance
[2025/09/27 19:55:49.513] - eth_getTransactionCount
[2025/09/27 19:55:49.539] - eth_getBalance
[2025/09/27 19:55:49.581] - eth_getTransactionCount
[2025/09/27 19:55:49.610] - eth_getBalance
[2025/09/27 19:55:49.645] - eth_getTransactionCount
[2025/09/27 19:55:49.674] - eth_getBalance
[2025/09/27 19:55:49.719] - eth_getTransactionCount
[2025/09/27 19:55:49.754] - eth_getBalance
[2025/09/27 19:55:49.779] - eth_getTransactionCount
[2025/09/27 19:55:51.958] - eth_getTransactionReceipt
[2025/09/27 19:55:51.961] - eth_getBlockByHash
[2025/09/27 19:55:51.971] - eth_call
[2025/09/27 19:55:51.979] - eth_call
[2025/09/27 19:55:51.985] - eth_call
[2025/09/27 19:55:51.986] - eth_call
[2025/09/27 19:55:54.305] - eth_call
[2025/09/27 19:56:16.245] - eth_blockNumber
[2025/09/27 19:56:16.253] - eth_blockNumber
[2025/09/27 19:56:16.257] - eth_estimateGas
[2025/09/27 19:56:16.277] - eth_getCode
[2025/09/27 19:56:16.278] - eth_getCode
[2025/09/27 19:56:16.518] - eth_gasPrice
[2025/09/27 19:56:16.528] - eth_call
[2025/09/27 19:56:16.536] - eth_call
[2025/09/27 19:56:16.605] - eth_call
[2025/09/27 19:56:16.614] - eth_call
[2025/09/27 19:56:17.205] - eth_blockNumber
[2025/09/27 19:56:17.264] - eth_call
[2025/09/27 19:56:17.274] - eth_call
[2025/09/27 19:56:17.284] - eth_call
[2025/09/27 19:56:17.285] - eth_call
[2025/09/27 19:56:20.158] - eth_getTransactionCount
[2025/09/27 19:56:20.177] - eth_sendRawTransaction
[2025/09/27 19:56:20.184] - 
  Transaction: 0xb200c1fc7c22145843b8b3eb7128b51c63d794139cf73aed2f1962fde17827ec
  Gas usage: 32756
  Block number: 69
  Block time: Sat Sep 27 2025 19:56:20 GMT+0100 (heure normale d’Afrique de l’Ouest)

[2025/09/27 19:56:20.186] - eth_getBlockByNumber
[2025/09/27 19:56:20.195] - eth_call
[2025/09/27 19:56:20.201] - eth_getTransactionReceipt
[2025/09/27 19:56:20.205] - eth_call
[2025/09/27 19:56:20.206] - eth_blockNumber
[2025/09/27 19:56:20.211] - eth_getBlockByNumber
[2025/09/27 19:56:20.217] - eth_call
[2025/09/27 19:56:20.217] - eth_call
[2025/09/27 19:56:20.221] - eth_getBalance
[2025/09/27 19:56:20.222] - eth_getBalance
[2025/09/27 19:56:20.223] - eth_getBalance
[2025/09/27 19:56:20.224] - eth_getBalance
[2025/09/27 19:56:20.227] - eth_call
[2025/09/27 19:56:20.253] - eth_call
[2025/09/27 19:56:20.268] - eth_call
[2025/09/27 19:56:20.287] - eth_call
[2025/09/27 19:56:20.291] - eth_getBalance
[2025/09/27 19:56:20.350] - eth_getTransactionCount
[2025/09/27 19:56:20.357] - eth_call
[2025/09/27 19:56:20.384] - eth_call
[2025/09/27 19:56:20.389] - eth_getBalance
[2025/09/27 19:56:20.399] - eth_call
[2025/09/27 19:56:20.414] - eth_call
[2025/09/27 19:56:20.428] - eth_call
[2025/09/27 19:56:20.448] - eth_getTransactionCount
[2025/09/27 19:56:20.485] - eth_getBalance
[2025/09/27 19:56:20.512] - eth_getTransactionCount
[2025/09/27 19:56:20.563] - eth_getBalance
[2025/09/27 19:56:20.599] - eth_getTransactionCount
[2025/09/27 19:56:20.626] - eth_getBalance
[2025/09/27 19:56:20.665] - eth_getTransactionCount
[2025/09/27 19:56:20.699] - eth_getBalance
[2025/09/27 19:56:20.724] - eth_getTransactionCount
[2025/09/27 19:56:20.749] - eth_getBalance
[2025/09/27 19:56:20.790] - eth_getTransactionCount
[2025/09/27 19:56:20.818] - eth_getBalance
[2025/09/27 19:56:20.855] - eth_getTransactionCount
[2025/09/27 19:56:20.886] - eth_getBalance
[2025/09/27 19:56:20.929] - eth_getTransactionCount
[2025/09/27 19:56:20.964] - eth_getBalance
[2025/09/27 19:56:20.989] - eth_getTransactionCount
[2025/09/27 19:56:23.389] - eth_getTransactionReceipt
[2025/09/27 19:56:23.394] - eth_getBlockByHash
[2025/09/27 19:56:23.404] - eth_call
[2025/09/27 19:56:23.411] - eth_call
[2025/09/27 19:56:23.418] - eth_call
[2025/09/27 19:56:23.419] - eth_call
[2025/09/27 19:56:25.179] - eth_blockNumber
[2025/09/27 19:56:25.333] - eth_gasPrice
[2025/09/27 19:56:32.962] - eth_call
[2025/09/27 19:56:32.963] - eth_blockNumber
[2025/09/27 19:56:32.984] - eth_getLogs
[2025/09/27 19:56:33.002] - eth_getBlockByNumber
[2025/09/27 19:56:33.014] - eth_getBlockByNumber
[2025/09/27 19:56:33.026] - eth_getBlockByNumber
[2025/09/27 19:56:33.043] - eth_getBlockByNumber
[2025/09/27 19:56:33.052] - eth_getBlockByNumber
[2025/09/27 19:56:33.063] - eth_getBlockByNumber
[2025/09/27 19:56:33.071] - eth_getBlockByNumber
[2025/09/27 19:56:33.076] - eth_getBlockByNumber
[2025/09/27 19:56:33.083] - eth_getLogs
[2025/09/27 19:56:33.091] - eth_getBlockByNumber
[2025/09/27 19:56:35.676] - eth_estimateGas
[2025/09/27 19:56:35.708] - eth_getCode
[2025/09/27 19:56:35.709] - eth_getCode
[2025/09/27 19:56:35.721] - eth_call
[2025/09/27 19:56:35.730] - eth_call
[2025/09/27 19:56:35.802] - eth_call
[2025/09/27 19:56:35.814] - eth_call
[2025/09/27 19:56:36.367] - eth_blockNumber
[2025/09/27 19:56:36.421] - eth_call
[2025/09/27 19:56:36.431] - eth_call
[2025/09/27 19:56:36.443] - eth_call
[2025/09/27 19:56:36.444] - eth_call
[2025/09/27 19:56:36.484] - eth_call
[2025/09/27 19:56:36.491] - eth_call
[2025/09/27 19:56:36.498] - eth_call
[2025/09/27 19:56:36.499] - eth_call
[2025/09/27 19:56:46.176] - eth_call
[2025/09/27 19:56:46.185] - eth_call
[2025/09/27 19:56:46.193] - eth_call
[2025/09/27 19:56:46.194] - eth_call
[2025/09/27 19:57:22.792] - eth_blockNumber
[2025/09/27 19:57:35.740] - eth_getBlockByNumber
[2025/09/27 19:57:35.757] - eth_getBlockByNumber
[2025/09/27 19:57:35.770] - eth_getBlockByNumber
[2025/09/27 19:57:35.783] - eth_getBlockByNumber
[2025/09/27 19:57:35.796] - eth_getBlockByNumber
[2025/09/27 19:57:35.802] - eth_getBlockByNumber
[2025/09/27 19:57:35.809] - eth_getBlockByNumber
[2025/09/27 19:57:35.816] - eth_getBlockByNumber
[2025/09/27 19:57:35.825] - eth_getBlockByNumber
[2025/09/27 19:57:57.859] - eth_blockNumber
[2025/09/27 19:57:57.867] - eth_estimateGas
[2025/09/27 19:57:58.142] - eth_call
[2025/09/27 19:57:58.151] - eth_call
[2025/09/27 19:57:58.220] - eth_call
[2025/09/27 19:57:58.233] - eth_call
[2025/09/27 19:57:58.824] - eth_blockNumber
[2025/09/27 19:57:58.908] - eth_call
[2025/09/27 19:57:58.919] - eth_call
[2025/09/27 19:57:58.929] - eth_call
[2025/09/27 19:57:58.930] - eth_call
[2025/09/27 19:58:00.586] - eth_getTransactionCount
[2025/09/27 19:58:00.604] - eth_sendRawTransaction
[2025/09/27 19:58:00.619] - 
  Transaction: 0xfca2f732319e8ae9cb92f54e2720f245783dd5f119b73fee4a82c5e8b7ed2c81
  Gas usage: 210089
  Block number: 70
  Block time: Sat Sep 27 2025 19:58:00 GMT+0100 (heure normale d’Afrique de l’Ouest)

[2025/09/27 19:58:00.622] - eth_getBlockByNumber
[2025/09/27 19:58:00.632] - eth_call
[2025/09/27 19:58:00.637] - eth_getTransactionReceipt
[2025/09/27 19:58:00.644] - eth_blockNumber
[2025/09/27 19:58:00.650] - eth_call
[2025/09/27 19:58:00.650] - eth_getBlockByNumber
[2025/09/27 19:58:00.655] - eth_getBalance
[2025/09/27 19:58:00.656] - eth_getBalance
[2025/09/27 19:58:00.657] - eth_getBalance
[2025/09/27 19:58:00.658] - eth_getBalance
[2025/09/27 19:58:00.660] - eth_call
[2025/09/27 19:58:00.664] - eth_call
[2025/09/27 19:58:00.665] - eth_call
[2025/09/27 19:58:00.689] - eth_call
[2025/09/27 19:58:00.709] - eth_call
[2025/09/27 19:58:00.746] - eth_call
[2025/09/27 19:58:00.748] - eth_getBalance
[2025/09/27 19:58:00.786] - eth_call
[2025/09/27 19:58:00.791] - eth_getTransactionCount
[2025/09/27 19:58:00.811] - eth_call
[2025/09/27 19:58:00.825] - eth_call
[2025/09/27 19:58:00.839] - eth_call
[2025/09/27 19:58:00.851] - eth_call
[2025/09/27 19:58:00.856] - eth_getBalance
[2025/09/27 19:58:00.865] - eth_call
[2025/09/27 19:58:00.899] - eth_getTransactionCount
[2025/09/27 19:58:00.940] - eth_getBalance
[2025/09/27 19:58:00.984] - eth_getTransactionCount
[2025/09/27 19:58:01.019] - eth_getBalance
[2025/09/27 19:58:01.044] - eth_getTransactionCount
[2025/09/27 19:58:01.084] - eth_getBalance
[2025/09/27 19:58:01.108] - eth_getTransactionCount
[2025/09/27 19:58:01.135] - eth_getBalance
[2025/09/27 19:58:01.158] - eth_getTransactionCount
[2025/09/27 19:58:01.204] - eth_getBalance
[2025/09/27 19:58:01.239] - eth_getTransactionCount
[2025/09/27 19:58:01.268] - eth_getBalance
[2025/09/27 19:58:01.313] - eth_getTransactionCount
[2025/09/27 19:58:01.350] - eth_getBalance
[2025/09/27 19:58:01.377] - eth_getTransactionCount
[2025/09/27 19:58:01.421] - eth_getBalance
[2025/09/27 19:58:01.455] - eth_getTransactionCount
[2025/09/27 19:58:03.488] - eth_call
[2025/09/27 19:58:03.636] - eth_getTransactionReceipt
[2025/09/27 19:58:03.640] - eth_getBlockByHash
[2025/09/27 19:58:03.649] - eth_call
[2025/09/27 19:58:03.657] - eth_call
[2025/09/27 19:58:03.663] - eth_call
[2025/09/27 19:58:03.664] - eth_call
[2025/09/27 19:58:11.386] - eth_blockNumber
[2025/09/27 19:58:11.392] - eth_estimateGas
[2025/09/27 19:58:11.411] - eth_getCode
[2025/09/27 19:58:11.412] - eth_getCode
[2025/09/27 19:58:11.633] - eth_gasPrice
[2025/09/27 19:58:11.642] - eth_call
[2025/09/27 19:58:11.651] - eth_call
[2025/09/27 19:58:11.719] - eth_call
[2025/09/27 19:58:11.729] - eth_call
[2025/09/27 19:58:12.316] - eth_blockNumber
[2025/09/27 19:58:12.377] - eth_call
[2025/09/27 19:58:12.386] - eth_call
[2025/09/27 19:58:12.397] - eth_call
[2025/09/27 19:58:12.397] - eth_call
[2025/09/27 19:58:14.033] - eth_getTransactionCount
[2025/09/27 19:58:14.050] - eth_sendRawTransaction
[2025/09/27 19:58:14.059] - 
  Transaction: 0xb3669537f3f74115bca7dbd91396f5d66678ce6e869f20347b66ec73228a0452
  Gas usage: 32744
  Block number: 71
  Block time: Sat Sep 27 2025 19:58:14 GMT+0100 (heure normale d’Afrique de l’Ouest)

[2025/09/27 19:58:14.062] - eth_getBlockByNumber
[2025/09/27 19:58:14.071] - eth_call
[2025/09/27 19:58:14.078] - eth_getTransactionReceipt
[2025/09/27 19:58:14.083] - eth_blockNumber
[2025/09/27 19:58:14.088] - eth_call
[2025/09/27 19:58:14.090] - eth_getBlockByNumber
[2025/09/27 19:58:14.095] - eth_getBalance
[2025/09/27 19:58:14.095] - eth_getBalance
[2025/09/27 19:58:14.097] - eth_getBalance
[2025/09/27 19:58:14.098] - eth_getBalance
[2025/09/27 19:58:14.099] - eth_call
[2025/09/27 19:58:14.104] - eth_call
[2025/09/27 19:58:14.105] - eth_call
[2025/09/27 19:58:14.161] - eth_call
[2025/09/27 19:58:14.176] - eth_call
[2025/09/27 19:58:14.182] - eth_getBalance
[2025/09/27 19:58:14.224] - eth_getTransactionCount
[2025/09/27 19:58:14.239] - eth_call
[2025/09/27 19:58:14.255] - eth_call
[2025/09/27 19:58:14.266] - eth_call
[2025/09/27 19:58:14.279] - eth_call
[2025/09/27 19:58:14.281] - eth_getBalance
[2025/09/27 19:58:14.292] - eth_call
[2025/09/27 19:58:14.303] - eth_call
[2025/09/27 19:58:14.315] - eth_call
[2025/09/27 19:58:14.330] - eth_getTransactionCount
[2025/09/27 19:58:14.363] - eth_getBalance
[2025/09/27 19:58:14.421] - eth_getTransactionCount
[2025/09/27 19:58:14.473] - eth_getBalance
[2025/09/27 19:58:14.508] - eth_getTransactionCount
[2025/09/27 19:58:14.551] - eth_getBalance
[2025/09/27 19:58:14.589] - eth_getTransactionCount
[2025/09/27 19:58:14.615] - eth_getBalance
[2025/09/27 19:58:14.641] - eth_getTransactionCount
[2025/09/27 19:58:14.684] - eth_getBalance
[2025/09/27 19:58:14.711] - eth_getTransactionCount
[2025/09/27 19:58:14.747] - eth_getBalance
[2025/09/27 19:58:14.777] - eth_getTransactionCount
[2025/09/27 19:58:14.823] - eth_getBalance
[2025/09/27 19:58:14.859] - eth_getTransactionCount
[2025/09/27 19:58:14.889] - eth_getBalance
[2025/09/27 19:58:14.928] - eth_getTransactionCount
[2025/09/27 19:58:17.083] - eth_getTransactionReceipt
[2025/09/27 19:58:17.087] - eth_getBlockByHash
[2025/09/27 19:58:17.098] - eth_call
[2025/09/27 19:58:17.105] - eth_call
[2025/09/27 19:58:17.112] - eth_call
[2025/09/27 19:58:17.112] - eth_call
[2025/09/27 19:58:19.393] - eth_blockNumber
[2025/09/27 19:58:19.596] - eth_gasPrice
[2025/09/27 19:58:24.826] - eth_call
[2025/09/27 19:58:24.828] - eth_blockNumber
[2025/09/27 19:58:24.847] - eth_getLogs
[2025/09/27 19:58:24.867] - eth_getBlockByNumber
[2025/09/27 19:58:24.880] - eth_getBlockByNumber
[2025/09/27 19:58:24.891] - eth_getBlockByNumber
[2025/09/27 19:58:24.907] - eth_getBlockByNumber
[2025/09/27 19:58:24.915] - eth_getBlockByNumber
[2025/09/27 19:58:24.924] - eth_getBlockByNumber
[2025/09/27 19:58:24.935] - eth_getBlockByNumber
[2025/09/27 19:58:24.941] - eth_getBlockByNumber
[2025/09/27 19:58:24.949] - eth_getBlockByNumber
[2025/09/27 19:58:24.955] - eth_getLogs
[2025/09/27 19:58:24.961] - eth_getBlockByNumber
[2025/09/27 19:58:28.897] - eth_estimateGas
[2025/09/27 19:58:28.927] - eth_getCode
[2025/09/27 19:58:28.928] - eth_getCode
[2025/09/27 19:58:29.156] - eth_call
[2025/09/27 19:58:29.167] - eth_call
[2025/09/27 19:58:29.217] - eth_call
[2025/09/27 19:58:29.218] - eth_call
[2025/09/27 19:58:29.929] - eth_blockNumber
[2025/09/27 19:58:29.990] - eth_call
[2025/09/27 19:58:29.999] - eth_call
[2025/09/27 19:58:30.011] - eth_call
[2025/09/27 19:58:30.011] - eth_call
[2025/09/27 19:58:30.048] - eth_call
[2025/09/27 19:58:30.055] - eth_call
[2025/09/27 19:58:30.063] - eth_call
[2025/09/27 19:58:30.064] - eth_call
[2025/09/27 19:58:33.619] - eth_getTransactionCount
[2025/09/27 19:58:33.636] - eth_sendRawTransaction
[2025/09/27 19:58:33.650] - 
  Transaction: 0x24dc6e0a4d995d2e9cc29e61f704099ddb4f29128efcfbd10164a87dc9a1ba31
  Gas usage: 111899
  Block number: 72
  Block time: Sat Sep 27 2025 19:58:33 GMT+0100 (heure normale d’Afrique de l’Ouest)

[2025/09/27 19:58:33.653] - eth_getBlockByNumber
[2025/09/27 19:58:33.662] - eth_call
[2025/09/27 19:58:33.667] - eth_getTransactionReceipt
[2025/09/27 19:58:33.674] - eth_call
[2025/09/27 19:58:33.676] - eth_blockNumber
[2025/09/27 19:58:33.680] - eth_getBlockByNumber
[2025/09/27 19:58:33.686] - eth_call
[2025/09/27 19:58:33.687] - eth_call
[2025/09/27 19:58:33.690] - eth_call
[2025/09/27 19:58:33.691] - eth_getBalance
[2025/09/27 19:58:33.693] - eth_getBalance
[2025/09/27 19:58:33.694] - eth_getBalance
[2025/09/27 19:58:33.698] - eth_getBalance
[2025/09/27 19:58:33.724] - eth_call
[2025/09/27 19:58:33.742] - eth_call
[2025/09/27 19:58:33.786] - eth_getBalance
[2025/09/27 19:58:33.804] - eth_call
[2025/09/27 19:58:33.827] - eth_call
[2025/09/27 19:58:33.840] - eth_call
[2025/09/27 19:58:33.844] - eth_getTransactionCount
[2025/09/27 19:58:33.855] - eth_call
[2025/09/27 19:58:33.867] - eth_call
[2025/09/27 19:58:33.881] - eth_call
[2025/09/27 19:58:33.887] - eth_getBalance
[2025/09/27 19:58:33.892] - eth_call
[2025/09/27 19:58:33.948] - eth_getTransactionCount
[2025/09/27 19:58:33.989] - eth_getBalance
[2025/09/27 19:58:34.035] - eth_getTransactionCount
[2025/09/27 19:58:34.077] - eth_getBalance
[2025/09/27 19:58:34.101] - eth_getTransactionCount
[2025/09/27 19:58:34.126] - eth_getBalance
[2025/09/27 19:58:34.173] - eth_getTransactionCount
[2025/09/27 19:58:34.209] - eth_getBalance
[2025/09/27 19:58:34.236] - eth_getTransactionCount
[2025/09/27 19:58:34.283] - eth_getBalance
[2025/09/27 19:58:34.321] - eth_getTransactionCount
[2025/09/27 19:58:34.347] - eth_getBalance
[2025/09/27 19:58:34.383] - eth_getTransactionCount
[2025/09/27 19:58:34.420] - eth_getBalance
[2025/09/27 19:58:34.444] - eth_getTransactionCount
[2025/09/27 19:58:34.468] - eth_getBalance
[2025/09/27 19:58:34.508] - eth_getTransactionCount
[2025/09/27 19:58:36.667] - eth_getTransactionReceipt
[2025/09/27 19:58:36.671] - eth_getBlockByHash
[2025/09/27 19:58:36.681] - eth_call
[2025/09/27 19:58:36.688] - eth_call
[2025/09/27 19:58:36.695] - eth_call
[2025/09/27 19:58:36.696] - eth_call
[2025/09/27 19:58:43.878] - eth_blockNumber
[2025/09/27 19:58:43.884] - eth_getLogs
[2025/09/27 19:58:43.895] - eth_getBlockByNumber
[2025/09/27 19:58:43.901] - eth_getBlockByNumber
[2025/09/27 19:58:43.907] - eth_getBlockByNumber
[2025/09/27 19:58:43.914] - eth_getBlockByNumber
[2025/09/27 19:58:43.920] - eth_getBlockByNumber
[2025/09/27 19:58:43.925] - eth_getBlockByNumber
[2025/09/27 19:58:43.931] - eth_getBlockByNumber
[2025/09/27 19:58:43.937] - eth_getBlockByNumber
[2025/09/27 19:58:43.943] - eth_getBlockByNumber
[2025/09/27 19:58:43.950] - eth_getLogs
[2025/09/27 19:58:43.959] - eth_getBlockByNumber
[2025/09/27 19:59:28.202] - eth_blockNumber
[2025/09/27 19:59:28.216] - eth_call
[2025/09/27 20:12:11.586] - eth_blockNumber
[2025/09/27 20:12:11.650] - eth_getBlockByNumber
[2025/09/27 20:12:11.671] - eth_getBlockByNumber
[2025/09/27 20:12:11.682] - eth_getBlockByNumber
[2025/09/27 20:12:11.697] - eth_getBlockByNumber
[2025/09/27 20:12:11.717] - eth_getBlockByNumber
[2025/09/27 20:12:11.739] - eth_getBlockByNumber
[2025/09/27 20:12:11.757] - eth_getBlockByNumber
[2025/09/27 20:12:11.774] - eth_getBlockByNumber
[2025/09/27 20:12:11.784] - eth_getBlockByNumber
[2025/09/27 20:12:11.798] - eth_getBlockByNumber
[2025/09/27 20:12:29.616] - eth_call
[2025/09/27 20:12:29.658] - eth_call
[2025/09/27 20:12:29.660] - eth_call
[2025/09/27 20:12:29.671] - eth_getBlockByNumber
[2025/09/27 20:12:29.683] - eth_call
[2025/09/27 20:12:29.692] - eth_getBlockByNumber
[2025/09/27 20:12:29.719] - eth_call
[2025/09/27 20:12:29.728] - eth_getBlockByNumber
[2025/09/27 20:12:29.745] - eth_call
[2025/09/27 20:12:29.749] - eth_getBlockByNumber
[2025/09/27 20:12:29.759] - eth_getBlockByNumber
[2025/09/27 20:12:29.766] - eth_call
[2025/09/27 20:12:29.767] - eth_getBlockByNumber
[2025/09/27 20:12:29.777] - eth_getBlockByNumber
[2025/09/27 20:12:29.786] - eth_call
[2025/09/27 20:12:29.787] - eth_getBlockByNumber
[2025/09/27 20:12:29.811] - eth_getBlockByNumber
[2025/09/27 20:12:29.814] - eth_call
[2025/09/27 20:12:29.842] - eth_call
[2025/09/27 20:12:29.846] - eth_getBlockByNumber
[2025/09/27 20:12:29.863] - eth_call
[2025/09/27 20:12:29.883] - eth_call
[2025/09/27 20:12:49.484] - eth_blockNumber
[2025/09/27 20:12:49.532] - eth_getBlockByNumber
[2025/09/27 20:12:49.568] - eth_getBlockByNumber
[2025/09/27 20:12:49.592] - eth_getBlockByNumber
[2025/09/27 20:12:49.631] - eth_getBlockByNumber
[2025/09/27 20:12:49.656] - eth_getBlockByNumber
[2025/09/27 20:12:49.663] - eth_getBlockByNumber
[2025/09/27 20:12:49.669] - eth_getBlockByNumber
[2025/09/27 20:12:49.680] - eth_getBlockByNumber
[2025/09/27 20:12:49.690] - eth_getBlockByNumber
[2025/09/27 20:12:49.702] - eth_getBlockByNumber
[2025/09/27 20:12:54.817] - eth_estimateGas
[2025/09/27 20:12:58.119] - eth_estimateGas
[2025/09/27 20:14:54.256] - eth_blockNumber
[2025/09/27 20:14:54.350] - eth_getBlockByNumber
[2025/09/27 20:14:54.377] - eth_getBlockByNumber
[2025/09/27 20:14:54.411] - eth_getBlockByNumber
[2025/09/27 20:14:54.439] - eth_getBlockByNumber
[2025/09/27 20:14:54.465] - eth_getBlockByNumber
[2025/09/27 20:14:54.473] - eth_getBlockByNumber
[2025/09/27 20:14:54.481] - eth_getBlockByNumber
[2025/09/27 20:14:54.488] - eth_getBlockByNumber
[2025/09/27 20:14:54.500] - eth_getBlockByNumber
[2025/09/27 20:14:54.515] - eth_getBlockByNumber
[2025/09/27 20:15:13.648] - eth_estimateGas
[2025/09/27 20:15:14.904] - eth_blockNumber
[2025/09/27 20:15:17.075] - eth_estimateGas
[2025/09/27 20:16:30.832] - eth_blockNumber
[2025/09/27 20:16:30.896] - eth_getBlockByNumber
[2025/09/27 20:16:30.919] - eth_getBlockByNumber
[2025/09/27 20:16:30.935] - eth_getBlockByNumber
[2025/09/27 20:16:30.961] - eth_getBlockByNumber
[2025/09/27 20:16:31.003] - eth_getBlockByNumber
[2025/09/27 20:16:31.021] - eth_getBlockByNumber
[2025/09/27 20:16:31.030] - eth_getBlockByNumber
[2025/09/27 20:16:31.037] - eth_getBlockByNumber
[2025/09/27 20:16:31.046] - eth_getBlockByNumber
[2025/09/27 20:16:31.059] - eth_getBlockByNumber
[2025/09/27 20:16:35.014] - eth_estimateGas
[2025/09/27 20:16:41.532] - eth_blockNumber
[2025/09/27 20:16:46.192] - eth_gasPrice
[2025/09/27 20:16:48.762] - eth_getBlockByNumber
[2025/09/27 20:16:48.770] - eth_getBlockByNumber
[2025/09/27 20:16:48.778] - eth_getBlockByNumber
[2025/09/27 20:16:48.785] - eth_getBlockByNumber
[2025/09/27 20:16:48.807] - eth_getBlockByNumber
[2025/09/27 20:16:48.814] - eth_getBlockByNumber
[2025/09/27 20:16:48.822] - eth_getBlockByNumber
[2025/09/27 20:16:48.827] - eth_getBlockByNumber
[2025/09/27 20:16:48.832] - eth_getBlockByNumber
[2025/09/27 20:16:48.840] - eth_getBlockByNumber
[2025/09/27 20:16:51.233] - eth_call
[2025/09/27 20:16:51.301] - eth_getBlockByNumber
[2025/09/27 20:16:51.312] - eth_getBlockByNumber
[2025/09/27 20:16:51.321] - eth_getBlockByNumber
[2025/09/27 20:16:51.331] - eth_getBlockByNumber
[2025/09/27 20:16:51.365] - eth_getBlockByNumber
[2025/09/27 20:16:51.390] - eth_getBlockByNumber
[2025/09/27 20:16:51.412] - eth_getBlockByNumber
[2025/09/27 20:16:51.423] - eth_getBlockByNumber
[2025/09/27 20:16:51.429] - eth_getBlockByNumber
[2025/09/27 20:16:51.437] - eth_getBlockByNumber
[2025/09/27 20:17:10.564] - eth_blockNumber
[2025/09/27 20:17:10.572] - eth_estimateGas
[2025/09/27 20:17:10.610] - eth_getCode
[2025/09/27 20:17:10.611] - eth_getCode
[2025/09/27 20:17:11.001] - eth_call
[2025/09/27 20:17:11.011] - eth_call
[2025/09/27 20:17:11.082] - eth_call
[2025/09/27 20:17:11.095] - eth_call
[2025/09/27 20:17:11.701] - eth_blockNumber
[2025/09/27 20:17:11.790] - eth_call
[2025/09/27 20:17:11.800] - eth_call
[2025/09/27 20:17:11.811] - eth_call
[2025/09/27 20:17:11.812] - eth_call
[2025/09/27 20:17:13.692] - eth_getTransactionCount
[2025/09/27 20:17:13.717] - eth_sendRawTransaction
[2025/09/27 20:17:13.737] - 
  Transaction: 0xe2e7ff9e309259b6a97a66e93c72f41d80bcfd1545954d746d43b0a5ded8a868
  Gas usage: 210137
  Block number: 73
  Block time: Sat Sep 27 2025 20:17:13 GMT+0100 (heure normale d’Afrique de l’Ouest)

[2025/09/27 20:17:13.740] - eth_getBlockByNumber
[2025/09/27 20:17:13.752] - eth_call
[2025/09/27 20:17:13.758] - eth_getTransactionReceipt
[2025/09/27 20:17:13.764] - eth_call
[2025/09/27 20:17:13.766] - eth_blockNumber
[2025/09/27 20:17:13.770] - eth_getBlockByNumber
[2025/09/27 20:17:13.776] - eth_call
[2025/09/27 20:17:13.777] - eth_call
[2025/09/27 20:17:13.780] - eth_getBalance
[2025/09/27 20:17:13.781] - eth_getBalance
[2025/09/27 20:17:13.782] - eth_getBalance
[2025/09/27 20:17:13.782] - eth_getBalance
[2025/09/27 20:17:13.786] - eth_call
[2025/09/27 20:17:13.813] - eth_call
[2025/09/27 20:17:13.827] - eth_call
[2025/09/27 20:17:13.841] - eth_call
[2025/09/27 20:17:13.850] - eth_getBalance
[2025/09/27 20:17:13.905] - eth_call
[2025/09/27 20:17:13.911] - eth_getTransactionCount
[2025/09/27 20:17:13.933] - eth_call
[2025/09/27 20:17:13.948] - eth_call
[2025/09/27 20:17:13.962] - eth_call
[2025/09/27 20:17:13.971] - eth_getBalance
[2025/09/27 20:17:13.975] - eth_call
[2025/09/27 20:17:13.989] - eth_call
[2025/09/27 20:17:14.003] - eth_call
[2025/09/27 20:17:14.016] - eth_getTransactionCount
[2025/09/27 20:17:14.080] - eth_getBalance
[2025/09/27 20:17:14.141] - eth_getTransactionCount
[2025/09/27 20:17:14.175] - eth_getBalance
[2025/09/27 20:17:14.240] - eth_getTransactionCount
[2025/09/27 20:17:14.292] - eth_getBalance
[2025/09/27 20:17:14.335] - eth_getTransactionCount
[2025/09/27 20:17:14.396] - eth_getBalance
[2025/09/27 20:17:14.439] - eth_getTransactionCount
[2025/09/27 20:17:14.478] - eth_getBalance
[2025/09/27 20:17:14.529] - eth_getTransactionCount
[2025/09/27 20:17:14.563] - eth_getBalance
[2025/09/27 20:17:14.596] - eth_getTransactionCount
[2025/09/27 20:17:14.635] - eth_getBalance
[2025/09/27 20:17:14.671] - eth_getTransactionCount
[2025/09/27 20:17:14.697] - eth_getBalance
[2025/09/27 20:17:14.724] - eth_getTransactionCount
[2025/09/27 20:17:16.527] - eth_call
[2025/09/27 20:17:16.761] - eth_getTransactionReceipt
[2025/09/27 20:17:16.764] - eth_getBlockByHash
[2025/09/27 20:17:16.777] - eth_call
[2025/09/27 20:17:16.785] - eth_call
[2025/09/27 20:17:16.793] - eth_call
[2025/09/27 20:17:16.793] - eth_call
[2025/09/27 20:17:22.438] - eth_blockNumber
[2025/09/27 20:17:22.445] - eth_estimateGas
[2025/09/27 20:17:22.465] - eth_getCode
[2025/09/27 20:17:22.466] - eth_getCode
[2025/09/27 20:17:22.479] - eth_gasPrice
[2025/09/27 20:17:22.488] - eth_call
[2025/09/27 20:17:22.543] - eth_call
[2025/09/27 20:17:22.582] - eth_call
[2025/09/27 20:17:22.583] - eth_call
[2025/09/27 20:17:23.194] - eth_blockNumber
[2025/09/27 20:17:23.249] - eth_call
[2025/09/27 20:17:23.259] - eth_call
[2025/09/27 20:17:23.270] - eth_call
[2025/09/27 20:17:23.270] - eth_call
[2025/09/27 20:17:25.140] - eth_getTransactionCount
[2025/09/27 20:17:25.159] - eth_sendRawTransaction
[2025/09/27 20:17:25.169] - 
  Transaction: 0xd22f4b1868e4281c9b99b40da28d3ce3ffd19bc71936f1d93cc3361b82c0326e
  Gas usage: 32804
  Block number: 74
  Block time: Sat Sep 27 2025 20:17:25 GMT+0100 (heure normale d’Afrique de l’Ouest)

[2025/09/27 20:17:25.172] - eth_getBlockByNumber
[2025/09/27 20:17:25.223] - eth_call
[2025/09/27 20:17:25.235] - eth_call
[2025/09/27 20:17:25.237] - eth_getTransactionReceipt
[2025/09/27 20:17:25.242] - eth_blockNumber
[2025/09/27 20:17:25.249] - eth_call
[2025/09/27 20:17:25.250] - eth_call
[2025/09/27 20:17:25.252] - eth_getBlockByNumber
[2025/09/27 20:17:25.257] - eth_call
[2025/09/27 20:17:25.258] - eth_getBalance
[2025/09/27 20:17:25.260] - eth_getBalance
[2025/09/27 20:17:25.261] - eth_getBalance
[2025/09/27 20:17:25.262] - eth_getBalance
[2025/09/27 20:17:25.292] - eth_getBalance
[2025/09/27 20:17:25.300] - eth_call
[2025/09/27 20:17:25.314] - eth_call
[2025/09/27 20:17:25.330] - eth_call
[2025/09/27 20:17:25.346] - eth_getTransactionCount
[2025/09/27 20:17:25.385] - eth_getBalance
[2025/09/27 20:17:25.406] - eth_call
[2025/09/27 20:17:25.424] - eth_call
[2025/09/27 20:17:25.440] - eth_call
[2025/09/27 20:17:25.454] - eth_call
[2025/09/27 20:17:25.464] - eth_getTransactionCount
[2025/09/27 20:17:25.466] - eth_call
[2025/09/27 20:17:25.479] - eth_call
[2025/09/27 20:17:25.492] - eth_call
[2025/09/27 20:17:25.514] - eth_getBalance
[2025/09/27 20:17:25.546] - eth_getTransactionCount
[2025/09/27 20:17:25.602] - eth_getBalance
[2025/09/27 20:17:25.638] - eth_getTransactionCount
[2025/09/27 20:17:25.668] - eth_getBalance
[2025/09/27 20:17:25.707] - eth_getTransactionCount
[2025/09/27 20:17:25.743] - eth_getBalance
[2025/09/27 20:17:25.769] - eth_getTransactionCount
[2025/09/27 20:17:25.795] - eth_getBalance
[2025/09/27 20:17:25.836] - eth_getTransactionCount
[2025/09/27 20:17:25.864] - eth_getBalance
[2025/09/27 20:17:25.901] - eth_getTransactionCount
[2025/09/27 20:17:25.931] - eth_getBalance
[2025/09/27 20:17:25.973] - eth_getTransactionCount
[2025/09/27 20:17:26.009] - eth_getBalance
[2025/09/27 20:17:26.035] - eth_getTransactionCount
[2025/09/27 20:17:28.189] - eth_getTransactionReceipt
[2025/09/27 20:17:28.193] - eth_getBlockByHash
[2025/09/27 20:17:28.204] - eth_call
[2025/09/27 20:17:28.211] - eth_call
[2025/09/27 20:17:28.218] - eth_call
[2025/09/27 20:17:28.218] - eth_call
[2025/09/27 20:17:32.494] - eth_blockNumber
[2025/09/27 20:17:32.749] - eth_gasPrice
[2025/09/27 20:17:37.610] - eth_call
[2025/09/27 20:17:37.615] - eth_blockNumber
[2025/09/27 20:17:37.635] - eth_getLogs
[2025/09/27 20:17:37.661] - eth_getBlockByNumber
[2025/09/27 20:17:37.671] - eth_getBlockByNumber
[2025/09/27 20:17:37.682] - eth_getBlockByNumber
[2025/09/27 20:17:37.692] - eth_getBlockByNumber
[2025/09/27 20:17:37.714] - eth_getBlockByNumber
[2025/09/27 20:17:37.731] - eth_getBlockByNumber
[2025/09/27 20:17:37.737] - eth_getBlockByNumber
[2025/09/27 20:17:37.744] - eth_getBlockByNumber
[2025/09/27 20:17:37.749] - eth_getBlockByNumber
[2025/09/27 20:17:37.756] - eth_getBlockByNumber
[2025/09/27 20:17:37.763] - eth_getLogs
[2025/09/27 20:17:37.771] - eth_getBlockByNumber
[2025/09/27 20:17:37.779] - eth_getBlockByNumber
[2025/09/27 20:17:39.570] - eth_call
[2025/09/27 20:17:39.600] - eth_call
[2025/09/27 20:17:39.607] - eth_call
[2025/09/27 20:17:39.624] - eth_call
[2025/09/27 20:17:39.638] - eth_getBlockByNumber
[2025/09/27 20:17:39.644] - eth_call
[2025/09/27 20:17:39.649] - eth_getBlockByNumber
[2025/09/27 20:17:39.663] - eth_getBlockByNumber
[2025/09/27 20:17:39.666] - eth_call
[2025/09/27 20:17:39.680] - eth_getBlockByNumber
[2025/09/27 20:17:39.696] - eth_call
[2025/09/27 20:17:39.719] - eth_getBlockByNumber
[2025/09/27 20:17:39.746] - eth_call
[2025/09/27 20:17:39.755] - eth_getBlockByNumber
[2025/09/27 20:17:39.764] - eth_call
[2025/09/27 20:17:39.767] - eth_getBlockByNumber
[2025/09/27 20:17:39.774] - eth_getBlockByNumber
[2025/09/27 20:17:39.784] - eth_call
[2025/09/27 20:17:39.786] - eth_getBlockByNumber
[2025/09/27 20:17:39.792] - eth_getBlockByNumber
[2025/09/27 20:17:39.799] - eth_call
[2025/09/27 20:17:39.805] - eth_getBlockByNumber
[2025/09/27 20:17:39.813] - eth_getBlockByNumber
[2025/09/27 20:17:39.816] - eth_call
[2025/09/27 20:17:39.829] - eth_call
[2025/09/27 20:17:44.387] - eth_estimateGas
[2025/09/27 20:17:55.991] - eth_getBlockByNumber
[2025/09/27 20:17:56.035] - eth_getBlockByNumber
[2025/09/27 20:17:56.087] - eth_getBlockByNumber
[2025/09/27 20:17:56.129] - eth_getBlockByNumber
[2025/09/27 20:17:56.148] - eth_getBlockByNumber
[2025/09/27 20:17:56.160] - eth_getBlockByNumber
[2025/09/27 20:17:56.167] - eth_getBlockByNumber
[2025/09/27 20:17:56.176] - eth_getBlockByNumber
[2025/09/27 20:17:56.193] - eth_getBlockByNumber
[2025/09/27 20:17:56.203] - eth_getBlockByNumber
[2025/09/27 20:17:56.229] - eth_getBlockByNumber
[2025/09/27 20:17:56.243] - eth_getBlockByNumber
[2025/09/27 20:18:42.931] - eth_blockNumber
[2025/09/27 20:18:42.984] - eth_getBlockByNumber
[2025/09/27 20:18:43.011] - eth_getBlockByNumber
[2025/09/27 20:18:43.074] - eth_getBlockByNumber
[2025/09/27 20:18:43.106] - eth_getBlockByNumber
[2025/09/27 20:18:43.115] - eth_getBlockByNumber
[2025/09/27 20:18:43.128] - eth_getBlockByNumber
[2025/09/27 20:18:43.136] - eth_getBlockByNumber
[2025/09/27 20:18:43.143] - eth_getBlockByNumber
[2025/09/27 20:18:43.160] - eth_getBlockByNumber
[2025/09/27 20:18:43.167] - eth_getBlockByNumber
[2025/09/27 20:18:43.195] - eth_getBlockByNumber
[2025/09/27 20:18:43.222] - eth_getBlockByNumber
[2025/09/27 20:18:44.720] - eth_estimateGas
[2025/09/27 20:18:44.876] - eth_getCode
[2025/09/27 20:18:44.877] - eth_getCode
[2025/09/27 20:18:45.294] - eth_call
[2025/09/27 20:18:45.309] - eth_call
[2025/09/27 20:18:45.380] - eth_call
[2025/09/27 20:18:45.390] - eth_call
[2025/09/27 20:18:46.066] - eth_blockNumber
[2025/09/27 20:18:46.160] - eth_call
[2025/09/27 20:18:46.170] - eth_call
[2025/09/27 20:18:46.180] - eth_call
[2025/09/27 20:18:46.181] - eth_call
[2025/09/27 20:19:00.439] - eth_call
[2025/09/27 20:19:00.446] - eth_call
[2025/09/27 20:19:00.453] - eth_call
[2025/09/27 20:19:00.453] - eth_call
[2025/09/27 20:29:03.711] - eth_blockNumber
[2025/09/27 20:29:03.780] - eth_getBlockByNumber
[2025/09/27 20:29:03.798] - eth_getBlockByNumber
[2025/09/27 20:29:03.809] - eth_getBlockByNumber
[2025/09/27 20:29:03.832] - eth_getBlockByNumber
[2025/09/27 20:29:03.867] - eth_getBlockByNumber
[2025/09/27 20:29:03.893] - eth_getBlockByNumber
[2025/09/27 20:29:03.902] - eth_getBlockByNumber
[2025/09/27 20:29:03.913] - eth_getBlockByNumber
[2025/09/27 20:29:03.923] - eth_getBlockByNumber
[2025/09/27 20:29:03.933] - eth_getBlockByNumber
[2025/09/27 20:29:03.946] - eth_getBlockByNumber
[2025/09/27 20:29:03.962] - eth_getBlockByNumber
[2025/09/27 20:29:13.570] - eth_estimateGas
[2025/09/27 20:33:45.251] - eth_blockNumber
[2025/09/27 20:33:45.295] - eth_getBlockByNumber
[2025/09/27 20:33:45.317] - eth_getBlockByNumber
[2025/09/27 20:33:45.351] - eth_getBlockByNumber
[2025/09/27 20:33:45.375] - eth_getBlockByNumber
[2025/09/27 20:33:45.391] - eth_getBlockByNumber
[2025/09/27 20:33:45.425] - eth_getBlockByNumber
[2025/09/27 20:33:45.445] - eth_getBlockByNumber
[2025/09/27 20:33:45.457] - eth_getBlockByNumber
[2025/09/27 20:33:45.470] - eth_getBlockByNumber
[2025/09/27 20:33:45.481] - eth_getBlockByNumber
[2025/09/27 20:33:45.506] - eth_getBlockByNumber
[2025/09/27 20:33:45.514] - eth_getBlockByNumber
[2025/09/27 20:35:11.411] - eth_blockNumber
[2025/09/27 20:35:11.482] - eth_getBlockByNumber
[2025/09/27 20:35:11.494] - eth_getBlockByNumber
[2025/09/27 20:35:11.506] - eth_getBlockByNumber
[2025/09/27 20:35:11.522] - eth_getBlockByNumber
[2025/09/27 20:35:11.558] - eth_getBlockByNumber
[2025/09/27 20:35:11.591] - eth_getBlockByNumber
[2025/09/27 20:35:11.605] - eth_getBlockByNumber
[2025/09/27 20:35:11.618] - eth_getBlockByNumber
[2025/09/27 20:35:11.624] - eth_getBlockByNumber
[2025/09/27 20:35:11.629] - eth_getBlockByNumber
[2025/09/27 20:35:11.637] - eth_getBlockByNumber
[2025/09/27 20:35:11.643] - eth_getBlockByNumber
[2025/09/27 20:35:18.494] - eth_getBlockByNumber
[2025/09/27 20:35:18.508] - eth_getBlockByNumber
[2025/09/27 20:35:18.523] - eth_getBlockByNumber
[2025/09/27 20:35:18.533] - eth_getBlockByNumber
[2025/09/27 20:35:18.548] - eth_getBlockByNumber
[2025/09/27 20:35:18.579] - eth_getBlockByNumber
[2025/09/27 20:35:18.586] - eth_getBlockByNumber
[2025/09/27 20:35:18.592] - eth_getBlockByNumber
[2025/09/27 20:35:18.598] - eth_getBlockByNumber
[2025/09/27 20:35:18.604] - eth_getBlockByNumber
[2025/09/27 20:35:18.612] - eth_getBlockByNumber
[2025/09/27 20:35:18.618] - eth_getBlockByNumber
[2025/09/27 20:35:20.839] - eth_blockNumber
[2025/09/27 20:35:28.171] - eth_getBlockByNumber
[2025/09/27 20:35:28.187] - eth_getBlockByNumber
[2025/09/27 20:35:28.200] - eth_getBlockByNumber
[2025/09/27 20:35:28.222] - eth_getBlockByNumber
[2025/09/27 20:35:28.239] - eth_getBlockByNumber
[2025/09/27 20:35:28.270] - eth_getBlockByNumber
[2025/09/27 20:35:28.276] - eth_getBlockByNumber
[2025/09/27 20:35:28.283] - eth_getBlockByNumber
[2025/09/27 20:35:28.291] - eth_getBlockByNumber
[2025/09/27 20:35:28.298] - eth_getBlockByNumber
[2025/09/27 20:35:28.306] - eth_getBlockByNumber
[2025/09/27 20:35:28.312] - eth_getBlockByNumber
[2025/09/27 20:35:31.656] - eth_call
[2025/09/27 20:35:31.730] - eth_getBlockByNumber
[2025/09/27 20:35:31.748] - eth_getBlockByNumber
[2025/09/27 20:35:31.774] - eth_getBlockByNumber
[2025/09/27 20:35:31.803] - eth_getBlockByNumber
[2025/09/27 20:35:31.836] - eth_getBlockByNumber
[2025/09/27 20:35:31.847] - eth_getBlockByNumber
[2025/09/27 20:35:31.854] - eth_getBlockByNumber
[2025/09/27 20:35:31.864] - eth_getBlockByNumber
[2025/09/27 20:35:31.870] - eth_getBlockByNumber
[2025/09/27 20:35:31.878] - eth_getBlockByNumber
[2025/09/27 20:35:31.897] - eth_getBlockByNumber
[2025/09/27 20:35:31.905] - eth_getBlockByNumber
[2025/09/27 20:35:49.932] - eth_blockNumber
[2025/09/27 20:35:49.950] - eth_estimateGas
[2025/09/27 20:35:49.989] - eth_getCode
[2025/09/27 20:35:50.234] - eth_call
[2025/09/27 20:35:50.243] - eth_call
[2025/09/27 20:35:50.324] - eth_call
[2025/09/27 20:35:50.327] - eth_call
[2025/09/27 20:35:50.929] - eth_blockNumber
[2025/09/27 20:35:51.010] - eth_call
[2025/09/27 20:35:51.022] - eth_call
[2025/09/27 20:35:51.032] - eth_call
[2025/09/27 20:35:51.033] - eth_call
[2025/09/27 20:35:52.703] - eth_getTransactionCount
[2025/09/27 20:35:52.724] - eth_sendRawTransaction
[2025/09/27 20:35:52.741] - 
  Transaction: 0x334bede0aff23ca25e989a82fdc7e334ca347bd5b0c137f1838adc874dbe32a1
  Gas usage: 210173
  Block number: 75
  Block time: Sat Sep 27 2025 20:35:52 GMT+0100 (heure normale d’Afrique de l’Ouest)

[2025/09/27 20:35:52.743] - eth_getBlockByNumber
[2025/09/27 20:35:52.754] - eth_call
[2025/09/27 20:35:52.763] - eth_call
[2025/09/27 20:35:52.765] - eth_getTransactionReceipt
[2025/09/27 20:35:52.769] - eth_blockNumber
[2025/09/27 20:35:52.774] - eth_call
[2025/09/27 20:35:52.775] - eth_call
[2025/09/27 20:35:52.778] - eth_getBlockByNumber
[2025/09/27 20:35:52.783] - eth_call
[2025/09/27 20:35:52.784] - eth_getBalance
[2025/09/27 20:35:52.785] - eth_getBalance
[2025/09/27 20:35:52.787] - eth_getBalance
[2025/09/27 20:35:52.787] - eth_getBalance
[2025/09/27 20:35:52.842] - eth_call
[2025/09/27 20:35:52.856] - eth_call
[2025/09/27 20:35:52.870] - eth_getBalance
[2025/09/27 20:35:52.893] - eth_call
[2025/09/27 20:35:52.907] - eth_getTransactionCount
[2025/09/27 20:35:52.940] - eth_call
[2025/09/27 20:35:52.964] - eth_call
[2025/09/27 20:35:52.975] - eth_getBalance
[2025/09/27 20:35:52.978] - eth_call
[2025/09/27 20:35:52.991] - eth_call
[2025/09/27 20:35:53.006] - eth_call
[2025/09/27 20:35:53.013] - eth_getTransactionCount
[2025/09/27 20:35:53.020] - eth_call
[2025/09/27 20:35:53.034] - eth_call
[2025/09/27 20:35:53.048] - eth_call
[2025/09/27 20:35:53.056] - eth_getBalance
[2025/09/27 20:35:53.120] - eth_getTransactionCount
[2025/09/27 20:35:53.165] - eth_getBalance
[2025/09/27 20:35:53.205] - eth_getTransactionCount
[2025/09/27 20:35:53.245] - eth_getBalance
[2025/09/27 20:35:53.280] - eth_getTransactionCount
[2025/09/27 20:35:53.308] - eth_getBalance
[2025/09/27 20:35:53.341] - eth_getTransactionCount
[2025/09/27 20:35:53.394] - eth_getBalance
[2025/09/27 20:35:53.435] - eth_getTransactionCount
[2025/09/27 20:35:53.463] - eth_getBalance
[2025/09/27 20:35:53.507] - eth_getTransactionCount
[2025/09/27 20:35:53.543] - eth_getBalance
[2025/09/27 20:35:53.570] - eth_getTransactionCount
[2025/09/27 20:35:53.610] - eth_getBalance
[2025/09/27 20:35:53.646] - eth_getTransactionCount
[2025/09/27 20:35:55.765] - eth_getTransactionReceipt
[2025/09/27 20:35:55.769] - eth_getBlockByHash
[2025/09/27 20:35:55.781] - eth_call
[2025/09/27 20:35:55.788] - eth_call
[2025/09/27 20:35:55.795] - eth_call
[2025/09/27 20:35:55.796] - eth_call
[2025/09/27 20:35:58.011] - eth_call
[2025/09/27 20:37:47.081] - eth_blockNumber
[2025/09/27 20:37:47.105] - eth_call
[2025/09/27 20:37:47.131] - eth_blockNumber
[2025/09/27 20:37:47.166] - eth_getLogs
[2025/09/27 20:37:47.191] - eth_getBlockByNumber
[2025/09/27 20:37:47.201] - eth_getBlockByNumber
[2025/09/27 20:37:47.217] - eth_getBlockByNumber
[2025/09/27 20:37:47.239] - eth_getBlockByNumber
[2025/09/27 20:37:47.279] - eth_getBlockByNumber
[2025/09/27 20:37:47.303] - eth_getBlockByNumber
[2025/09/27 20:37:47.312] - eth_getBlockByNumber
[2025/09/27 20:37:47.321] - eth_getBlockByNumber
[2025/09/27 20:37:47.329] - eth_getBlockByNumber
[2025/09/27 20:37:47.337] - eth_getBlockByNumber
[2025/09/27 20:37:47.350] - eth_getLogs
[2025/09/27 20:37:47.360] - eth_getBlockByNumber
[2025/09/27 20:37:47.370] - eth_getBlockByNumber
[2025/09/27 20:38:14.979] - eth_blockNumber
[2025/09/27 20:38:15.046] - eth_getBlockByNumber
[2025/09/27 20:38:15.078] - eth_getBlockByNumber
[2025/09/27 20:38:15.132] - eth_getBlockByNumber
[2025/09/27 20:38:15.161] - eth_getBlockByNumber
[2025/09/27 20:38:15.181] - eth_getBlockByNumber
[2025/09/27 20:38:15.229] - eth_getBlockByNumber
[2025/09/27 20:38:15.237] - eth_getBlockByNumber
[2025/09/27 20:38:15.247] - eth_getBlockByNumber
[2025/09/27 20:38:15.254] - eth_getBlockByNumber
[2025/09/27 20:38:15.266] - eth_getBlockByNumber
[2025/09/27 20:38:15.288] - eth_getBlockByNumber
[2025/09/27 20:38:15.298] - eth_getBlockByNumber
[2025/09/27 20:41:13.315] - eth_blockNumber
[2025/09/27 20:41:13.391] - eth_getBlockByNumber
[2025/09/27 20:41:13.404] - eth_getBlockByNumber
[2025/09/27 20:41:13.422] - eth_getBlockByNumber
[2025/09/27 20:41:13.439] - eth_getBlockByNumber
[2025/09/27 20:41:13.471] - eth_getBlockByNumber
[2025/09/27 20:41:13.551] - eth_getBlockByNumber
[2025/09/27 20:41:13.571] - eth_getBlockByNumber
[2025/09/27 20:41:13.581] - eth_getBlockByNumber
[2025/09/27 20:41:13.589] - eth_getBlockByNumber
[2025/09/27 20:41:13.610] - eth_getBlockByNumber
[2025/09/27 20:41:13.633] - eth_getBlockByNumber
[2025/09/27 20:41:13.639] - eth_getBlockByNumber
[2025/09/27 20:42:25.578] - eth_blockNumber
[2025/09/27 20:42:25.793] - eth_getBlockByNumber
[2025/09/27 20:42:25.811] - eth_getBlockByNumber
[2025/09/27 20:42:25.826] - eth_getBlockByNumber
[2025/09/27 20:42:25.835] - eth_getBlockByNumber
[2025/09/27 20:42:25.852] - eth_getBlockByNumber
[2025/09/27 20:42:25.861] - eth_getBlockByNumber
[2025/09/27 20:42:25.905] - eth_getBlockByNumber
[2025/09/27 20:42:25.942] - eth_getBlockByNumber
[2025/09/27 20:42:26.065] - eth_getBlockByNumber
[2025/09/27 20:42:26.092] - eth_getBlockByNumber
[2025/09/27 20:42:26.155] - eth_getBlockByNumber
[2025/09/27 20:42:26.175] - eth_getBlockByNumber
[2025/09/27 20:42:36.438] - eth_estimateGas
[2025/09/27 20:42:36.457] - eth_getCode
[2025/09/27 20:42:36.459] - eth_getCode
[2025/09/27 20:42:36.956] - eth_gasPrice
[2025/09/27 20:42:36.967] - eth_call
[2025/09/27 20:42:36.975] - eth_call
[2025/09/27 20:42:37.044] - eth_call
[2025/09/27 20:42:37.053] - eth_call
[2025/09/27 20:42:37.643] - eth_blockNumber
[2025/09/27 20:42:37.706] - eth_call
[2025/09/27 20:42:37.716] - eth_call
[2025/09/27 20:42:37.726] - eth_call
[2025/09/27 20:42:37.727] - eth_call
[2025/09/27 20:42:39.679] - eth_getTransactionCount
[2025/09/27 20:42:39.698] - eth_sendRawTransaction
[2025/09/27 20:42:39.707] - 
  Transaction: 0xc4f98d82150cc6ea5447681e5a4bdd68b2def542d65780cc5ed8ef3d46767e00
  Gas usage: 35676
  Block number: 76
  Block time: Sat Sep 27 2025 20:42:39 GMT+0100 (heure normale d’Afrique de l’Ouest)

[2025/09/27 20:42:39.710] - eth_getBlockByNumber
[2025/09/27 20:42:39.737] - eth_call
[2025/09/27 20:42:39.758] - eth_getTransactionReceipt
[2025/09/27 20:42:39.759] - eth_call
[2025/09/27 20:42:39.763] - eth_blockNumber
[2025/09/27 20:42:39.770] - eth_call
[2025/09/27 20:42:39.771] - eth_call
[2025/09/27 20:42:39.778] - eth_getBlockByNumber
[2025/09/27 20:42:39.780] - eth_call
[2025/09/27 20:42:39.781] - eth_call
[2025/09/27 20:42:39.798] - eth_call
[2025/09/27 20:42:39.804] - eth_getBalance
[2025/09/27 20:42:39.805] - eth_getBalance
[2025/09/27 20:42:39.805] - eth_getBalance
[2025/09/27 20:42:39.806] - eth_getBalance
[2025/09/27 20:42:39.894] - eth_call
[2025/09/27 20:42:39.897] - eth_getBalance
[2025/09/27 20:42:39.914] - eth_call
[2025/09/27 20:42:39.927] - eth_call
[2025/09/27 20:42:39.940] - eth_call
[2025/09/27 20:42:39.949] - eth_getTransactionCount
[2025/09/27 20:42:39.955] - eth_call
[2025/09/27 20:42:39.967] - eth_call
[2025/09/27 20:42:39.980] - eth_call
[2025/09/27 20:42:39.997] - eth_call
[2025/09/27 20:42:40.016] - eth_getBalance
[2025/09/27 20:42:40.018] - eth_call
[2025/09/27 20:42:40.069] - eth_getTransactionCount
[2025/09/27 20:42:40.103] - eth_call
[2025/09/27 20:42:40.113] - eth_getBalance
[2025/09/27 20:42:40.134] - eth_call
[2025/09/27 20:42:40.159] - eth_getTransactionCount
[2025/09/27 20:42:40.243] - eth_getBalance
[2025/09/27 20:42:40.290] - eth_getTransactionCount
[2025/09/27 20:42:40.324] - eth_getBalance
[2025/09/27 20:42:40.376] - eth_getTransactionCount
[2025/09/27 20:42:40.418] - eth_getBalance
[2025/09/27 20:42:40.454] - eth_getTransactionCount
[2025/09/27 20:42:40.507] - eth_getBalance
[2025/09/27 20:42:40.546] - eth_getTransactionCount
[2025/09/27 20:42:40.584] - eth_getBalance
[2025/09/27 20:42:40.626] - eth_getTransactionCount
[2025/09/27 20:42:40.666] - eth_getBalance
[2025/09/27 20:42:40.701] - eth_getTransactionCount
[2025/09/27 20:42:40.736] - eth_getBalance
[2025/09/27 20:42:40.779] - eth_getTransactionCount
[2025/09/27 20:42:42.730] - eth_getTransactionReceipt
[2025/09/27 20:42:42.734] - eth_getBlockByHash
[2025/09/27 20:42:42.746] - eth_call
[2025/09/27 20:42:42.753] - eth_call
[2025/09/27 20:42:42.759] - eth_call
[2025/09/27 20:42:42.759] - eth_call
[2025/09/27 20:43:01.809] - eth_blockNumber
[2025/09/27 20:43:02.236] - eth_gasPrice
[2025/09/27 20:43:09.170] - eth_call
[2025/09/27 20:43:09.172] - eth_blockNumber
[2025/09/27 20:43:09.182] - eth_getLogs
[2025/09/27 20:43:09.193] - eth_getBlockByNumber
[2025/09/27 20:43:09.201] - eth_getBlockByNumber
[2025/09/27 20:43:09.208] - eth_getBlockByNumber
[2025/09/27 20:43:09.215] - eth_getBlockByNumber
[2025/09/27 20:43:09.237] - eth_getBlockByNumber
[2025/09/27 20:43:09.243] - eth_getBlockByNumber
[2025/09/27 20:43:09.248] - eth_getBlockByNumber
[2025/09/27 20:43:09.254] - eth_getBlockByNumber
[2025/09/27 20:43:09.260] - eth_getBlockByNumber
[2025/09/27 20:43:09.265] - eth_getBlockByNumber
[2025/09/27 20:43:09.270] - eth_getBlockByNumber
[2025/09/27 20:43:09.275] - eth_getLogs
[2025/09/27 20:43:09.283] - eth_getBlockByNumber
[2025/09/27 20:43:09.287] - eth_getBlockByNumber
[2025/09/27 20:43:16.126] - eth_call
[2025/09/27 20:43:16.144] - eth_call
[2025/09/27 20:43:16.155] - eth_call
[2025/09/27 20:43:16.166] - eth_call
[2025/09/27 20:43:16.173] - eth_getBlockByNumber
[2025/09/27 20:43:16.181] - eth_call
[2025/09/27 20:43:16.183] - eth_getBlockByNumber
[2025/09/27 20:43:16.190] - eth_getBlockByNumber
[2025/09/27 20:43:16.196] - eth_call
[2025/09/27 20:43:16.198] - eth_getBlockByNumber
[2025/09/27 20:43:16.204] - eth_getBlockByNumber
[2025/09/27 20:43:16.208] - eth_call
[2025/09/27 20:43:16.211] - eth_getBlockByNumber
[2025/09/27 20:43:16.218] - eth_getBlockByNumber
[2025/09/27 20:43:16.224] - eth_call
[2025/09/27 20:43:16.227] - eth_getBlockByNumber
[2025/09/27 20:43:16.235] - eth_getBlockByNumber
[2025/09/27 20:43:16.243] - eth_call
[2025/09/27 20:43:16.245] - eth_getBlockByNumber
[2025/09/27 20:43:16.251] - eth_getBlockByNumber
[2025/09/27 20:43:16.261] - eth_call
[2025/09/27 20:43:16.269] - eth_getBlockByNumber
[2025/09/27 20:43:16.273] - eth_call
[2025/09/27 20:43:16.275] - eth_getBlockByNumber
[2025/09/27 20:43:16.288] - eth_call
[2025/09/27 20:43:16.306] - eth_call
[2025/09/27 20:43:16.320] - eth_call
[2025/09/27 20:43:54.861] - eth_blockNumber
[2025/09/27 20:43:54.949] - eth_getBlockByNumber
[2025/09/27 20:43:54.959] - eth_getBlockByNumber
[2025/09/27 20:43:54.977] - eth_getBlockByNumber
[2025/09/27 20:43:54.984] - eth_getBlockByNumber
[2025/09/27 20:43:54.997] - eth_getBlockByNumber
[2025/09/27 20:43:55.009] - eth_getBlockByNumber
[2025/09/27 20:43:55.044] - eth_getBlockByNumber
[2025/09/27 20:43:55.060] - eth_getBlockByNumber
[2025/09/27 20:43:55.067] - eth_getBlockByNumber
[2025/09/27 20:43:55.075] - eth_getBlockByNumber
[2025/09/27 20:43:55.082] - eth_getBlockByNumber
[2025/09/27 20:43:55.097] - eth_getBlockByNumber
[2025/09/27 20:43:55.109] - eth_getBlockByNumber
[2025/09/27 20:44:53.660] - eth_blockNumber
[2025/09/27 20:44:53.806] - eth_getBlockByNumber
[2025/09/27 20:44:53.830] - eth_getBlockByNumber
[2025/09/27 20:44:53.844] - eth_getBlockByNumber
[2025/09/27 20:44:53.870] - eth_getBlockByNumber
[2025/09/27 20:44:53.897] - eth_getBlockByNumber
[2025/09/27 20:44:53.955] - eth_getBlockByNumber
[2025/09/27 20:44:54.002] - eth_getBlockByNumber
[2025/09/27 20:44:54.010] - eth_getBlockByNumber
[2025/09/27 20:44:54.019] - eth_getBlockByNumber
[2025/09/27 20:44:54.029] - eth_getBlockByNumber
[2025/09/27 20:44:54.039] - eth_getBlockByNumber
[2025/09/27 20:44:54.055] - eth_getBlockByNumber
[2025/09/27 20:44:54.068] - eth_getBlockByNumber
[2025/09/27 20:45:08.047] - eth_estimateGas
[2025/09/27 20:45:30.990] - eth_blockNumber
[2025/09/27 20:45:31.029] - eth_getBlockByNumber
[2025/09/27 20:45:31.043] - eth_getBlockByNumber
[2025/09/27 20:45:31.067] - eth_getBlockByNumber
[2025/09/27 20:45:31.115] - eth_getBlockByNumber
[2025/09/27 20:45:31.171] - eth_getBlockByNumber
[2025/09/27 20:45:31.203] - eth_getBlockByNumber
[2025/09/27 20:45:31.214] - eth_getBlockByNumber
[2025/09/27 20:45:31.225] - eth_getBlockByNumber
[2025/09/27 20:45:31.242] - eth_getBlockByNumber
[2025/09/27 20:45:31.255] - eth_getBlockByNumber
[2025/09/27 20:45:31.265] - eth_getBlockByNumber
[2025/09/27 20:45:31.282] - eth_getBlockByNumber
[2025/09/27 20:45:31.294] - eth_getBlockByNumber
[2025/09/27 20:45:33.328] - eth_estimateGas
[2025/09/27 20:45:37.337] - eth_estimateGas
[2025/09/27 20:46:33.622] - eth_blockNumber
[2025/09/27 20:46:33.635] - eth_estimateGas
[2025/09/27 20:46:37.058] - eth_estimateGas
[2025/09/27 20:47:38.283] - eth_blockNumber
[2025/09/27 20:47:38.373] - eth_getBlockByNumber
[2025/09/27 20:47:38.409] - eth_getBlockByNumber
[2025/09/27 20:47:38.442] - eth_getBlockByNumber
[2025/09/27 20:47:38.485] - eth_getBlockByNumber
[2025/09/27 20:47:38.506] - eth_getBlockByNumber
[2025/09/27 20:47:38.534] - eth_getBlockByNumber
[2025/09/27 20:47:38.558] - eth_getBlockByNumber
[2025/09/27 20:47:38.584] - eth_getBlockByNumber
[2025/09/27 20:47:38.605] - eth_getBlockByNumber
[2025/09/27 20:47:38.630] - eth_getBlockByNumber
[2025/09/27 20:47:38.639] - eth_getBlockByNumber
[2025/09/27 20:47:38.659] - eth_getBlockByNumber
[2025/09/27 20:47:38.668] - eth_getBlockByNumber
[2025/09/27 20:47:42.921] - eth_estimateGas
[2025/09/27 20:50:55.712] - eth_blockNumber
[2025/09/27 20:50:55.800] - eth_getBlockByNumber
[2025/09/27 20:50:55.814] - eth_getBlockByNumber
[2025/09/27 20:50:55.826] - eth_getBlockByNumber
[2025/09/27 20:50:55.837] - eth_getBlockByNumber
[2025/09/27 20:50:55.853] - eth_getBlockByNumber
[2025/09/27 20:50:55.867] - eth_getBlockByNumber
[2025/09/27 20:50:55.882] - eth_getBlockByNumber
[2025/09/27 20:50:55.984] - eth_getBlockByNumber
[2025/09/27 20:50:56.020] - eth_getBlockByNumber
[2025/09/27 20:50:56.027] - eth_getBlockByNumber
[2025/09/27 20:50:56.033] - eth_getBlockByNumber
[2025/09/27 20:50:56.042] - eth_getBlockByNumber
[2025/09/27 20:50:56.048] - eth_getBlockByNumber
[2025/09/27 20:50:58.285] - eth_estimateGas
[2025/09/27 20:54:05.135] - eth_blockNumber
[2025/09/27 20:54:05.208] - eth_getBlockByNumber
[2025/09/27 20:54:05.227] - eth_getBlockByNumber
[2025/09/27 20:54:05.267] - eth_getBlockByNumber
[2025/09/27 20:54:05.285] - eth_getBlockByNumber
[2025/09/27 20:54:05.294] - eth_getBlockByNumber
[2025/09/27 20:54:05.315] - eth_getBlockByNumber
[2025/09/27 20:54:05.334] - eth_getBlockByNumber
[2025/09/27 20:54:05.349] - eth_getBlockByNumber
[2025/09/27 20:54:05.373] - eth_getBlockByNumber
[2025/09/27 20:54:05.402] - eth_getBlockByNumber
[2025/09/27 20:54:05.412] - eth_getBlockByNumber
[2025/09/27 20:54:05.424] - eth_getBlockByNumber
[2025/09/27 20:54:05.431] - eth_getBlockByNumber
[2025/09/27 20:54:09.592] - eth_estimateGas
[2025/09/27 20:54:09.765] - eth_getCode
[2025/09/27 20:54:09.766] - eth_getCode
[2025/09/27 20:54:10.015] - eth_call
[2025/09/27 20:54:10.026] - eth_call
[2025/09/27 20:54:10.105] - eth_call
[2025/09/27 20:54:10.106] - eth_call
[2025/09/27 20:54:10.725] - eth_blockNumber
[2025/09/27 20:54:10.812] - eth_call
[2025/09/27 20:54:10.823] - eth_call
[2025/09/27 20:54:10.834] - eth_call
[2025/09/27 20:54:10.835] - eth_call
[2025/09/27 20:54:13.877] - eth_call
[2025/09/27 20:54:13.883] - eth_call
[2025/09/27 20:54:13.893] - eth_call
[2025/09/27 20:54:13.894] - eth_call
[2025/09/27 20:54:40.121] - eth_blockNumber
[2025/09/27 20:54:40.228] - eth_getBlockByNumber
[2025/09/27 20:54:40.275] - eth_getBlockByNumber
[2025/09/27 20:54:40.286] - eth_getBlockByNumber
[2025/09/27 20:54:40.302] - eth_getBlockByNumber
[2025/09/27 20:54:40.329] - eth_getBlockByNumber
[2025/09/27 20:54:40.359] - eth_getBlockByNumber
[2025/09/27 20:54:40.383] - eth_getBlockByNumber
[2025/09/27 20:54:40.395] - eth_getBlockByNumber
[2025/09/27 20:54:40.410] - eth_getBlockByNumber
[2025/09/27 20:54:40.417] - eth_getBlockByNumber
[2025/09/27 20:54:40.425] - eth_getBlockByNumber
[2025/09/27 20:54:40.440] - eth_getBlockByNumber
[2025/09/27 20:54:40.448] - eth_getBlockByNumber
[2025/09/27 20:55:03.231] - eth_blockNumber
[2025/09/27 20:55:03.263] - eth_getBlockByNumber
[2025/09/27 20:55:03.275] - eth_getBlockByNumber
[2025/09/27 20:55:03.286] - eth_getBlockByNumber
[2025/09/27 20:55:03.310] - eth_getBlockByNumber
[2025/09/27 20:55:03.345] - eth_getBlockByNumber
[2025/09/27 20:55:03.401] - eth_getBlockByNumber
[2025/09/27 20:55:03.429] - eth_getBlockByNumber
[2025/09/27 20:55:03.452] - eth_getBlockByNumber
[2025/09/27 20:55:03.463] - eth_getBlockByNumber
[2025/09/27 20:55:03.471] - eth_getBlockByNumber
[2025/09/27 20:55:03.487] - eth_getBlockByNumber
[2025/09/27 20:55:03.504] - eth_getBlockByNumber
[2025/09/27 20:55:03.514] - eth_getBlockByNumber
[2025/09/27 20:55:07.133] - eth_call
[2025/09/27 20:55:07.143] - eth_call
[2025/09/27 20:55:07.151] - eth_call
[2025/09/27 20:55:07.152] - eth_call
[2025/09/27 20:55:07.817] - eth_blockNumber
[2025/09/27 20:55:07.879] - eth_call
[2025/09/27 20:55:07.889] - eth_call
[2025/09/27 20:55:07.901] - eth_call
[2025/09/27 20:55:07.901] - eth_call
[2025/09/27 20:55:09.892] - eth_call
[2025/09/27 20:55:09.903] - eth_call
[2025/09/27 20:55:09.917] - eth_call
[2025/09/27 20:55:09.917] - eth_call
[2025/09/27 20:55:28.638] - eth_getBlockByNumber
[2025/09/27 20:55:28.644] - eth_getBlockByNumber
[2025/09/27 20:55:28.650] - eth_getBlockByNumber
[2025/09/27 20:55:28.656] - eth_getBlockByNumber
[2025/09/27 20:55:28.661] - eth_getBlockByNumber
[2025/09/27 20:55:28.667] - eth_getBlockByNumber
[2025/09/27 20:55:28.673] - eth_getBlockByNumber
[2025/09/27 20:55:28.680] - eth_getBlockByNumber
[2025/09/27 20:55:28.687] - eth_getBlockByNumber
[2025/09/27 20:55:28.693] - eth_getBlockByNumber
[2025/09/27 20:55:28.699] - eth_getBlockByNumber
[2025/09/27 20:55:28.710] - eth_getBlockByNumber
[2025/09/27 20:55:28.716] - eth_getBlockByNumber
[2025/09/27 20:56:31.094] - eth_blockNumber
[2025/09/27 20:56:38.084] - eth_getBlockByNumber
[2025/09/27 20:56:38.094] - eth_getBlockByNumber
[2025/09/27 20:56:38.101] - eth_getBlockByNumber
[2025/09/27 20:56:38.112] - eth_getBlockByNumber
[2025/09/27 20:56:38.125] - eth_getBlockByNumber
[2025/09/27 20:56:38.132] - eth_getBlockByNumber
[2025/09/27 20:56:38.137] - eth_getBlockByNumber
[2025/09/27 20:56:38.143] - eth_getBlockByNumber
[2025/09/27 20:56:38.150] - eth_getBlockByNumber
[2025/09/27 20:56:38.160] - eth_getBlockByNumber
[2025/09/27 20:56:38.170] - eth_getBlockByNumber
[2025/09/27 20:56:38.179] - eth_getBlockByNumber
[2025/09/27 20:56:38.186] - eth_getBlockByNumber
[2025/09/27 20:57:00.027] - eth_blockNumber
[2025/09/27 20:57:00.040] - eth_call
[2025/09/27 20:57:00.102] - eth_getBlockByNumber
[2025/09/27 20:57:00.117] - eth_getBlockByNumber
[2025/09/27 20:57:00.130] - eth_getBlockByNumber
[2025/09/27 20:57:00.145] - eth_getBlockByNumber
[2025/09/27 20:57:00.161] - eth_getBlockByNumber
[2025/09/27 20:57:00.201] - eth_getBlockByNumber
[2025/09/27 20:57:00.213] - eth_getBlockByNumber
[2025/09/27 20:57:00.220] - eth_getBlockByNumber
[2025/09/27 20:57:00.226] - eth_getBlockByNumber
[2025/09/27 20:57:00.270] - eth_getBlockByNumber
[2025/09/27 20:57:00.280] - eth_getBlockByNumber
[2025/09/27 20:57:00.291] - eth_getBlockByNumber
[2025/09/27 20:57:00.299] - eth_getBlockByNumber
[2025/09/27 20:57:10.877] - eth_estimateGas
[2025/09/27 20:57:10.916] - eth_getCode
[2025/09/27 20:57:11.120] - eth_call
[2025/09/27 20:57:11.132] - eth_call
[2025/09/27 20:57:11.196] - eth_call
[2025/09/27 20:57:11.203] - eth_call
[2025/09/27 20:57:11.805] - eth_blockNumber
[2025/09/27 20:57:11.889] - eth_call
[2025/09/27 20:57:11.902] - eth_call
[2025/09/27 20:57:11.912] - eth_call
[2025/09/27 20:57:11.914] - eth_call
[2025/09/27 20:57:31.828] - eth_blockNumber
[2025/09/27 20:57:33.745] - eth_getTransactionCount
[2025/09/27 20:57:33.765] - eth_sendRawTransaction
[2025/09/27 20:57:33.786] - 
  Transaction: 0x604de952a67a6201d0d1113738b36ffb2522664db385ee3a9dd05bac2ab0d0a4
  Gas usage: 210161
  Block number: 77
  Block time: Sat Sep 27 2025 20:57:33 GMT+0100 (heure normale d’Afrique de l’Ouest)

[2025/09/27 20:57:33.789] - eth_getBlockByNumber
[2025/09/27 20:57:33.805] - eth_call
[2025/09/27 20:57:33.811] - eth_getTransactionReceipt
[2025/09/27 20:57:33.816] - eth_call
[2025/09/27 20:57:33.818] - eth_blockNumber
[2025/09/27 20:57:33.822] - eth_getBlockByNumber
[2025/09/27 20:57:33.828] - eth_call
[2025/09/27 20:57:33.829] - eth_call
[2025/09/27 20:57:33.832] - eth_getBalance
[2025/09/27 20:57:33.833] - eth_getBalance
[2025/09/27 20:57:33.835] - eth_getBalance
[2025/09/27 20:57:33.835] - eth_getBalance
[2025/09/27 20:57:33.839] - eth_call
[2025/09/27 20:57:33.857] - eth_call
[2025/09/27 20:57:33.877] - eth_call
[2025/09/27 20:57:33.892] - eth_call
[2025/09/27 20:57:33.905] - eth_call
[2025/09/27 20:57:33.914] - eth_getBalance
[2025/09/27 20:57:33.919] - eth_call
[2025/09/27 20:57:33.957] - eth_getTransactionCount
[2025/09/27 20:57:33.982] - eth_call
[2025/09/27 20:57:34.002] - eth_getBalance
[2025/09/27 20:57:34.004] - eth_call
[2025/09/27 20:57:34.018] - eth_call
[2025/09/27 20:57:34.033] - eth_call
[2025/09/27 20:57:34.045] - eth_call
[2025/09/27 20:57:34.057] - eth_call
[2025/09/27 20:57:34.065] - eth_getTransactionCount
[2025/09/27 20:57:34.069] - eth_call
[2025/09/27 20:57:34.109] - eth_getBalance
[2025/09/27 20:57:34.151] - eth_getTransactionCount
[2025/09/27 20:57:34.200] - eth_getBalance
[2025/09/27 20:57:34.226] - eth_getTransactionCount
[2025/09/27 20:57:34.268] - eth_getBalance
[2025/09/27 20:57:34.296] - eth_getTransactionCount
[2025/09/27 20:57:34.334] - eth_getBalance
[2025/09/27 20:57:34.362] - eth_getTransactionCount
[2025/09/27 20:57:34.392] - eth_getBalance
[2025/09/27 20:57:34.429] - eth_getTransactionCount
[2025/09/27 20:57:34.457] - eth_getBalance
[2025/09/27 20:57:34.483] - eth_getTransactionCount
[2025/09/27 20:57:34.529] - eth_getBalance
[2025/09/27 20:57:34.567] - eth_getTransactionCount
[2025/09/27 20:57:34.597] - eth_getBalance
[2025/09/27 20:57:34.643] - eth_getTransactionCount
[2025/09/27 20:57:36.803] - eth_getTransactionReceipt
[2025/09/27 20:57:36.807] - eth_getBlockByHash
[2025/09/27 20:57:36.817] - eth_call
[2025/09/27 20:57:36.824] - eth_call
[2025/09/27 20:57:36.831] - eth_call
[2025/09/27 20:57:36.831] - eth_call
[2025/09/27 20:57:38.469] - eth_call
[2025/09/27 20:57:48.399] - eth_blockNumber
[2025/09/27 20:57:48.405] - eth_estimateGas
[2025/09/27 20:57:48.423] - eth_getCode
[2025/09/27 20:57:48.424] - eth_getCode
[2025/09/27 20:57:48.723] - eth_gasPrice
[2025/09/27 20:57:48.758] - eth_call
[2025/09/27 20:57:48.766] - eth_call
[2025/09/27 20:57:48.833] - eth_call
[2025/09/27 20:57:48.842] - eth_call
[2025/09/27 20:57:49.416] - eth_blockNumber
[2025/09/27 20:57:49.476] - eth_call
[2025/09/27 20:57:49.487] - eth_call
[2025/09/27 20:57:49.497] - eth_call
[2025/09/27 20:57:49.498] - eth_call
[2025/09/27 20:57:58.321] - eth_getTransactionCount
[2025/09/27 20:57:58.339] - eth_sendRawTransaction
[2025/09/27 20:57:58.346] - 
  Transaction: 0x7d969955722021a484c485cdd6927d3e01473d236353cb5dbda3abe1bed8be33
  Gas usage: 32804
  Block number: 78
  Block time: Sat Sep 27 2025 20:57:58 GMT+0100 (heure normale d’Afrique de l’Ouest)

[2025/09/27 20:57:58.348] - eth_getBlockByNumber
[2025/09/27 20:57:58.359] - eth_call
[2025/09/27 20:57:58.365] - eth_getTransactionReceipt
[2025/09/27 20:57:58.370] - eth_blockNumber
[2025/09/27 20:57:58.375] - eth_call
[2025/09/27 20:57:58.376] - eth_getBlockByNumber
[2025/09/27 20:57:58.379] - eth_call
[2025/09/27 20:57:58.382] - eth_getBalance
[2025/09/27 20:57:58.384] - eth_getBalance
[2025/09/27 20:57:58.385] - eth_getBalance
[2025/09/27 20:57:58.386] - eth_getBalance
[2025/09/27 20:57:58.388] - eth_call
[2025/09/27 20:57:58.390] - eth_call
[2025/09/27 20:57:58.397] - eth_call
[2025/09/27 20:57:58.420] - eth_call
[2025/09/27 20:57:58.437] - eth_call
[2025/09/27 20:57:58.449] - eth_getBalance
[2025/09/27 20:57:58.450] - eth_call
[2025/09/27 20:57:58.465] - eth_call
[2025/09/27 20:57:58.500] - eth_getTransactionCount
[2025/09/27 20:57:58.522] - eth_call
[2025/09/27 20:57:58.545] - eth_getBalance
[2025/09/27 20:57:58.546] - eth_call
[2025/09/27 20:57:58.559] - eth_call
[2025/09/27 20:57:58.573] - eth_call
[2025/09/27 20:57:58.585] - eth_call
[2025/09/27 20:57:58.587] - eth_getTransactionCount
[2025/09/27 20:57:58.599] - eth_call
[2025/09/27 20:57:58.614] - eth_call
[2025/09/27 20:57:58.644] - eth_getBalance
[2025/09/27 20:57:58.681] - eth_getTransactionCount
[2025/09/27 20:57:58.734] - eth_getBalance
[2025/09/27 20:57:58.772] - eth_getTransactionCount
[2025/09/27 20:57:58.796] - eth_getBalance
[2025/09/27 20:57:58.841] - eth_getTransactionCount
[2025/09/27 20:57:58.877] - eth_getBalance
[2025/09/27 20:57:58.905] - eth_getTransactionCount
[2025/09/27 20:57:58.938] - eth_getBalance
[2025/09/27 20:57:58.978] - eth_getTransactionCount
[2025/09/27 20:57:59.004] - eth_getBalance
[2025/09/27 20:57:59.027] - eth_getTransactionCount
[2025/09/27 20:57:59.066] - eth_getBalance
[2025/09/27 20:57:59.100] - eth_getTransactionCount
[2025/09/27 20:57:59.129] - eth_getBalance
[2025/09/27 20:57:59.158] - eth_getTransactionCount
[2025/09/27 20:58:01.404] - eth_getTransactionReceipt
[2025/09/27 20:58:01.407] - eth_getBlockByHash
[2025/09/27 20:58:01.416] - eth_call
[2025/09/27 20:58:01.423] - eth_call
[2025/09/27 20:58:01.429] - eth_call
[2025/09/27 20:58:01.430] - eth_call
[2025/09/27 20:58:08.201] - eth_blockNumber
[2025/09/27 20:58:08.696] - eth_gasPrice
[2025/09/27 20:58:14.879] - eth_blockNumber
[2025/09/27 20:58:14.880] - eth_call
[2025/09/27 20:58:14.897] - eth_getLogs
[2025/09/27 20:58:14.919] - eth_getBlockByNumber
[2025/09/27 20:58:14.931] - eth_getBlockByNumber
[2025/09/27 20:58:14.943] - eth_getBlockByNumber
[2025/09/27 20:58:14.957] - eth_getBlockByNumber
[2025/09/27 20:58:14.970] - eth_getBlockByNumber
[2025/09/27 20:58:14.995] - eth_getBlockByNumber
[2025/09/27 20:58:15.002] - eth_getBlockByNumber
[2025/09/27 20:58:15.008] - eth_getBlockByNumber
[2025/09/27 20:58:15.016] - eth_getBlockByNumber
[2025/09/27 20:58:15.025] - eth_getBlockByNumber
[2025/09/27 20:58:15.032] - eth_getBlockByNumber
[2025/09/27 20:58:15.038] - eth_getBlockByNumber
[2025/09/27 20:58:15.045] - eth_getLogs
[2025/09/27 20:58:15.053] - eth_getBlockByNumber
[2025/09/27 20:58:15.060] - eth_getBlockByNumber
[2025/09/27 20:58:23.830] - eth_estimateGas
[2025/09/27 20:58:23.864] - eth_getCode
[2025/09/27 20:58:23.865] - eth_getCode
[2025/09/27 20:58:24.130] - eth_call
[2025/09/27 20:58:24.140] - eth_call
[2025/09/27 20:58:24.200] - eth_call
[2025/09/27 20:58:24.205] - eth_call
[2025/09/27 20:58:24.780] - eth_blockNumber
[2025/09/27 20:58:24.837] - eth_call
[2025/09/27 20:58:24.849] - eth_call
[2025/09/27 20:58:24.862] - eth_call
[2025/09/27 20:58:24.863] - eth_call
[2025/09/27 20:58:24.905] - eth_call
[2025/09/27 20:58:24.911] - eth_call
[2025/09/27 20:58:24.919] - eth_call
[2025/09/27 20:58:24.920] - eth_call
[2025/09/27 20:58:44.789] - eth_blockNumber
[2025/09/27 20:59:04.799] - eth_blockNumber
[2025/09/27 20:59:24.806] - eth_blockNumber
[2025/09/27 20:59:44.813] - eth_blockNumber
[2025/09/27 21:00:04.827] - eth_blockNumber
[2025/09/27 21:00:24.839] - eth_blockNumber
[2025/09/27 21:00:44.846] - eth_blockNumber
[2025/09/27 21:01:04.855] - eth_blockNumber
[2025/09/27 21:01:24.868] - eth_blockNumber
[2025/09/27 21:01:44.883] - eth_blockNumber
[2025/09/27 21:02:04.895] - eth_blockNumber
[2025/09/27 21:02:24.914] - eth_blockNumber
[2025/09/27 21:02:44.928] - eth_blockNumber
[2025/09/27 21:03:04.946] - eth_blockNumber
[2025/09/27 21:03:24.956] - eth_blockNumber
[2025/09/27 21:03:34.807] - eth_call
[2025/09/27 21:03:34.885] - eth_call
[2025/09/27 21:03:34.890] - eth_call
[2025/09/27 21:03:34.914] - eth_getBlockByNumber
[2025/09/27 21:03:34.917] - eth_call
[2025/09/27 21:03:34.929] - eth_getBlockByNumber
[2025/09/27 21:03:34.934] - eth_call
[2025/09/27 21:03:34.940] - eth_getBlockByNumber
[2025/09/27 21:03:34.952] - eth_getBlockByNumber
[2025/09/27 21:03:34.953] - eth_call
[2025/09/27 21:03:34.962] - eth_getBlockByNumber
[2025/09/27 21:03:34.987] - eth_call
[2025/09/27 21:03:34.989] - eth_getBlockByNumber
[2025/09/27 21:03:34.999] - eth_getBlockByNumber
[2025/09/27 21:03:35.007] - eth_call
[2025/09/27 21:03:35.012] - eth_getBlockByNumber
[2025/09/27 21:03:35.022] - eth_getBlockByNumber
[2025/09/27 21:03:35.030] - eth_call
[2025/09/27 21:03:35.032] - eth_getBlockByNumber
[2025/09/27 21:03:35.043] - eth_getBlockByNumber
[2025/09/27 21:03:35.050] - eth_call
[2025/09/27 21:03:35.053] - eth_getBlockByNumber
[2025/09/27 21:03:35.071] - eth_call
[2025/09/27 21:03:35.077] - eth_getBlockByNumber
[2025/09/27 21:03:35.095] - eth_getBlockByNumber
[2025/09/27 21:03:35.097] - eth_call
[2025/09/27 21:03:35.117] - eth_call
[2025/09/27 21:03:35.133] - eth_call
[2025/09/27 21:03:35.158] - eth_call
[2025/09/27 21:03:41.221] - eth_estimateGas
[2025/09/27 21:03:41.374] - eth_getCode
[2025/09/27 21:03:41.386] - eth_call
[2025/09/27 21:03:41.392] - eth_call
[2025/09/27 21:03:41.410] - eth_call
[2025/09/27 21:03:41.412] - eth_call
[2025/09/27 21:03:44.964] - eth_blockNumber
[2025/09/27 21:03:45.083] - eth_call
[2025/09/27 21:03:45.090] - eth_call
[2025/09/27 21:03:45.097] - eth_call
[2025/09/27 21:03:45.098] - eth_call
[2025/09/27 21:03:45.161] - eth_call
[2025/09/27 21:03:45.169] - eth_call
[2025/09/27 21:03:45.181] - eth_call
[2025/09/27 21:03:45.182] - eth_call
[2025/09/27 21:03:52.400] - eth_getBlockByNumber
[2025/09/27 21:03:52.415] - eth_getBlockByNumber
[2025/09/27 21:03:52.427] - eth_getBlockByNumber
[2025/09/27 21:03:52.438] - eth_getBlockByNumber
[2025/09/27 21:03:52.453] - eth_getBlockByNumber
[2025/09/27 21:03:52.470] - eth_getBlockByNumber
[2025/09/27 21:03:52.488] - eth_getBlockByNumber
[2025/09/27 21:03:52.495] - eth_getBlockByNumber
[2025/09/27 21:03:52.501] - eth_getBlockByNumber
[2025/09/27 21:03:52.508] - eth_getBlockByNumber
[2025/09/27 21:03:52.515] - eth_getBlockByNumber
[2025/09/27 21:03:52.520] - eth_getBlockByNumber
[2025/09/27 21:03:52.531] - eth_getBlockByNumber
[2025/09/27 21:03:52.536] - eth_getBlockByNumber
[2025/09/27 21:04:04.977] - eth_blockNumber
[2025/09/27 21:04:20.360] - eth_call
[2025/09/27 21:04:20.370] - eth_call
[2025/09/27 21:04:20.379] - eth_call
[2025/09/27 21:04:20.380] - eth_call
[2025/09/27 21:04:22.522] - eth_call
[2025/09/27 21:04:22.529] - eth_call
[2025/09/27 21:04:22.535] - eth_call
[2025/09/27 21:04:22.536] - eth_call
[2025/09/27 21:04:24.983] - eth_blockNumber
[2025/09/27 21:04:29.219] - eth_getBlockByNumber
[2025/09/27 21:04:29.227] - eth_getBlockByNumber
[2025/09/27 21:04:29.235] - eth_getBlockByNumber
[2025/09/27 21:04:29.244] - eth_getBlockByNumber
[2025/09/27 21:04:29.250] - eth_getBlockByNumber
[2025/09/27 21:04:29.260] - eth_getBlockByNumber
[2025/09/27 21:04:29.273] - eth_getBlockByNumber
[2025/09/27 21:04:29.280] - eth_getBlockByNumber
[2025/09/27 21:04:29.286] - eth_getBlockByNumber
[2025/09/27 21:04:29.292] - eth_getBlockByNumber
[2025/09/27 21:04:29.297] - eth_getBlockByNumber
[2025/09/27 21:04:29.303] - eth_getBlockByNumber
[2025/09/27 21:04:29.309] - eth_getBlockByNumber
[2025/09/27 21:04:29.314] - eth_getBlockByNumber
[2025/09/27 21:04:42.431] - eth_call
[2025/09/27 21:04:42.492] - eth_getBlockByNumber
[2025/09/27 21:04:42.511] - eth_getBlockByNumber
[2025/09/27 21:04:42.528] - eth_getBlockByNumber
[2025/09/27 21:04:42.536] - eth_getBlockByNumber
[2025/09/27 21:04:42.554] - eth_getBlockByNumber
[2025/09/27 21:04:42.562] - eth_getBlockByNumber
[2025/09/27 21:04:42.597] - eth_getBlockByNumber
[2025/09/27 21:04:42.609] - eth_getBlockByNumber
[2025/09/27 21:04:42.622] - eth_getBlockByNumber
[2025/09/27 21:04:42.631] - eth_getBlockByNumber
[2025/09/27 21:04:42.641] - eth_getBlockByNumber
[2025/09/27 21:04:42.650] - eth_getBlockByNumber
[2025/09/27 21:04:42.659] - eth_getBlockByNumber
[2025/09/27 21:04:42.665] - eth_getBlockByNumber
[2025/09/27 21:04:54.898] - eth_blockNumber
[2025/09/27 21:04:54.904] - eth_estimateGas
[2025/09/27 21:04:55.156] - eth_call
[2025/09/27 21:04:55.165] - eth_call
[2025/09/27 21:04:55.230] - eth_call
[2025/09/27 21:04:55.236] - eth_call
[2025/09/27 21:04:56.062] - eth_blockNumber
[2025/09/27 21:04:56.153] - eth_call
[2025/09/27 21:04:56.166] - eth_call
[2025/09/27 21:04:56.176] - eth_call
[2025/09/27 21:04:56.177] - eth_call
[2025/09/27 21:04:57.423] - eth_getTransactionCount
[2025/09/27 21:04:57.443] - eth_sendRawTransaction
[2025/09/27 21:04:57.461] - 
  Transaction: 0xd7364dcbeafcab0e99c59ec36d1b58ba314353814e73d3a04a092e73b8bcaff7
  Gas usage: 210161
  Block number: 79
  Block time: Sat Sep 27 2025 21:04:57 GMT+0100 (heure normale d’Afrique de l’Ouest)

[2025/09/27 21:04:57.464] - eth_getBlockByNumber
[2025/09/27 21:04:57.474] - eth_call
[2025/09/27 21:04:57.480] - eth_getTransactionReceipt
[2025/09/27 21:04:57.486] - eth_call
[2025/09/27 21:04:57.487] - eth_blockNumber
[2025/09/27 21:04:57.491] - eth_getBlockByNumber
[2025/09/27 21:04:57.499] - eth_call
[2025/09/27 21:04:57.500] - eth_call
[2025/09/27 21:04:57.503] - eth_call
[2025/09/27 21:04:57.505] - eth_getBalance
[2025/09/27 21:04:57.506] - eth_getBalance
[2025/09/27 21:04:57.506] - eth_getBalance
[2025/09/27 21:04:57.511] - eth_getBalance
[2025/09/27 21:04:57.532] - eth_call
[2025/09/27 21:04:57.551] - eth_call
[2025/09/27 21:04:57.565] - eth_call
[2025/09/27 21:04:57.590] - eth_getBalance
[2025/09/27 21:04:57.626] - eth_call
[2025/09/27 21:04:57.635] - eth_getTransactionCount
[2025/09/27 21:04:57.649] - eth_call
[2025/09/27 21:04:57.662] - eth_call
[2025/09/27 21:04:57.676] - eth_call
[2025/09/27 21:04:57.689] - eth_call
[2025/09/27 21:04:57.700] - eth_getBalance
[2025/09/27 21:04:57.703] - eth_call
[2025/09/27 21:04:57.714] - eth_call
[2025/09/27 21:04:57.725] - eth_call
[2025/09/27 21:04:57.736] - eth_call
[2025/09/27 21:04:57.747] - eth_call
[2025/09/27 21:04:57.749] - eth_getTransactionCount
[2025/09/27 21:04:57.803] - eth_getBalance
[2025/09/27 21:04:57.853] - eth_getTransactionCount
[2025/09/27 21:04:57.879] - eth_getBalance
[2025/09/27 21:04:57.918] - eth_getTransactionCount
[2025/09/27 21:04:57.954] - eth_getBalance
[2025/09/27 21:04:57.981] - eth_getTransactionCount
[2025/09/27 21:04:58.006] - eth_getBalance
[2025/09/27 21:04:58.049] - eth_getTransactionCount
[2025/09/27 21:04:58.084] - eth_getBalance
[2025/09/27 21:04:58.112] - eth_getTransactionCount
[2025/09/27 21:04:58.159] - eth_getBalance
[2025/09/27 21:04:58.193] - eth_getTransactionCount
[2025/09/27 21:04:58.221] - eth_getBalance
[2025/09/27 21:04:58.253] - eth_getTransactionCount
[2025/09/27 21:04:58.292] - eth_getBalance
[2025/09/27 21:04:58.317] - eth_getTransactionCount
[2025/09/27 21:05:00.474] - eth_getTransactionReceipt
[2025/09/27 21:05:00.478] - eth_getBlockByHash
[2025/09/27 21:05:00.490] - eth_call
[2025/09/27 21:05:00.510] - eth_call
[2025/09/27 21:05:00.517] - eth_call
[2025/09/27 21:05:00.517] - eth_call
[2025/09/27 21:05:03.450] - eth_call
[2025/09/27 21:05:09.217] - eth_blockNumber
[2025/09/27 21:05:09.224] - eth_estimateGas
[2025/09/27 21:05:09.242] - eth_getCode
[2025/09/27 21:05:09.243] - eth_getCode
[2025/09/27 21:05:09.452] - eth_gasPrice
[2025/09/27 21:05:09.462] - eth_call
[2025/09/27 21:05:09.471] - eth_call
[2025/09/27 21:05:09.532] - eth_call
[2025/09/27 21:05:09.539] - eth_call
[2025/09/27 21:05:10.147] - eth_blockNumber
[2025/09/27 21:05:10.209] - eth_call
[2025/09/27 21:05:10.220] - eth_call
[2025/09/27 21:05:10.230] - eth_call
[2025/09/27 21:05:10.230] - eth_call
[2025/09/27 21:05:11.890] - eth_getTransactionCount
[2025/09/27 21:05:11.907] - eth_sendRawTransaction
[2025/09/27 21:05:11.915] - 
  Transaction: 0x964b4dfd0bdab2cd95e8bf4fbc687ec5297831ce9f87c07bceaf3006791b5e29
  Gas usage: 35544
  Block number: 80
  Block time: Sat Sep 27 2025 21:05:11 GMT+0100 (heure normale d’Afrique de l’Ouest)

[2025/09/27 21:05:11.917] - eth_getBlockByNumber
[2025/09/27 21:05:11.927] - eth_call
[2025/09/27 21:05:11.939] - eth_getTransactionReceipt
[2025/09/27 21:05:11.944] - eth_blockNumber
[2025/09/27 21:05:11.948] - eth_call
[2025/09/27 21:05:11.949] - eth_getBlockByNumber
[2025/09/27 21:05:11.953] - eth_call
[2025/09/27 21:05:11.955] - eth_getBalance
[2025/09/27 21:05:11.957] - eth_getBalance
[2025/09/27 21:05:11.958] - eth_getBalance
[2025/09/27 21:05:11.959] - eth_getBalance
[2025/09/27 21:05:11.962] - eth_call
[2025/09/27 21:05:11.965] - eth_call
[2025/09/27 21:05:11.981] - eth_call
[2025/09/27 21:05:12.001] - eth_call
[2025/09/27 21:05:12.018] - eth_call
[2025/09/27 21:05:12.027] - eth_getBalance
[2025/09/27 21:05:12.081] - eth_getTransactionCount
[2025/09/27 21:05:12.085] - eth_call
[2025/09/27 21:05:12.102] - eth_call
[2025/09/27 21:05:12.115] - eth_call
[2025/09/27 21:05:12.128] - eth_call
[2025/09/27 21:05:12.130] - eth_getBalance
[2025/09/27 21:05:12.142] - eth_call
[2025/09/27 21:05:12.155] - eth_call
[2025/09/27 21:05:12.171] - eth_call
[2025/09/27 21:05:12.183] - eth_call
[2025/09/27 21:05:12.196] - eth_call
[2025/09/27 21:05:12.197] - eth_getTransactionCount
[2025/09/27 21:05:12.210] - eth_call
[2025/09/27 21:05:12.250] - eth_getBalance
[2025/09/27 21:05:12.285] - eth_getTransactionCount
[2025/09/27 21:05:12.351] - eth_getBalance
[2025/09/27 21:05:12.399] - eth_getTransactionCount
[2025/09/27 21:05:12.438] - eth_getBalance
[2025/09/27 21:05:12.488] - eth_getTransactionCount
[2025/09/27 21:05:12.530] - eth_getBalance
[2025/09/27 21:05:12.572] - eth_getTransactionCount
[2025/09/27 21:05:12.601] - eth_getBalance
[2025/09/27 21:05:12.656] - eth_getTransactionCount
[2025/09/27 21:05:12.700] - eth_getBalance
[2025/09/27 21:05:12.739] - eth_getTransactionCount
[2025/09/27 21:05:12.768] - eth_getBalance
[2025/09/27 21:05:12.814] - eth_getTransactionCount
[2025/09/27 21:05:12.861] - eth_getBalance
[2025/09/27 21:05:12.886] - eth_getTransactionCount
[2025/09/27 21:05:14.936] - eth_getTransactionReceipt
[2025/09/27 21:05:14.939] - eth_getBlockByHash
[2025/09/27 21:05:14.950] - eth_call
[2025/09/27 21:05:14.957] - eth_call
[2025/09/27 21:05:14.963] - eth_call
[2025/09/27 21:05:14.963] - eth_call
[2025/09/27 21:05:24.632] - eth_blockNumber
[2025/09/27 21:05:25.152] - eth_gasPrice
[2025/09/27 21:05:31.576] - eth_blockNumber
[2025/09/27 21:05:31.577] - eth_call
[2025/09/27 21:05:31.585] - eth_getLogs
[2025/09/27 21:05:31.595] - eth_getBlockByNumber
[2025/09/27 21:05:31.603] - eth_getBlockByNumber
[2025/09/27 21:05:31.611] - eth_getBlockByNumber
[2025/09/27 21:05:31.621] - eth_getBlockByNumber
[2025/09/27 21:05:31.629] - eth_getBlockByNumber
[2025/09/27 21:05:31.636] - eth_getBlockByNumber
[2025/09/27 21:05:31.658] - eth_getBlockByNumber
[2025/09/27 21:05:31.682] - eth_getBlockByNumber
[2025/09/27 21:05:31.687] - eth_getBlockByNumber
[2025/09/27 21:05:31.693] - eth_getBlockByNumber
[2025/09/27 21:05:31.700] - eth_getBlockByNumber
[2025/09/27 21:05:31.705] - eth_getBlockByNumber
[2025/09/27 21:05:31.710] - eth_getBlockByNumber
[2025/09/27 21:05:31.717] - eth_getLogs
[2025/09/27 21:05:31.724] - eth_getBlockByNumber
[2025/09/27 21:05:31.730] - eth_getBlockByNumber
[2025/09/27 21:05:35.073] - eth_estimateGas
[2025/09/27 21:05:35.107] - eth_getCode
[2025/09/27 21:05:35.107] - eth_getCode
[2025/09/27 21:05:35.120] - eth_call
[2025/09/27 21:05:35.132] - eth_call
[2025/09/27 21:05:35.194] - eth_call
[2025/09/27 21:05:35.201] - eth_call
[2025/09/27 21:05:35.762] - eth_blockNumber
[2025/09/27 21:05:35.823] - eth_call
[2025/09/27 21:05:35.832] - eth_call
[2025/09/27 21:05:35.841] - eth_call
[2025/09/27 21:05:35.842] - eth_call
[2025/09/27 21:05:35.884] - eth_call
[2025/09/27 21:05:35.891] - eth_call
[2025/09/27 21:05:35.899] - eth_call
[2025/09/27 21:05:35.900] - eth_call
[2025/09/27 21:05:42.689] - eth_getTransactionCount
[2025/09/27 21:05:42.708] - eth_sendRawTransaction
[2025/09/27 21:05:42.726] - 
  Transaction: 0x7f876cd7db1c7d51d6be82dd414664b9b85375a4d06fcec91d7635bfe84c74a3
  Gas usage: 111899
  Block number: 81
  Block time: Sat Sep 27 2025 21:05:42 GMT+0100 (heure normale d’Afrique de l’Ouest)

[2025/09/27 21:05:42.729] - eth_getBlockByNumber
[2025/09/27 21:05:42.738] - eth_call
[2025/09/27 21:05:42.743] - eth_getTransactionReceipt
[2025/09/27 21:05:42.748] - eth_call
[2025/09/27 21:05:42.750] - eth_blockNumber
[2025/09/27 21:05:42.755] - eth_getBlockByNumber
[2025/09/27 21:05:42.759] - eth_call
[2025/09/27 21:05:42.761] - eth_call
[2025/09/27 21:05:42.763] - eth_getBalance
[2025/09/27 21:05:42.765] - eth_getBalance
[2025/09/27 21:05:42.765] - eth_getBalance
[2025/09/27 21:05:42.766] - eth_getBalance
[2025/09/27 21:05:42.770] - eth_call
[2025/09/27 21:05:42.790] - eth_call
[2025/09/27 21:05:42.809] - eth_call
[2025/09/27 21:05:42.824] - eth_call
[2025/09/27 21:05:42.836] - eth_call
[2025/09/27 21:05:42.849] - eth_call
[2025/09/27 21:05:42.851] - eth_getBalance
[2025/09/27 21:05:42.907] - eth_getTransactionCount
[2025/09/27 21:05:42.909] - eth_call
[2025/09/27 21:05:42.936] - eth_call
[2025/09/27 21:05:42.952] - eth_call
[2025/09/27 21:05:42.964] - eth_getBalance
[2025/09/27 21:05:42.965] - eth_call
[2025/09/27 21:05:42.977] - eth_call
[2025/09/27 21:05:42.990] - eth_call
[2025/09/27 21:05:43.004] - eth_call
[2025/09/27 21:05:43.017] - eth_call
[2025/09/27 21:05:43.024] - eth_getTransactionCount
[2025/09/27 21:05:43.066] - eth_getBalance
[2025/09/27 21:05:43.112] - eth_getTransactionCount
[2025/09/27 21:05:43.158] - eth_getBalance
[2025/09/27 21:05:43.182] - eth_getTransactionCount
[2025/09/27 21:05:43.205] - eth_getBalance
[2025/09/27 21:05:43.250] - eth_getTransactionCount
[2025/09/27 21:05:43.287] - eth_getBalance
[2025/09/27 21:05:43.314] - eth_getTransactionCount
[2025/09/27 21:05:43.365] - eth_getBalance
[2025/09/27 21:05:43.406] - eth_getTransactionCount
[2025/09/27 21:05:43.434] - eth_getBalance
[2025/09/27 21:05:43.472] - eth_getTransactionCount
[2025/09/27 21:05:43.508] - eth_getBalance
[2025/09/27 21:05:43.534] - eth_getTransactionCount
[2025/09/27 21:05:43.559] - eth_getBalance
[2025/09/27 21:05:43.601] - eth_getTransactionCount
[2025/09/27 21:05:45.740] - eth_getTransactionReceipt
[2025/09/27 21:05:45.743] - eth_getBlockByHash
[2025/09/27 21:05:45.754] - eth_call
[2025/09/27 21:05:45.761] - eth_call
[2025/09/27 21:05:45.767] - eth_call
[2025/09/27 21:05:45.768] - eth_call
[2025/09/27 21:06:01.447] - eth_blockNumber
[2025/09/27 21:06:01.452] - eth_getLogs
[2025/09/27 21:06:01.464] - eth_getBlockByNumber
[2025/09/27 21:06:01.469] - eth_getBlockByNumber
[2025/09/27 21:06:01.474] - eth_getBlockByNumber
[2025/09/27 21:06:01.479] - eth_getBlockByNumber
[2025/09/27 21:06:01.484] - eth_getBlockByNumber
[2025/09/27 21:06:01.489] - eth_getBlockByNumber
[2025/09/27 21:06:01.494] - eth_getBlockByNumber
[2025/09/27 21:06:01.499] - eth_getBlockByNumber
[2025/09/27 21:06:01.505] - eth_getBlockByNumber
[2025/09/27 21:06:01.510] - eth_getBlockByNumber
[2025/09/27 21:06:01.516] - eth_getBlockByNumber
[2025/09/27 21:06:01.521] - eth_getBlockByNumber
[2025/09/27 21:06:01.527] - eth_getBlockByNumber
[2025/09/27 21:06:01.533] - eth_getLogs
[2025/09/27 21:06:01.542] - eth_getBlockByNumber
[2025/09/27 21:06:01.547] - eth_getBlockByNumber
[2025/09/27 21:10:07.493] - eth_blockNumber
[2025/09/27 21:10:07.514] - eth_call
[2025/09/27 21:10:07.540] - eth_call
[2025/09/27 21:10:07.543] - eth_call
[2025/09/27 21:10:07.583] - eth_getBlockByNumber
[2025/09/27 21:10:07.589] - eth_call
[2025/09/27 21:10:07.598] - eth_getBlockByNumber
[2025/09/27 21:10:07.607] - eth_call
[2025/09/27 21:10:07.611] - eth_getBlockByNumber
[2025/09/27 21:10:07.623] - eth_getBlockByNumber
[2025/09/27 21:10:07.634] - eth_call
[2025/09/27 21:10:07.643] - eth_getBlockByNumber
[2025/09/27 21:10:07.660] - eth_call
[2025/09/27 21:10:07.661] - eth_getBlockByNumber
[2025/09/27 21:10:07.671] - eth_getBlockByNumber
[2025/09/27 21:10:07.677] - eth_call
[2025/09/27 21:10:07.681] - eth_getBlockByNumber
[2025/09/27 21:10:07.722] - eth_getBlockByNumber
[2025/09/27 21:10:07.723] - eth_call
[2025/09/27 21:10:07.730] - eth_getBlockByNumber
[2025/09/27 21:10:07.741] - eth_getBlockByNumber
[2025/09/27 21:10:07.743] - eth_call
[2025/09/27 21:10:07.753] - eth_getBlockByNumber
[2025/09/27 21:10:07.759] - eth_call
[2025/09/27 21:10:07.759] - eth_getBlockByNumber
[2025/09/27 21:10:07.774] - eth_getBlockByNumber
[2025/09/27 21:10:07.776] - eth_call
[2025/09/27 21:10:07.784] - eth_getBlockByNumber
[2025/09/27 21:10:07.794] - eth_call
[2025/09/27 21:10:07.815] - eth_call
[2025/09/27 21:10:07.838] - eth_call
[2025/09/27 21:10:07.857] - eth_call
[2025/09/27 21:11:53.377] - eth_blockNumber
[2025/09/27 21:11:53.443] - eth_getBlockByNumber
[2025/09/27 21:11:53.486] - eth_getBlockByNumber
[2025/09/27 21:11:53.500] - eth_getBlockByNumber
[2025/09/27 21:11:53.523] - eth_getBlockByNumber
[2025/09/27 21:11:53.540] - eth_getBlockByNumber
[2025/09/27 21:11:53.576] - eth_getBlockByNumber
[2025/09/27 21:11:53.597] - eth_getBlockByNumber
[2025/09/27 21:11:53.609] - eth_getBlockByNumber
[2025/09/27 21:11:53.621] - eth_getBlockByNumber
[2025/09/27 21:11:53.630] - eth_getBlockByNumber
[2025/09/27 21:11:53.640] - eth_getBlockByNumber
[2025/09/27 21:11:53.647] - eth_getBlockByNumber
[2025/09/27 21:11:53.654] - eth_getBlockByNumber
[2025/09/27 21:11:53.668] - eth_getBlockByNumber
[2025/09/27 21:11:53.678] - eth_getBlockByNumber
[2025/09/27 21:11:59.412] - eth_getBlockByNumber
[2025/09/27 21:11:59.419] - eth_getBlockByNumber
[2025/09/27 21:11:59.426] - eth_getBlockByNumber
[2025/09/27 21:11:59.432] - eth_getBlockByNumber
[2025/09/27 21:11:59.438] - eth_getBlockByNumber
[2025/09/27 21:11:59.445] - eth_getBlockByNumber
[2025/09/27 21:11:59.454] - eth_getBlockByNumber
[2025/09/27 21:11:59.460] - eth_getBlockByNumber
[2025/09/27 21:11:59.470] - eth_getBlockByNumber
[2025/09/27 21:11:59.475] - eth_getBlockByNumber
[2025/09/27 21:11:59.481] - eth_getBlockByNumber
[2025/09/27 21:11:59.488] - eth_getBlockByNumber
[2025/09/27 21:11:59.496] - eth_getBlockByNumber
[2025/09/27 21:11:59.504] - eth_getBlockByNumber
[2025/09/27 21:11:59.510] - eth_getBlockByNumber
[2025/09/27 21:12:13.792] - eth_blockNumber
[2025/09/27 21:12:13.830] - eth_getBlockByNumber
[2025/09/27 21:12:13.840] - eth_getBlockByNumber
[2025/09/27 21:12:13.850] - eth_getBlockByNumber
[2025/09/27 21:12:13.859] - eth_getBlockByNumber
[2025/09/27 21:12:13.870] - eth_getBlockByNumber
[2025/09/27 21:12:13.881] - eth_getBlockByNumber
[2025/09/27 21:12:13.887] - eth_getBlockByNumber
[2025/09/27 21:12:13.895] - eth_getBlockByNumber
[2025/09/27 21:12:13.901] - eth_getBlockByNumber
[2025/09/27 21:12:13.908] - eth_getBlockByNumber
[2025/09/27 21:12:13.915] - eth_getBlockByNumber
[2025/09/27 21:12:13.922] - eth_getBlockByNumber
[2025/09/27 21:12:13.929] - eth_getBlockByNumber
[2025/09/27 21:12:13.938] - eth_getBlockByNumber
[2025/09/27 21:12:13.945] - eth_getBlockByNumber
[2025/09/27 21:12:16.097] - eth_blockNumber
[2025/09/27 21:12:20.946] - eth_gasPrice
[2025/09/27 21:12:22.681] - eth_getBlockByNumber
[2025/09/27 21:12:22.691] - eth_getBlockByNumber
[2025/09/27 21:12:22.698] - eth_getBlockByNumber
[2025/09/27 21:12:22.705] - eth_getBlockByNumber
[2025/09/27 21:12:22.711] - eth_getBlockByNumber
[2025/09/27 21:12:22.719] - eth_getBlockByNumber
[2025/09/27 21:12:22.725] - eth_getBlockByNumber
[2025/09/27 21:12:22.732] - eth_getBlockByNumber
[2025/09/27 21:12:22.740] - eth_getBlockByNumber
[2025/09/27 21:12:22.746] - eth_getBlockByNumber
[2025/09/27 21:12:22.753] - eth_getBlockByNumber
[2025/09/27 21:12:22.760] - eth_getBlockByNumber
[2025/09/27 21:12:22.767] - eth_getBlockByNumber
[2025/09/27 21:12:22.778] - eth_getBlockByNumber
[2025/09/27 21:12:22.784] - eth_getBlockByNumber
[2025/09/27 21:12:27.157] - eth_call
[2025/09/27 21:12:27.168] - eth_call
[2025/09/27 21:12:27.195] - eth_getBlockByNumber
[2025/09/27 21:12:27.206] - eth_getBlockByNumber
[2025/09/27 21:12:27.212] - eth_getBlockByNumber
[2025/09/27 21:12:27.220] - eth_getBlockByNumber
[2025/09/27 21:12:27.229] - eth_getBlockByNumber
[2025/09/27 21:12:27.236] - eth_getBlockByNumber
[2025/09/27 21:12:27.273] - eth_getBlockByNumber
[2025/09/27 21:12:27.279] - eth_getBlockByNumber
[2025/09/27 21:12:27.286] - eth_getBlockByNumber
[2025/09/27 21:12:27.292] - eth_getBlockByNumber
[2025/09/27 21:12:27.298] - eth_getBlockByNumber
[2025/09/27 21:12:27.303] - eth_getBlockByNumber
[2025/09/27 21:12:27.309] - eth_getBlockByNumber
[2025/09/27 21:12:27.321] - eth_getBlockByNumber
[2025/09/27 21:12:27.327] - eth_getBlockByNumber
[2025/09/27 21:12:42.531] - eth_blockNumber
[2025/09/27 21:12:42.546] - eth_estimateGas
[2025/09/27 21:12:42.588] - eth_getCode
[2025/09/27 21:12:42.589] - eth_getCode
[2025/09/27 21:12:42.826] - eth_call
[2025/09/27 21:12:42.836] - eth_call
[2025/09/27 21:12:42.905] - eth_call
[2025/09/27 21:12:42.916] - eth_call
[2025/09/27 21:12:43.488] - eth_blockNumber
[2025/09/27 21:12:43.554] - eth_call
[2025/09/27 21:12:43.563] - eth_call
[2025/09/27 21:12:43.575] - eth_call
[2025/09/27 21:12:43.576] - eth_call
[2025/09/27 21:12:45.658] - eth_getTransactionCount
[2025/09/27 21:12:45.678] - eth_sendRawTransaction
[2025/09/27 21:12:45.694] - 
  Transaction: 0x2ddcd5fb4c4a42a28f8dd196b3c7b9b53361a493d1a3b12dd33183408b16153c
  Gas usage: 210197
  Block number: 82
  Block time: Sat Sep 27 2025 21:12:45 GMT+0100 (heure normale d’Afrique de l’Ouest)

[2025/09/27 21:12:45.696] - eth_getBlockByNumber
[2025/09/27 21:12:45.706] - eth_call
[2025/09/27 21:12:45.715] - eth_getTransactionReceipt
[2025/09/27 21:12:45.718] - eth_call
[2025/09/27 21:12:45.720] - eth_blockNumber
[2025/09/27 21:12:45.724] - eth_getBlockByNumber
[2025/09/27 21:12:45.729] - eth_call
[2025/09/27 21:12:45.730] - eth_call
[2025/09/27 21:12:45.732] - eth_getBalance
[2025/09/27 21:12:45.733] - eth_getBalance
[2025/09/27 21:12:45.734] - eth_getBalance
[2025/09/27 21:12:45.736] - eth_getBalance
[2025/09/27 21:12:45.738] - eth_call
[2025/09/27 21:12:45.763] - eth_call
[2025/09/27 21:12:45.779] - eth_call
[2025/09/27 21:12:45.790] - eth_call
[2025/09/27 21:12:45.802] - eth_getBalance
[2025/09/27 21:12:45.807] - eth_call
[2025/09/27 21:12:45.854] - eth_getTransactionCount
[2025/09/27 21:12:45.869] - eth_call
[2025/09/27 21:12:45.896] - eth_call
[2025/09/27 21:12:45.909] - eth_call
[2025/09/27 21:12:45.914] - eth_getBalance
[2025/09/27 21:12:45.923] - eth_call
[2025/09/27 21:12:45.936] - eth_call
[2025/09/27 21:12:45.949] - eth_call
[2025/09/27 21:12:45.953] - eth_getTransactionCount
[2025/09/27 21:12:45.981] - eth_call
[2025/09/27 21:12:45.988] - eth_getBalance
[2025/09/27 21:12:45.995] - eth_call
[2025/09/27 21:12:46.008] - eth_call
[2025/09/27 21:12:46.021] - eth_call
[2025/09/27 21:12:46.050] - eth_getTransactionCount
[2025/09/27 21:12:46.097] - eth_getBalance
[2025/09/27 21:12:46.144] - eth_getTransactionCount
[2025/09/27 21:12:46.176] - eth_getBalance
[2025/09/27 21:12:46.213] - eth_getTransactionCount
[2025/09/27 21:12:46.243] - eth_getBalance
[2025/09/27 21:12:46.277] - eth_getTransactionCount
[2025/09/27 21:12:46.303] - eth_getBalance
[2025/09/27 21:12:46.329] - eth_getTransactionCount
[2025/09/27 21:12:46.373] - eth_getBalance
[2025/09/27 21:12:46.407] - eth_getTransactionCount
[2025/09/27 21:12:46.435] - eth_getBalance
[2025/09/27 21:12:46.482] - eth_getTransactionCount
[2025/09/27 21:12:46.517] - eth_getBalance
[2025/09/27 21:12:46.543] - eth_getTransactionCount
[2025/09/27 21:12:48.218] - eth_call
[2025/09/27 21:12:48.710] - eth_getTransactionReceipt
[2025/09/27 21:12:48.714] - eth_getBlockByHash
[2025/09/27 21:12:48.726] - eth_call
[2025/09/27 21:12:48.732] - eth_call
[2025/09/27 21:12:48.738] - eth_call
[2025/09/27 21:12:48.739] - eth_call
[2025/09/27 21:13:02.271] - eth_blockNumber
[2025/09/27 21:13:02.277] - eth_estimateGas
[2025/09/27 21:13:02.296] - eth_getCode
[2025/09/27 21:13:02.296] - eth_getCode
[2025/09/27 21:13:02.603] - eth_gasPrice
[2025/09/27 21:13:02.616] - eth_call
[2025/09/27 21:13:02.624] - eth_call
[2025/09/27 21:13:02.692] - eth_call
[2025/09/27 21:13:02.700] - eth_call
[2025/09/27 21:13:03.309] - eth_blockNumber
[2025/09/27 21:13:03.368] - eth_call
[2025/09/27 21:13:03.378] - eth_call
[2025/09/27 21:13:03.388] - eth_call
[2025/09/27 21:13:03.388] - eth_call
[2025/09/27 21:13:05.481] - eth_getTransactionCount
[2025/09/27 21:13:05.498] - eth_sendRawTransaction
[2025/09/27 21:13:05.507] - 
  Transaction: 0x4efb0be91e22d9366f33c435e7141795217c0225f4aef674603f6625f6d52cd2
  Gas usage: 35544
  Block number: 83
  Block time: Sat Sep 27 2025 21:13:05 GMT+0100 (heure normale d’Afrique de l’Ouest)

[2025/09/27 21:13:05.509] - eth_getBlockByNumber
[2025/09/27 21:13:05.519] - eth_call
[2025/09/27 21:13:05.524] - eth_getTransactionReceipt
[2025/09/27 21:13:05.530] - eth_call
[2025/09/27 21:13:05.531] - eth_blockNumber
[2025/09/27 21:13:05.536] - eth_getBlockByNumber
[2025/09/27 21:13:05.542] - eth_call
[2025/09/27 21:13:05.543] - eth_call
[2025/09/27 21:13:05.545] - eth_getBalance
[2025/09/27 21:13:05.547] - eth_getBalance
[2025/09/27 21:13:05.547] - eth_getBalance
[2025/09/27 21:13:05.548] - eth_getBalance
[2025/09/27 21:13:05.551] - eth_call
[2025/09/27 21:13:05.577] - eth_call
[2025/09/27 21:13:05.598] - eth_call
[2025/09/27 21:13:05.612] - eth_call
[2025/09/27 21:13:05.625] - eth_call
[2025/09/27 21:13:05.660] - eth_getBalance
[2025/09/27 21:13:05.670] - eth_call
[2025/09/27 21:13:05.711] - eth_call
[2025/09/27 21:13:05.713] - eth_getTransactionCount
[2025/09/27 21:13:05.734] - eth_call
[2025/09/27 21:13:05.747] - eth_call
[2025/09/27 21:13:05.757] - eth_getBalance
[2025/09/27 21:13:05.758] - eth_call
[2025/09/27 21:13:05.771] - eth_call
[2025/09/27 21:13:05.782] - eth_call
[2025/09/27 21:13:05.797] - eth_call
[2025/09/27 21:13:05.810] - eth_call
[2025/09/27 21:13:05.820] - eth_getTransactionCount
[2025/09/27 21:13:05.823] - eth_call
[2025/09/27 21:13:05.866] - eth_getBalance
[2025/09/27 21:13:05.917] - eth_getTransactionCount
[2025/09/27 21:13:05.953] - eth_getBalance
[2025/09/27 21:13:05.978] - eth_getTransactionCount
[2025/09/27 21:13:06.003] - eth_getBalance
[2025/09/27 21:13:06.049] - eth_getTransactionCount
[2025/09/27 21:13:06.086] - eth_getBalance
[2025/09/27 21:13:06.114] - eth_getTransactionCount
[2025/09/27 21:13:06.162] - eth_getBalance
[2025/09/27 21:13:06.197] - eth_getTransactionCount
[2025/09/27 21:13:06.223] - eth_getBalance
[2025/09/27 21:13:06.267] - eth_getTransactionCount
[2025/09/27 21:13:06.302] - eth_getBalance
[2025/09/27 21:13:06.329] - eth_getTransactionCount
[2025/09/27 21:13:06.367] - eth_getBalance
[2025/09/27 21:13:06.402] - eth_getTransactionCount
[2025/09/27 21:13:08.525] - eth_getTransactionReceipt
[2025/09/27 21:13:08.529] - eth_getBlockByHash
[2025/09/27 21:13:08.540] - eth_call
[2025/09/27 21:13:08.548] - eth_call
[2025/09/27 21:13:08.554] - eth_call
[2025/09/27 21:13:08.554] - eth_call
[2025/09/27 21:13:21.094] - eth_blockNumber
[2025/09/27 21:13:21.684] - eth_gasPrice
[2025/09/27 21:13:26.819] - eth_blockNumber
[2025/09/27 21:13:26.820] - eth_call
[2025/09/27 21:13:26.835] - eth_getLogs
[2025/09/27 21:13:26.852] - eth_getBlockByNumber
[2025/09/27 21:13:26.864] - eth_getBlockByNumber
[2025/09/27 21:13:26.874] - eth_getBlockByNumber
[2025/09/27 21:13:26.887] - eth_getBlockByNumber
[2025/09/27 21:13:26.906] - eth_getBlockByNumber
[2025/09/27 21:13:26.918] - eth_getBlockByNumber
[2025/09/27 21:13:26.940] - eth_getBlockByNumber
[2025/09/27 21:13:26.945] - eth_getBlockByNumber
[2025/09/27 21:13:26.955] - eth_getBlockByNumber
[2025/09/27 21:13:26.966] - eth_getBlockByNumber
[2025/09/27 21:13:26.972] - eth_getBlockByNumber
[2025/09/27 21:13:26.977] - eth_getBlockByNumber
[2025/09/27 21:13:26.983] - eth_getBlockByNumber
[2025/09/27 21:13:26.990] - eth_getBlockByNumber
[2025/09/27 21:13:26.995] - eth_getLogs
[2025/09/27 21:13:27.003] - eth_getBlockByNumber
[2025/09/27 21:13:27.012] - eth_getBlockByNumber
[2025/09/27 21:13:27.018] - eth_getBlockByNumber
[2025/09/27 21:13:29.177] - eth_call
[2025/09/27 21:13:29.199] - eth_call
[2025/09/27 21:13:29.206] - eth_call
[2025/09/27 21:13:29.218] - eth_call
[2025/09/27 21:13:29.224] - eth_getBlockByNumber
[2025/09/27 21:13:29.241] - eth_getBlockByNumber
[2025/09/27 21:13:29.244] - eth_call
[2025/09/27 21:13:29.255] - eth_getBlockByNumber
[2025/09/27 21:13:29.261] - eth_call
[2025/09/27 21:13:29.268] - eth_getBlockByNumber
[2025/09/27 21:13:29.277] - eth_call
[2025/09/27 21:13:29.278] - eth_getBlockByNumber
[2025/09/27 21:13:29.284] - eth_getBlockByNumber
[2025/09/27 21:13:29.290] - eth_getBlockByNumber
[2025/09/27 21:13:29.292] - eth_call
[2025/09/27 21:13:29.297] - eth_getBlockByNumber
[2025/09/27 21:13:29.304] - eth_getBlockByNumber
[2025/09/27 21:13:29.306] - eth_call
[2025/09/27 21:13:29.312] - eth_getBlockByNumber
[2025/09/27 21:13:29.319] - eth_getBlockByNumber
[2025/09/27 21:13:29.320] - eth_call
[2025/09/27 21:13:29.327] - eth_getBlockByNumber
[2025/09/27 21:13:29.332] - eth_call
[2025/09/27 21:13:29.336] - eth_getBlockByNumber
[2025/09/27 21:13:29.341] - eth_getBlockByNumber
[2025/09/27 21:13:29.348] - eth_call
[2025/09/27 21:13:29.358] - eth_getBlockByNumber
[2025/09/27 21:13:29.366] - eth_call
[2025/09/27 21:13:29.372] - eth_getBlockByNumber
[2025/09/27 21:13:29.389] - eth_call
[2025/09/27 21:13:29.393] - eth_getBlockByNumber
[2025/09/27 21:13:29.417] - eth_call
[2025/09/27 21:13:29.430] - eth_call
[2025/09/27 21:13:29.443] - eth_call
[2025/09/27 21:13:31.982] - eth_estimateGas
[2025/09/27 21:13:32.130] - eth_getCode
[2025/09/27 21:13:32.131] - eth_getCode
[2025/09/27 21:13:32.146] - eth_call
[2025/09/27 21:13:32.156] - eth_call
[2025/09/27 21:13:32.218] - eth_call
[2025/09/27 21:13:32.226] - eth_call
[2025/09/27 21:13:32.787] - eth_blockNumber
[2025/09/27 21:13:32.844] - eth_call
[2025/09/27 21:13:32.858] - eth_call
[2025/09/27 21:13:32.868] - eth_call
[2025/09/27 21:13:32.869] - eth_call
[2025/09/27 21:13:36.261] - eth_call
[2025/09/27 21:13:36.269] - eth_call
[2025/09/27 21:13:36.275] - eth_call
[2025/09/27 21:13:36.276] - eth_call
[2025/09/27 21:15:42.588] - eth_blockNumber
[2025/09/27 21:15:42.681] - eth_getBlockByNumber
[2025/09/27 21:15:42.703] - eth_getBlockByNumber
[2025/09/27 21:15:42.721] - eth_getBlockByNumber
[2025/09/27 21:15:42.737] - eth_getBlockByNumber
[2025/09/27 21:15:42.762] - eth_getBlockByNumber
[2025/09/27 21:15:42.791] - eth_getBlockByNumber
[2025/09/27 21:15:42.833] - eth_getBlockByNumber
[2025/09/27 21:15:42.847] - eth_getBlockByNumber
[2025/09/27 21:15:42.860] - eth_getBlockByNumber
[2025/09/27 21:15:42.868] - eth_getBlockByNumber
[2025/09/27 21:15:42.879] - eth_getBlockByNumber
[2025/09/27 21:15:42.887] - eth_getBlockByNumber
[2025/09/27 21:15:42.897] - eth_getBlockByNumber
[2025/09/27 21:15:42.914] - eth_getBlockByNumber
[2025/09/27 21:15:42.962] - eth_getBlockByNumber
[2025/09/27 21:15:42.992] - eth_getBlockByNumber
[2025/09/27 21:15:43.006] - eth_getBlockByNumber
[2025/09/27 21:15:46.766] - eth_getBlockByNumber
[2025/09/27 21:15:46.775] - eth_getBlockByNumber
[2025/09/27 21:15:46.787] - eth_getBlockByNumber
[2025/09/27 21:15:46.802] - eth_getBlockByNumber
[2025/09/27 21:15:46.819] - eth_getBlockByNumber
[2025/09/27 21:15:46.876] - eth_getBlockByNumber
[2025/09/27 21:15:46.911] - eth_getBlockByNumber
[2025/09/27 21:15:46.940] - eth_getBlockByNumber
[2025/09/27 21:15:46.946] - eth_getBlockByNumber
[2025/09/27 21:15:46.954] - eth_getBlockByNumber
[2025/09/27 21:15:46.961] - eth_getBlockByNumber
[2025/09/27 21:15:46.967] - eth_getBlockByNumber
[2025/09/27 21:15:46.973] - eth_getBlockByNumber
[2025/09/27 21:15:46.978] - eth_getBlockByNumber
[2025/09/27 21:15:46.990] - eth_getBlockByNumber
[2025/09/27 21:15:46.995] - eth_getBlockByNumber
[2025/09/27 21:15:47.002] - eth_getBlockByNumber
[2025/09/27 21:15:51.444] - eth_call
[2025/09/27 21:15:51.454] - eth_call
[2025/09/27 21:15:51.531] - eth_call
[2025/09/27 21:15:51.540] - eth_call
[2025/09/27 21:15:52.162] - eth_blockNumber
[2025/09/27 21:15:52.232] - eth_call
[2025/09/27 21:15:52.242] - eth_call
[2025/09/27 21:15:52.253] - eth_call
[2025/09/27 21:15:52.254] - eth_call
[2025/09/27 21:15:54.450] - eth_call
[2025/09/27 21:15:54.457] - eth_call
[2025/09/27 21:15:54.464] - eth_call
[2025/09/27 21:15:54.464] - eth_call
[2025/09/27 21:16:55.168] - eth_blockNumber
[2025/09/27 21:17:25.990] - eth_blockNumber
[2025/09/27 21:17:36.077] - eth_getBlockByNumber
[2025/09/27 21:17:36.087] - eth_getBlockByNumber
[2025/09/27 21:17:36.103] - eth_getBlockByNumber
[2025/09/27 21:17:36.111] - eth_getBlockByNumber
[2025/09/27 21:17:36.123] - eth_getBlockByNumber
[2025/09/27 21:17:36.136] - eth_getBlockByNumber
[2025/09/27 21:17:36.145] - eth_getBlockByNumber
[2025/09/27 21:17:36.183] - eth_getBlockByNumber
[2025/09/27 21:17:36.190] - eth_getBlockByNumber
[2025/09/27 21:17:36.200] - eth_getBlockByNumber
[2025/09/27 21:17:36.206] - eth_getBlockByNumber
[2025/09/27 21:17:36.212] - eth_getBlockByNumber
[2025/09/27 21:17:36.217] - eth_getBlockByNumber
[2025/09/27 21:17:36.223] - eth_getBlockByNumber
[2025/09/27 21:17:36.232] - eth_getBlockByNumber
[2025/09/27 21:17:36.237] - eth_getBlockByNumber
[2025/09/27 21:17:36.242] - eth_getBlockByNumber
[2025/09/27 21:17:39.427] - eth_call
[2025/09/27 21:17:39.510] - eth_getBlockByNumber
[2025/09/27 21:17:39.527] - eth_getBlockByNumber
[2025/09/27 21:17:39.551] - eth_getBlockByNumber
[2025/09/27 21:17:39.574] - eth_getBlockByNumber
[2025/09/27 21:17:39.592] - eth_getBlockByNumber
[2025/09/27 21:17:39.603] - eth_getBlockByNumber
[2025/09/27 21:17:39.611] - eth_getBlockByNumber
[2025/09/27 21:17:39.650] - eth_getBlockByNumber
[2025/09/27 21:17:39.656] - eth_getBlockByNumber
[2025/09/27 21:17:39.663] - eth_getBlockByNumber
[2025/09/27 21:17:39.669] - eth_getBlockByNumber
[2025/09/27 21:17:39.675] - eth_getBlockByNumber
[2025/09/27 21:17:39.683] - eth_getBlockByNumber
[2025/09/27 21:17:39.693] - eth_getBlockByNumber
[2025/09/27 21:17:39.710] - eth_getBlockByNumber
[2025/09/27 21:17:39.718] - eth_getBlockByNumber
[2025/09/27 21:17:39.724] - eth_getBlockByNumber
[2025/09/27 21:18:00.281] - eth_blockNumber
[2025/09/27 21:18:00.288] - eth_estimateGas
[2025/09/27 21:18:00.326] - eth_getCode
[2025/09/27 21:18:00.585] - eth_call
[2025/09/27 21:18:00.594] - eth_call
[2025/09/27 21:18:00.660] - eth_call
[2025/09/27 21:18:00.669] - eth_call
[2025/09/27 21:18:01.272] - eth_blockNumber
[2025/09/27 21:18:01.356] - eth_call
[2025/09/27 21:18:01.367] - eth_call
[2025/09/27 21:18:01.378] - eth_call
[2025/09/27 21:18:01.378] - eth_call
[2025/09/27 21:18:03.368] - eth_getTransactionCount
[2025/09/27 21:18:03.387] - eth_sendRawTransaction
[2025/09/27 21:18:03.405] - 
  Transaction: 0x630121484fabd27fac93819df8f6643ba029c41715481064e11201b86914b84d
  Gas usage: 210161
  Block number: 84
  Block time: Sat Sep 27 2025 21:18:03 GMT+0100 (heure normale d’Afrique de l’Ouest)

[2025/09/27 21:18:03.407] - eth_getBlockByNumber
[2025/09/27 21:18:03.418] - eth_call
[2025/09/27 21:18:03.429] - eth_call
[2025/09/27 21:18:03.430] - eth_getTransactionReceipt
[2025/09/27 21:18:03.435] - eth_blockNumber
[2025/09/27 21:18:03.441] - eth_call
[2025/09/27 21:18:03.442] - eth_call
[2025/09/27 21:18:03.451] - eth_getBlockByNumber
[2025/09/27 21:18:03.453] - eth_call
[2025/09/27 21:18:03.460] - eth_getBalance
[2025/09/27 21:18:03.461] - eth_getBalance
[2025/09/27 21:18:03.462] - eth_getBalance
[2025/09/27 21:18:03.464] - eth_getBalance
[2025/09/27 21:18:03.516] - eth_call
[2025/09/27 21:18:03.570] - eth_getBalance
[2025/09/27 21:18:03.572] - eth_call
[2025/09/27 21:18:03.608] - eth_call
[2025/09/27 21:18:03.620] - eth_call
[2025/09/27 21:18:03.623] - eth_getTransactionCount
[2025/09/27 21:18:03.632] - eth_call
[2025/09/27 21:18:03.643] - eth_call
[2025/09/27 21:18:03.656] - eth_call
[2025/09/27 21:18:03.669] - eth_call
[2025/09/27 21:18:03.670] - eth_getBalance
[2025/09/27 21:18:03.683] - eth_call
[2025/09/27 21:18:03.698] - eth_call
[2025/09/27 21:18:03.712] - eth_call
[2025/09/27 21:18:03.725] - eth_call
[2025/09/27 21:18:03.734] - eth_getTransactionCount
[2025/09/27 21:18:03.742] - eth_call
[2025/09/27 21:18:03.762] - eth_call
[2025/09/27 21:18:03.775] - eth_call
[2025/09/27 21:18:03.780] - eth_getBalance
[2025/09/27 21:18:03.835] - eth_getTransactionCount
[2025/09/27 21:18:03.872] - eth_getBalance
[2025/09/27 21:18:03.898] - eth_getTransactionCount
[2025/09/27 21:18:03.927] - eth_getBalance
[2025/09/27 21:18:03.966] - eth_getTransactionCount
[2025/09/27 21:18:03.992] - eth_getBalance
[2025/09/27 21:18:04.020] - eth_getTransactionCount
[2025/09/27 21:18:04.065] - eth_getBalance
[2025/09/27 21:18:04.100] - eth_getTransactionCount
[2025/09/27 21:18:04.126] - eth_getBalance
[2025/09/27 21:18:04.174] - eth_getTransactionCount
[2025/09/27 21:18:04.209] - eth_getBalance
[2025/09/27 21:18:04.236] - eth_getTransactionCount
[2025/09/27 21:18:04.275] - eth_getBalance
[2025/09/27 21:18:04.307] - eth_getTransactionCount
[2025/09/27 21:18:06.193] - eth_call
[2025/09/27 21:18:06.426] - eth_getTransactionReceipt
[2025/09/27 21:18:06.430] - eth_getBlockByHash
[2025/09/27 21:18:06.440] - eth_call
[2025/09/27 21:18:06.447] - eth_call
[2025/09/27 21:18:06.454] - eth_call
[2025/09/27 21:18:06.455] - eth_call
[2025/09/27 21:18:35.286] - eth_blockNumber
[2025/09/27 21:18:41.911] - eth_blockNumber
[2025/09/27 21:18:41.916] - eth_estimateGas
[2025/09/27 21:18:41.935] - eth_getCode
[2025/09/27 21:18:41.935] - eth_getCode
[2025/09/27 21:18:42.215] - eth_gasPrice
[2025/09/27 21:18:42.225] - eth_call
[2025/09/27 21:18:42.234] - eth_call
[2025/09/27 21:18:42.302] - eth_call
[2025/09/27 21:18:42.313] - eth_call
[2025/09/27 21:18:42.914] - eth_blockNumber
[2025/09/27 21:18:42.972] - eth_call
[2025/09/27 21:18:42.982] - eth_call
[2025/09/27 21:18:42.993] - eth_call
[2025/09/27 21:18:42.994] - eth_call
[2025/09/27 21:18:45.385] - eth_getTransactionCount
[2025/09/27 21:18:45.403] - eth_sendRawTransaction
[2025/09/27 21:18:45.411] - 
  Transaction: 0x6f385907f1701b313782c58d7623aa3c7c91c227f3cd196489e0159e72b3514d
  Gas usage: 35544
  Block number: 85
  Block time: Sat Sep 27 2025 21:18:45 GMT+0100 (heure normale d’Afrique de l’Ouest)

[2025/09/27 21:18:45.413] - eth_getBlockByNumber
[2025/09/27 21:18:45.423] - eth_call
[2025/09/27 21:18:45.430] - eth_getTransactionReceipt
[2025/09/27 21:18:45.435] - eth_call
[2025/09/27 21:18:45.437] - eth_blockNumber
[2025/09/27 21:18:45.440] - eth_getBlockByNumber
[2025/09/27 21:18:45.445] - eth_call
[2025/09/27 21:18:45.446] - eth_call
[2025/09/27 21:18:45.449] - eth_getBalance
[2025/09/27 21:18:45.450] - eth_getBalance
[2025/09/27 21:18:45.451] - eth_getBalance
[2025/09/27 21:18:45.452] - eth_getBalance
[2025/09/27 21:18:45.456] - eth_call
[2025/09/27 21:18:45.477] - eth_call
[2025/09/27 21:18:45.494] - eth_call
[2025/09/27 21:18:45.506] - eth_call
[2025/09/27 21:18:45.519] - eth_call
[2025/09/27 21:18:45.555] - eth_getBalance
[2025/09/27 21:18:45.596] - eth_call
[2025/09/27 21:18:45.599] - eth_getTransactionCount
[2025/09/27 21:18:45.623] - eth_call
[2025/09/27 21:18:45.637] - eth_call
[2025/09/27 21:18:45.650] - eth_call
[2025/09/27 21:18:45.664] - eth_call
[2025/09/27 21:18:45.671] - eth_getBalance
[2025/09/27 21:18:45.676] - eth_call
[2025/09/27 21:18:45.688] - eth_call
[2025/09/27 21:18:45.699] - eth_call
[2025/09/27 21:18:45.712] - eth_call
[2025/09/27 21:18:45.713] - eth_getTransactionCount
[2025/09/27 21:18:45.724] - eth_call
[2025/09/27 21:18:45.736] - eth_call
[2025/09/27 21:18:45.768] - eth_getBalance
[2025/09/27 21:18:45.808] - eth_getTransactionCount
[2025/09/27 21:18:45.835] - eth_getBalance
[2025/09/27 21:18:45.862] - eth_getTransactionCount
[2025/09/27 21:18:45.897] - eth_getBalance
[2025/09/27 21:18:45.924] - eth_getTransactionCount
[2025/09/27 21:18:45.954] - eth_getBalance
[2025/09/27 21:18:46.001] - eth_getTransactionCount
[2025/09/27 21:18:46.037] - eth_getBalance
[2025/09/27 21:18:46.062] - eth_getTransactionCount
[2025/09/27 21:18:46.108] - eth_getBalance
[2025/09/27 21:18:46.143] - eth_getTransactionCount
[2025/09/27 21:18:46.172] - eth_getBalance
[2025/09/27 21:18:46.211] - eth_getTransactionCount
[2025/09/27 21:18:46.244] - eth_getBalance
[2025/09/27 21:18:46.269] - eth_getTransactionCount
[2025/09/27 21:18:48.435] - eth_getTransactionReceipt
[2025/09/27 21:18:48.439] - eth_getBlockByHash
[2025/09/27 21:18:48.450] - eth_call
[2025/09/27 21:18:48.457] - eth_call
[2025/09/27 21:18:48.463] - eth_call
[2025/09/27 21:18:48.464] - eth_call
[2025/09/27 21:18:55.607] - eth_blockNumber
[2025/09/27 21:18:55.609] - eth_call
[2025/09/27 21:18:55.615] - eth_getLogs
[2025/09/27 21:18:55.633] - eth_getBlockByNumber
[2025/09/27 21:18:55.642] - eth_getBlockByNumber
[2025/09/27 21:18:55.649] - eth_getBlockByNumber
[2025/09/27 21:18:55.658] - eth_getBlockByNumber
[2025/09/27 21:18:55.666] - eth_getBlockByNumber
[2025/09/27 21:18:55.674] - eth_getBlockByNumber
[2025/09/27 21:18:55.682] - eth_getBlockByNumber
[2025/09/27 21:18:55.782] - eth_getBlockByNumber
[2025/09/27 21:18:55.816] - eth_getBlockByNumber
[2025/09/27 21:18:55.822] - eth_getBlockByNumber
[2025/09/27 21:18:55.829] - eth_getBlockByNumber
[2025/09/27 21:18:55.838] - eth_getBlockByNumber
[2025/09/27 21:18:55.842] - eth_getBlockByNumber
[2025/09/27 21:18:55.848] - eth_getBlockByNumber
[2025/09/27 21:18:55.853] - eth_getBlockByNumber
[2025/09/27 21:18:55.859] - eth_getLogs
[2025/09/27 21:18:55.896] - eth_getBlockByNumber
[2025/09/27 21:18:55.966] - eth_getBlockByNumber
[2025/09/27 21:18:55.976] - eth_getBlockByNumber
[2025/09/27 21:18:59.751] - eth_blockNumber
[2025/09/27 21:19:00.324] - eth_gasPrice
[2025/09/27 21:19:04.261] - eth_getBlockByNumber
[2025/09/27 21:19:04.276] - eth_getBlockByNumber
[2025/09/27 21:19:04.292] - eth_getBlockByNumber
[2025/09/27 21:19:04.303] - eth_getBlockByNumber
[2025/09/27 21:19:04.316] - eth_getBlockByNumber
[2025/09/27 21:19:04.333] - eth_getBlockByNumber
[2025/09/27 21:19:04.352] - eth_getBlockByNumber
[2025/09/27 21:19:04.367] - eth_getBlockByNumber
[2025/09/27 21:19:04.391] - eth_getBlockByNumber
[2025/09/27 21:19:04.401] - eth_getBlockByNumber
[2025/09/27 21:19:04.408] - eth_getBlockByNumber
[2025/09/27 21:19:04.414] - eth_getBlockByNumber
[2025/09/27 21:19:04.420] - eth_getBlockByNumber
[2025/09/27 21:19:04.428] - eth_getBlockByNumber
[2025/09/27 21:19:04.433] - eth_getBlockByNumber
[2025/09/27 21:19:04.445] - eth_getBlockByNumber
[2025/09/27 21:19:04.451] - eth_getBlockByNumber
[2025/09/27 21:19:04.457] - eth_getBlockByNumber
[2025/09/27 21:19:06.889] - eth_call
[2025/09/27 21:19:06.902] - eth_call
[2025/09/27 21:19:06.907] - eth_call
[2025/09/27 21:19:06.924] - eth_call
[2025/09/27 21:19:06.929] - eth_getBlockByNumber
[2025/09/27 21:19:06.937] - eth_getBlockByNumber
[2025/09/27 21:19:06.942] - eth_call
[2025/09/27 21:19:06.953] - eth_getBlockByNumber
[2025/09/27 21:19:06.961] - eth_call
[2025/09/27 21:19:06.969] - eth_getBlockByNumber
[2025/09/27 21:19:06.981] - eth_call
[2025/09/27 21:19:06.982] - eth_getBlockByNumber
[2025/09/27 21:19:06.993] - eth_getBlockByNumber
[2025/09/27 21:19:07.002] - eth_call
[2025/09/27 21:19:07.006] - eth_getBlockByNumber
[2025/09/27 21:19:07.015] - eth_getBlockByNumber
[2025/09/27 21:19:07.019] - eth_call
[2025/09/27 21:19:07.031] - eth_getBlockByNumber
[2025/09/27 21:19:07.037] - eth_call
[2025/09/27 21:19:07.040] - eth_getBlockByNumber
[2025/09/27 21:19:07.046] - eth_getBlockByNumber
[2025/09/27 21:19:07.054] - eth_call
[2025/09/27 21:19:07.058] - eth_getBlockByNumber
[2025/09/27 21:19:07.066] - eth_getBlockByNumber
[2025/09/27 21:19:07.069] - eth_call
[2025/09/27 21:19:07.072] - eth_getBlockByNumber
[2025/09/27 21:19:07.080] - eth_getBlockByNumber
[2025/09/27 21:19:07.084] - eth_call
[2025/09/27 21:19:07.097] - eth_getBlockByNumber
[2025/09/27 21:19:07.102] - eth_call
[2025/09/27 21:19:07.105] - eth_getBlockByNumber
[2025/09/27 21:19:07.113] - eth_getBlockByNumber
[2025/09/27 21:19:07.120] - eth_call
[2025/09/27 21:19:07.137] - eth_call
[2025/09/27 21:19:07.149] - eth_call
[2025/09/27 21:19:07.161] - eth_call
[2025/09/27 21:19:11.867] - eth_estimateGas
[2025/09/27 21:19:12.022] - eth_getCode
[2025/09/27 21:19:12.023] - eth_getCode
[2025/09/27 21:19:12.036] - eth_call
[2025/09/27 21:19:12.049] - eth_call
[2025/09/27 21:19:12.116] - eth_call
[2025/09/27 21:19:12.126] - eth_call
[2025/09/27 21:19:12.693] - eth_blockNumber
[2025/09/27 21:19:12.747] - eth_call
[2025/09/27 21:19:12.760] - eth_call
[2025/09/27 21:19:12.771] - eth_call
[2025/09/27 21:19:12.772] - eth_call
[2025/09/27 21:19:15.633] - eth_getTransactionCount
[2025/09/27 21:19:15.652] - eth_sendRawTransaction
[2025/09/27 21:19:15.664] - 
  Transaction: 0xdf2083ead595ecfb8296e62de8c54a7183381f369d1dda2fed20f811678c7954
  Gas usage: 114399
  Block number: 86
  Block time: Sat Sep 27 2025 21:19:15 GMT+0100 (heure normale d’Afrique de l’Ouest)

[2025/09/27 21:19:15.667] - eth_getBlockByNumber
[2025/09/27 21:19:15.676] - eth_call
[2025/09/27 21:19:15.683] - eth_getTransactionReceipt
[2025/09/27 21:19:15.687] - eth_call
[2025/09/27 21:19:15.690] - eth_blockNumber
[2025/09/27 21:19:15.694] - eth_getBlockByNumber
[2025/09/27 21:19:15.699] - eth_call
[2025/09/27 21:19:15.699] - eth_call
[2025/09/27 21:19:15.702] - eth_call
[2025/09/27 21:19:15.704] - eth_getBalance
[2025/09/27 21:19:15.705] - eth_getBalance
[2025/09/27 21:19:15.706] - eth_getBalance
[2025/09/27 21:19:15.710] - eth_getBalance
[2025/09/27 21:19:15.737] - eth_call
[2025/09/27 21:19:15.769] - eth_call
[2025/09/27 21:19:15.780] - eth_call
[2025/09/27 21:19:15.787] - eth_getBalance
[2025/09/27 21:19:15.793] - eth_call
[2025/09/27 21:19:15.831] - eth_call
[2025/09/27 21:19:15.837] - eth_getTransactionCount
[2025/09/27 21:19:15.871] - eth_call
[2025/09/27 21:19:15.873] - eth_getBalance
[2025/09/27 21:19:15.895] - eth_call
[2025/09/27 21:19:15.909] - eth_call
[2025/09/27 21:19:15.923] - eth_call
[2025/09/27 21:19:15.926] - eth_getTransactionCount
[2025/09/27 21:19:15.937] - eth_call
[2025/09/27 21:19:15.948] - eth_call
[2025/09/27 21:19:15.960] - eth_call
[2025/09/27 21:19:15.971] - eth_call
[2025/09/27 21:19:15.976] - eth_getBalance
[2025/09/27 21:19:15.983] - eth_call
[2025/09/27 21:19:15.995] - eth_call
[2025/09/27 21:19:16.017] - eth_getTransactionCount
[2025/09/27 21:19:16.058] - eth_getBalance
[2025/09/27 21:19:16.096] - eth_getTransactionCount
[2025/09/27 21:19:16.122] - eth_getBalance
[2025/09/27 21:19:16.153] - eth_getTransactionCount
[2025/09/27 21:19:16.200] - eth_getBalance
[2025/09/27 21:19:16.237] - eth_getTransactionCount
[2025/09/27 21:19:16.262] - eth_getBalance
[2025/09/27 21:19:16.310] - eth_getTransactionCount
[2025/09/27 21:19:16.345] - eth_getBalance
[2025/09/27 21:19:16.372] - eth_getTransactionCount
[2025/09/27 21:19:16.413] - eth_getBalance
[2025/09/27 21:19:16.447] - eth_getTransactionCount
[2025/09/27 21:19:16.472] - eth_getBalance
[2025/09/27 21:19:16.497] - eth_getTransactionCount
[2025/09/27 21:19:18.910] - eth_getTransactionReceipt
[2025/09/27 21:19:18.913] - eth_getBlockByHash
[2025/09/27 21:19:18.923] - eth_call
[2025/09/27 21:19:18.931] - eth_call
[2025/09/27 21:19:18.938] - eth_call
[2025/09/27 21:19:18.938] - eth_call
[2025/09/27 21:19:30.314] - eth_blockNumber
[2025/09/27 21:19:30.320] - eth_estimateGas
[2025/09/27 21:19:30.340] - eth_getCode
[2025/09/27 21:19:30.341] - eth_getCode
[2025/09/27 21:19:30.604] - eth_gasPrice
[2025/09/27 21:19:30.614] - eth_call
[2025/09/27 21:19:30.623] - eth_call
[2025/09/27 21:19:30.695] - eth_call
[2025/09/27 21:19:30.705] - eth_call
[2025/09/27 21:19:31.300] - eth_blockNumber
[2025/09/27 21:19:31.364] - eth_call
[2025/09/27 21:19:31.373] - eth_call
[2025/09/27 21:19:31.382] - eth_call
[2025/09/27 21:19:31.383] - eth_call
[2025/09/27 21:19:33.060] - eth_getTransactionCount
[2025/09/27 21:19:33.077] - eth_sendRawTransaction
[2025/09/27 21:19:33.084] - 
  Transaction: 0x93c0b26c81c36247a856ed6e61e597cfe20ae076e5a008eb822006728de496a8
  Gas usage: 35544
  Block number: 87
  Block time: Sat Sep 27 2025 21:19:33 GMT+0100 (heure normale d’Afrique de l’Ouest)

[2025/09/27 21:19:33.086] - eth_getBlockByNumber
[2025/09/27 21:19:33.097] - eth_call
[2025/09/27 21:19:33.101] - eth_getTransactionReceipt
[2025/09/27 21:19:33.107] - eth_call
[2025/09/27 21:19:33.109] - eth_blockNumber
[2025/09/27 21:19:33.112] - eth_getBlockByNumber
[2025/09/27 21:19:33.118] - eth_call
[2025/09/27 21:19:33.119] - eth_call
[2025/09/27 21:19:33.122] - eth_getBalance
[2025/09/27 21:19:33.123] - eth_getBalance
[2025/09/27 21:19:33.123] - eth_getBalance
[2025/09/27 21:19:33.124] - eth_getBalance
[2025/09/27 21:19:33.127] - eth_call
[2025/09/27 21:19:33.152] - eth_call
[2025/09/27 21:19:33.167] - eth_call
[2025/09/27 21:19:33.176] - eth_getBalance
[2025/09/27 21:19:33.179] - eth_call
[2025/09/27 21:19:33.190] - eth_call
[2025/09/27 21:19:33.225] - eth_call
[2025/09/27 21:19:33.230] - eth_getTransactionCount
[2025/09/27 21:19:33.263] - eth_call
[2025/09/27 21:19:33.275] - eth_getBalance
[2025/09/27 21:19:33.277] - eth_call
[2025/09/27 21:19:33.289] - eth_call
[2025/09/27 21:19:33.302] - eth_call
[2025/09/27 21:19:33.314] - eth_call
[2025/09/27 21:19:33.324] - eth_call
[2025/09/27 21:19:33.330] - eth_getTransactionCount
[2025/09/27 21:19:33.335] - eth_call
[2025/09/27 21:19:33.346] - eth_call
[2025/09/27 21:19:33.357] - eth_call
[2025/09/27 21:19:33.371] - eth_call
[2025/09/27 21:19:33.374] - eth_getBalance
[2025/09/27 21:19:33.406] - eth_getTransactionCount
[2025/09/27 21:19:33.471] - eth_getBalance
[2025/09/27 21:19:33.515] - eth_getTransactionCount
[2025/09/27 21:19:33.556] - eth_getBalance
[2025/09/27 21:19:33.594] - eth_getTransactionCount
[2025/09/27 21:19:33.634] - eth_getBalance
[2025/09/27 21:19:33.668] - eth_getTransactionCount
[2025/09/27 21:19:33.699] - eth_getBalance
[2025/09/27 21:19:33.741] - eth_getTransactionCount
[2025/09/27 21:19:33.769] - eth_getBalance
[2025/09/27 21:19:33.807] - eth_getTransactionCount
[2025/09/27 21:19:33.836] - eth_getBalance
[2025/09/27 21:19:33.880] - eth_getTransactionCount
[2025/09/27 21:19:33.915] - eth_getBalance
[2025/09/27 21:19:33.940] - eth_getTransactionCount
[2025/09/27 21:19:36.101] - eth_getTransactionReceipt
[2025/09/27 21:19:36.104] - eth_getBlockByHash
[2025/09/27 21:19:36.132] - eth_call
[2025/09/27 21:19:36.139] - eth_call
[2025/09/27 21:19:36.145] - eth_call
[2025/09/27 21:19:36.145] - eth_call
[2025/09/27 21:19:43.471] - eth_blockNumber
[2025/09/27 21:19:43.538] - eth_gasPrice
[2025/09/27 21:19:49.230] - eth_blockNumber
[2025/09/27 21:19:49.231] - eth_call
[2025/09/27 21:19:49.248] - eth_getLogs
[2025/09/27 21:19:49.269] - eth_getBlockByNumber
[2025/09/27 21:19:49.290] - eth_getBlockByNumber
[2025/09/27 21:19:49.302] - eth_getBlockByNumber
[2025/09/27 21:19:49.309] - eth_getBlockByNumber
[2025/09/27 21:19:49.322] - eth_getBlockByNumber
[2025/09/27 21:19:49.333] - eth_getBlockByNumber
[2025/09/27 21:19:49.358] - eth_getBlockByNumber
[2025/09/27 21:19:49.367] - eth_getBlockByNumber
[2025/09/27 21:19:49.378] - eth_getBlockByNumber
[2025/09/27 21:19:49.385] - eth_getBlockByNumber
[2025/09/27 21:19:49.390] - eth_getBlockByNumber
[2025/09/27 21:19:49.397] - eth_getBlockByNumber
[2025/09/27 21:19:49.402] - eth_getBlockByNumber
[2025/09/27 21:19:49.407] - eth_getBlockByNumber
[2025/09/27 21:19:49.412] - eth_getBlockByNumber
[2025/09/27 21:19:49.418] - eth_getLogs
[2025/09/27 21:19:49.428] - eth_getBlockByNumber
[2025/09/27 21:19:49.434] - eth_getBlockByNumber
[2025/09/27 21:19:49.440] - eth_getBlockByNumber
[2025/09/27 21:19:49.445] - eth_getBlockByNumber
[2025/09/27 21:19:52.204] - eth_call
[2025/09/27 21:19:52.236] - eth_call
[2025/09/27 21:19:52.243] - eth_call
[2025/09/27 21:19:52.278] - eth_call
[2025/09/27 21:19:52.289] - eth_getBlockByNumber
[2025/09/27 21:19:52.318] - eth_call
[2025/09/27 21:19:52.322] - eth_getBlockByNumber
[2025/09/27 21:19:52.337] - eth_getBlockByNumber
[2025/09/27 21:19:52.342] - eth_call
[2025/09/27 21:19:52.347] - eth_getBlockByNumber
[2025/09/27 21:19:52.357] - eth_getBlockByNumber
[2025/09/27 21:19:52.363] - eth_call
[2025/09/27 21:19:52.368] - eth_getBlockByNumber
[2025/09/27 21:19:52.374] - eth_getBlockByNumber
[2025/09/27 21:19:52.380] - eth_call
[2025/09/27 21:19:52.385] - eth_getBlockByNumber
[2025/09/27 21:19:52.399] - eth_getBlockByNumber
[2025/09/27 21:19:52.403] - eth_call
[2025/09/27 21:19:52.414] - eth_getBlockByNumber
[2025/09/27 21:19:52.420] - eth_call
[2025/09/27 21:19:52.424] - eth_getBlockByNumber
[2025/09/27 21:19:52.432] - eth_getBlockByNumber
[2025/09/27 21:19:52.436] - eth_call
[2025/09/27 21:19:52.450] - eth_getBlockByNumber
[2025/09/27 21:19:52.452] - eth_call
[2025/09/27 21:19:52.460] - eth_getBlockByNumber
[2025/09/27 21:19:52.470] - eth_call
[2025/09/27 21:19:52.472] - eth_getBlockByNumber
[2025/09/27 21:19:52.485] - eth_call
[2025/09/27 21:19:52.487] - eth_getBlockByNumber
[2025/09/27 21:19:52.493] - eth_getBlockByNumber
[2025/09/27 21:19:52.501] - eth_call
[2025/09/27 21:19:52.504] - eth_getBlockByNumber
[2025/09/27 21:19:52.516] - eth_getBlockByNumber
[2025/09/27 21:19:52.518] - eth_call
[2025/09/27 21:19:52.532] - eth_call
[2025/09/27 21:19:52.544] - eth_call
[2025/09/27 21:19:56.588] - eth_estimateGas
[2025/09/27 21:19:56.744] - eth_getCode
[2025/09/27 21:19:56.744] - eth_getCode
[2025/09/27 21:19:56.758] - eth_call
[2025/09/27 21:19:56.770] - eth_call
[2025/09/27 21:19:56.836] - eth_call
[2025/09/27 21:19:56.843] - eth_call
[2025/09/27 21:19:57.413] - eth_blockNumber
[2025/09/27 21:19:57.469] - eth_call
[2025/09/27 21:19:57.479] - eth_call
[2025/09/27 21:19:57.490] - eth_call
[2025/09/27 21:19:57.491] - eth_call
[2025/09/27 21:19:59.312] - eth_getTransactionCount
[2025/09/27 21:19:59.330] - eth_sendRawTransaction
[2025/09/27 21:19:59.343] - 
  Transaction: 0x1542063e232d74e9757fef6ba9cb5c9bf7d3a3ff98e8745881498f98ed21d6c4
  Gas usage: 114399
  Block number: 88
  Block time: Sat Sep 27 2025 21:19:59 GMT+0100 (heure normale d’Afrique de l’Ouest)

[2025/09/27 21:19:59.345] - eth_getBlockByNumber
[2025/09/27 21:19:59.355] - eth_call
[2025/09/27 21:19:59.360] - eth_getTransactionReceipt
[2025/09/27 21:19:59.364] - eth_call
[2025/09/27 21:19:59.366] - eth_blockNumber
[2025/09/27 21:19:59.370] - eth_getBlockByNumber
[2025/09/27 21:19:59.375] - eth_call
[2025/09/27 21:19:59.375] - eth_call
[2025/09/27 21:19:59.379] - eth_getBalance
[2025/09/27 21:19:59.380] - eth_getBalance
[2025/09/27 21:19:59.380] - eth_getBalance
[2025/09/27 21:19:59.381] - eth_getBalance
[2025/09/27 21:19:59.385] - eth_call
[2025/09/27 21:19:59.404] - eth_call
[2025/09/27 21:19:59.422] - eth_call
[2025/09/27 21:19:59.433] - eth_getBalance
[2025/09/27 21:19:59.446] - eth_call
[2025/09/27 21:19:59.458] - eth_call
[2025/09/27 21:19:59.471] - eth_call
[2025/09/27 21:19:59.491] - eth_getTransactionCount
[2025/09/27 21:19:59.535] - eth_call
[2025/09/27 21:19:59.542] - eth_getBalance
[2025/09/27 21:19:59.591] - eth_getTransactionCount
[2025/09/27 21:19:59.615] - eth_call
[2025/09/27 21:19:59.645] - eth_getBalance
[2025/09/27 21:19:59.646] - eth_call
[2025/09/27 21:19:59.659] - eth_call
[2025/09/27 21:19:59.674] - eth_call
[2025/09/27 21:19:59.685] - eth_getTransactionCount
[2025/09/27 21:19:59.687] - eth_call
[2025/09/27 21:19:59.702] - eth_call
[2025/09/27 21:19:59.714] - eth_call
[2025/09/27 21:19:59.725] - eth_getBalance
[2025/09/27 21:19:59.727] - eth_call
[2025/09/27 21:19:59.740] - eth_call
[2025/09/27 21:19:59.787] - eth_getTransactionCount
[2025/09/27 21:19:59.825] - eth_getBalance
[2025/09/27 21:19:59.856] - eth_getTransactionCount
[2025/09/27 21:19:59.906] - eth_getBalance
[2025/09/27 21:19:59.943] - eth_getTransactionCount
[2025/09/27 21:19:59.968] - eth_getBalance
[2025/09/27 21:20:00.015] - eth_getTransactionCount
[2025/09/27 21:20:00.052] - eth_getBalance
[2025/09/27 21:20:00.079] - eth_getTransactionCount
[2025/09/27 21:20:00.119] - eth_getBalance
[2025/09/27 21:20:00.152] - eth_getTransactionCount
[2025/09/27 21:20:00.175] - eth_getBalance
[2025/09/27 21:20:00.199] - eth_getTransactionCount
[2025/09/27 21:20:02.352] - eth_getTransactionReceipt
[2025/09/27 21:20:02.357] - eth_getBlockByHash
[2025/09/27 21:20:02.368] - eth_call
[2025/09/27 21:20:02.375] - eth_call
[2025/09/27 21:20:02.381] - eth_call
[2025/09/27 21:20:02.382] - eth_call
[2025/09/27 21:20:06.423] - eth_blockNumber
[2025/09/27 21:20:06.429] - eth_getLogs
[2025/09/27 21:20:06.441] - eth_getBlockByNumber
[2025/09/27 21:20:06.446] - eth_getBlockByNumber
[2025/09/27 21:20:06.451] - eth_getBlockByNumber
[2025/09/27 21:20:06.456] - eth_getBlockByNumber
[2025/09/27 21:20:06.462] - eth_getBlockByNumber
[2025/09/27 21:20:06.466] - eth_getBlockByNumber
[2025/09/27 21:20:06.472] - eth_getBlockByNumber
[2025/09/27 21:20:06.477] - eth_getBlockByNumber
[2025/09/27 21:20:06.482] - eth_getBlockByNumber
[2025/09/27 21:20:06.488] - eth_getBlockByNumber
[2025/09/27 21:20:06.493] - eth_getBlockByNumber
[2025/09/27 21:20:06.498] - eth_getBlockByNumber
[2025/09/27 21:20:06.505] - eth_getBlockByNumber
[2025/09/27 21:20:06.510] - eth_getBlockByNumber
[2025/09/27 21:20:06.515] - eth_getBlockByNumber
[2025/09/27 21:20:06.521] - eth_getLogs
[2025/09/27 21:20:06.530] - eth_getBlockByNumber
[2025/09/27 21:20:06.535] - eth_getBlockByNumber
[2025/09/27 21:20:06.540] - eth_getBlockByNumber
[2025/09/27 21:20:06.545] - eth_getBlockByNumber
[2025/09/27 21:21:52.816] - eth_blockNumber
[2025/09/27 21:21:52.825] - eth_call
[2025/09/27 21:21:52.862] - eth_call
[2025/09/27 21:21:52.939] - eth_getBlockByNumber
[2025/09/27 21:21:53.015] - eth_getBlockByNumber
[2025/09/27 21:21:53.040] - eth_getBlockByNumber
[2025/09/27 21:21:53.049] - eth_getBlockByNumber
[2025/09/27 21:21:53.065] - eth_getBlockByNumber
[2025/09/27 21:21:53.354] - eth_getBlockByNumber
[2025/09/27 21:21:53.363] - eth_getBlockByNumber
[2025/09/27 21:21:53.378] - eth_getBlockByNumber
[2025/09/27 21:21:53.390] - eth_getBlockByNumber
[2025/09/27 21:21:53.403] - eth_getBlockByNumber
[2025/09/27 21:21:53.414] - eth_getBlockByNumber
[2025/09/27 21:21:53.424] - eth_getBlockByNumber
[2025/09/27 21:21:53.432] - eth_getBlockByNumber
[2025/09/27 21:21:53.439] - eth_getBlockByNumber
[2025/09/27 21:21:53.445] - eth_getBlockByNumber
[2025/09/27 21:21:53.462] - eth_getBlockByNumber
[2025/09/27 21:21:53.694] - eth_getBlockByNumber
[2025/09/27 21:21:53.704] - eth_getBlockByNumber
[2025/09/27 21:21:53.713] - eth_getBlockByNumber
[2025/09/27 21:21:57.984] - eth_getBlockByNumber
[2025/09/27 21:21:57.998] - eth_getBlockByNumber
[2025/09/27 21:21:58.006] - eth_getBlockByNumber
[2025/09/27 21:21:58.019] - eth_getBlockByNumber
[2025/09/27 21:21:58.038] - eth_getBlockByNumber
[2025/09/27 21:21:58.049] - eth_getBlockByNumber
[2025/09/27 21:21:58.067] - eth_getBlockByNumber
[2025/09/27 21:21:58.104] - eth_getBlockByNumber
[2025/09/27 21:21:58.112] - eth_getBlockByNumber
[2025/09/27 21:21:58.118] - eth_getBlockByNumber
[2025/09/27 21:21:58.123] - eth_getBlockByNumber
[2025/09/27 21:21:58.129] - eth_getBlockByNumber
[2025/09/27 21:21:58.135] - eth_getBlockByNumber
[2025/09/27 21:21:58.140] - eth_getBlockByNumber
[2025/09/27 21:21:58.148] - eth_getBlockByNumber
[2025/09/27 21:21:58.157] - eth_getBlockByNumber
[2025/09/27 21:21:58.164] - eth_getBlockByNumber
[2025/09/27 21:21:58.170] - eth_getBlockByNumber
[2025/09/27 21:21:58.176] - eth_getBlockByNumber
[2025/09/27 21:21:59.475] - eth_getBlockByNumber
[2025/09/27 21:21:59.481] - eth_getBlockByNumber
[2025/09/27 21:21:59.486] - eth_getBlockByNumber
[2025/09/27 21:21:59.491] - eth_getBlockByNumber
[2025/09/27 21:21:59.497] - eth_getBlockByNumber
[2025/09/27 21:21:59.501] - eth_getBlockByNumber
[2025/09/27 21:21:59.507] - eth_getBlockByNumber
[2025/09/27 21:21:59.512] - eth_getBlockByNumber
[2025/09/27 21:21:59.517] - eth_getBlockByNumber
[2025/09/27 21:21:59.523] - eth_getBlockByNumber
[2025/09/27 21:21:59.531] - eth_getBlockByNumber
[2025/09/27 21:21:59.537] - eth_getBlockByNumber
[2025/09/27 21:21:59.541] - eth_getBlockByNumber
[2025/09/27 21:21:59.547] - eth_getBlockByNumber
[2025/09/27 21:21:59.552] - eth_getBlockByNumber
[2025/09/27 21:21:59.560] - eth_getBlockByNumber
[2025/09/27 21:21:59.565] - eth_getBlockByNumber
[2025/09/27 21:21:59.573] - eth_getBlockByNumber
[2025/09/27 21:21:59.579] - eth_getBlockByNumber
[2025/09/27 21:22:12.923] - eth_blockNumber
[2025/09/27 21:22:12.990] - eth_getBlockByNumber
[2025/09/27 21:22:13.026] - eth_getBlockByNumber
[2025/09/27 21:22:13.041] - eth_getBlockByNumber
[2025/09/27 21:22:13.079] - eth_getBlockByNumber
[2025/09/27 21:22:13.093] - eth_getBlockByNumber
[2025/09/27 21:22:13.100] - eth_getBlockByNumber
[2025/09/27 21:22:13.108] - eth_getBlockByNumber
[2025/09/27 21:22:13.115] - eth_getBlockByNumber
[2025/09/27 21:22:13.125] - eth_getBlockByNumber
[2025/09/27 21:22:13.132] - eth_getBlockByNumber
[2025/09/27 21:22:13.147] - eth_getBlockByNumber
[2025/09/27 21:22:13.157] - eth_getBlockByNumber
[2025/09/27 21:22:13.164] - eth_getBlockByNumber
[2025/09/27 21:22:13.170] - eth_getBlockByNumber
[2025/09/27 21:22:13.177] - eth_getBlockByNumber
[2025/09/27 21:22:13.188] - eth_getBlockByNumber
[2025/09/27 21:22:13.194] - eth_getBlockByNumber
[2025/09/27 21:22:13.203] - eth_getBlockByNumber
[2025/09/27 21:22:13.209] - eth_getBlockByNumber
[2025/09/27 21:22:19.507] - eth_getBlockByNumber
[2025/09/27 21:22:19.524] - eth_getBlockByNumber
[2025/09/27 21:22:19.537] - eth_getBlockByNumber
[2025/09/27 21:22:19.550] - eth_getBlockByNumber
[2025/09/27 21:22:19.563] - eth_getBlockByNumber
[2025/09/27 21:22:19.606] - eth_getBlockByNumber
[2025/09/27 21:22:19.642] - eth_getBlockByNumber
[2025/09/27 21:22:19.649] - eth_getBlockByNumber
[2025/09/27 21:22:19.659] - eth_getBlockByNumber
[2025/09/27 21:22:19.670] - eth_getBlockByNumber
[2025/09/27 21:22:19.678] - eth_getBlockByNumber
[2025/09/27 21:22:19.689] - eth_getBlockByNumber
[2025/09/27 21:22:19.698] - eth_getBlockByNumber
[2025/09/27 21:22:19.709] - eth_getBlockByNumber
[2025/09/27 21:22:19.724] - eth_getBlockByNumber
[2025/09/27 21:22:19.754] - eth_getBlockByNumber
[2025/09/27 21:22:19.763] - eth_getBlockByNumber
[2025/09/27 21:22:19.771] - eth_getBlockByNumber
[2025/09/27 21:22:19.779] - eth_getBlockByNumber
[2025/09/27 21:22:33.002] - eth_blockNumber
[2025/09/27 21:22:33.008] - eth_estimateGas
[2025/09/27 21:22:33.027] - eth_getCode
[2025/09/27 21:22:33.028] - eth_getCode
[2025/09/27 21:22:33.447] - eth_gasPrice
[2025/09/27 21:22:33.456] - eth_call
[2025/09/27 21:22:33.532] - eth_call
[2025/09/27 21:22:33.561] - eth_call
[2025/09/27 21:22:33.567] - eth_call
[2025/09/27 21:22:34.154] - eth_blockNumber
[2025/09/27 21:22:34.214] - eth_call
[2025/09/27 21:22:34.222] - eth_call
[2025/09/27 21:22:34.232] - eth_call
[2025/09/27 21:22:34.232] - eth_call
[2025/09/27 21:22:35.293] - eth_getTransactionCount
[2025/09/27 21:22:35.311] - eth_sendRawTransaction
[2025/09/27 21:22:35.318] - 
  Transaction: 0x592f5c922e4a472aa6c2762f2e55e545949857aaa119a6ff94571dfe35a0a0ac
  Gas usage: 35544
  Block number: 89
  Block time: Sat Sep 27 2025 21:22:35 GMT+0100 (heure normale d’Afrique de l’Ouest)

[2025/09/27 21:22:35.320] - eth_getBlockByNumber
[2025/09/27 21:22:35.331] - eth_call
[2025/09/27 21:22:35.336] - eth_getTransactionReceipt
[2025/09/27 21:22:35.340] - eth_call
[2025/09/27 21:22:35.342] - eth_blockNumber
[2025/09/27 21:22:35.346] - eth_getBlockByNumber
[2025/09/27 21:22:35.350] - eth_call
[2025/09/27 21:22:35.350] - eth_call
[2025/09/27 21:22:35.354] - eth_getBalance
[2025/09/27 21:22:35.356] - eth_getBalance
[2025/09/27 21:22:35.357] - eth_getBalance
[2025/09/27 21:22:35.358] - eth_getBalance
[2025/09/27 21:22:35.359] - eth_call
[2025/09/27 21:22:35.383] - eth_call
[2025/09/27 21:22:35.399] - eth_call
[2025/09/27 21:22:35.411] - eth_call
[2025/09/27 21:22:35.424] - eth_getBalance
[2025/09/27 21:22:35.427] - eth_call
[2025/09/27 21:22:35.472] - eth_getTransactionCount
[2025/09/27 21:22:35.488] - eth_call
[2025/09/27 21:22:35.510] - eth_call
[2025/09/27 21:22:35.516] - eth_getBalance
[2025/09/27 21:22:35.524] - eth_call
[2025/09/27 21:22:35.536] - eth_call
[2025/09/27 21:22:35.549] - eth_call
[2025/09/27 21:22:35.559] - eth_getTransactionCount
[2025/09/27 21:22:35.561] - eth_call
[2025/09/27 21:22:35.574] - eth_call
[2025/09/27 21:22:35.586] - eth_call
[2025/09/27 21:22:35.598] - eth_call
[2025/09/27 21:22:35.609] - eth_call
[2025/09/27 21:22:35.621] - eth_call
[2025/09/27 21:22:35.621] - eth_getBalance
[2025/09/27 21:22:35.667] - eth_getTransactionCount
[2025/09/27 21:22:35.721] - eth_getBalance
[2025/09/27 21:22:35.758] - eth_getTransactionCount
[2025/09/27 21:22:35.782] - eth_getBalance
[2025/09/27 21:22:35.825] - eth_getTransactionCount
[2025/09/27 21:22:35.854] - eth_getBalance
[2025/09/27 21:22:35.881] - eth_getTransactionCount
[2025/09/27 21:22:35.919] - eth_getBalance
[2025/09/27 21:22:35.953] - eth_getTransactionCount
[2025/09/27 21:22:35.979] - eth_getBalance
[2025/09/27 21:22:36.006] - eth_getTransactionCount
[2025/09/27 21:22:36.048] - eth_getBalance
[2025/09/27 21:22:36.077] - eth_getTransactionCount
[2025/09/27 21:22:36.114] - eth_getBalance
[2025/09/27 21:22:36.142] - eth_getTransactionCount
[2025/09/27 21:22:37.674] - eth_blockNumber
[2025/09/27 21:22:37.735] - eth_gasPrice
[2025/09/27 21:22:38.329] - eth_getTransactionReceipt
[2025/09/27 21:22:38.332] - eth_getBlockByHash
[2025/09/27 21:22:38.342] - eth_call
[2025/09/27 21:22:38.349] - eth_call
[2025/09/27 21:22:38.356] - eth_call
[2025/09/27 21:22:38.356] - eth_call
[2025/09/27 21:22:45.035] - eth_call
[2025/09/27 21:22:45.069] - eth_call
[2025/09/27 21:22:45.080] - eth_call
[2025/09/27 21:22:45.083] - eth_blockNumber
[2025/09/27 21:22:45.105] - eth_getLogs
[2025/09/27 21:22:45.108] - eth_call
[2025/09/27 21:22:45.154] - eth_getBlockByNumber
[2025/09/27 21:22:45.168] - eth_call
[2025/09/27 21:22:45.175] - eth_getBlockByNumber
[2025/09/27 21:22:45.184] - eth_getBlockByNumber
[2025/09/27 21:22:45.189] - eth_call
[2025/09/27 21:22:45.195] - eth_getBlockByNumber
[2025/09/27 21:22:45.202] - eth_getBlockByNumber
[2025/09/27 21:22:45.209] - eth_call
[2025/09/27 21:22:45.214] - eth_getBlockByNumber
[2025/09/27 21:22:45.223] - eth_getBlockByNumber
[2025/09/27 21:22:45.224] - eth_call
[2025/09/27 21:22:45.241] - eth_getBlockByNumber
[2025/09/27 21:22:45.247] - eth_call
[2025/09/27 21:22:45.254] - eth_getBlockByNumber
[2025/09/27 21:22:45.264] - eth_getBlockByNumber
[2025/09/27 21:22:45.264] - eth_call
[2025/09/27 21:22:45.279] - eth_getBlockByNumber
[2025/09/27 21:22:45.292] - eth_call
[2025/09/27 21:22:45.304] - eth_getBlockByNumber
[2025/09/27 21:22:45.316] - eth_call
[2025/09/27 21:22:45.319] - eth_getBlockByNumber
[2025/09/27 21:22:45.331] - eth_getBlockByNumber
[2025/09/27 21:22:45.333] - eth_call
[2025/09/27 21:22:45.342] - eth_getBlockByNumber
[2025/09/27 21:22:45.350] - eth_call
[2025/09/27 21:22:45.352] - eth_getLogs
[2025/09/27 21:22:45.363] - eth_getBlockByNumber
[2025/09/27 21:22:45.367] - eth_call
[2025/09/27 21:22:45.369] - eth_getBlockByNumber
[2025/09/27 21:22:45.376] - eth_getBlockByNumber
[2025/09/27 21:22:45.384] - eth_getBlockByNumber
[2025/09/27 21:22:45.390] - eth_call
[2025/09/27 21:22:45.393] - eth_getBlockByNumber
[2025/09/27 21:22:45.405] - eth_call
[2025/09/27 21:22:45.417] - eth_call
[2025/09/27 21:22:50.215] - eth_estimateGas
[2025/09/27 21:22:50.373] - eth_getCode
[2025/09/27 21:22:50.374] - eth_getCode
[2025/09/27 21:22:50.604] - eth_call
[2025/09/27 21:22:50.615] - eth_call
[2025/09/27 21:22:50.685] - eth_call
[2025/09/27 21:22:50.695] - eth_call
[2025/09/27 21:22:51.298] - eth_blockNumber
[2025/09/27 21:22:51.362] - eth_call
[2025/09/27 21:22:51.370] - eth_call
[2025/09/27 21:22:51.389] - eth_call
[2025/09/27 21:22:51.390] - eth_call
[2025/09/27 21:22:53.078] - eth_getTransactionCount
[2025/09/27 21:22:53.095] - eth_sendRawTransaction
[2025/09/27 21:22:53.108] - 
  Transaction: 0x8340e9369e66a78a28294fe778b06562b6811391acc18ea91f62c16cdd4ce4b8
  Gas usage: 114399
  Block number: 90
  Block time: Sat Sep 27 2025 21:22:53 GMT+0100 (heure normale d’Afrique de l’Ouest)

[2025/09/27 21:22:53.110] - eth_getBlockByNumber
[2025/09/27 21:22:53.120] - eth_call
[2025/09/27 21:22:53.125] - eth_getTransactionReceipt
[2025/09/27 21:22:53.129] - eth_call
[2025/09/27 21:22:53.130] - eth_blockNumber
[2025/09/27 21:22:53.133] - eth_getBlockByNumber
[2025/09/27 21:22:53.139] - eth_call
[2025/09/27 21:22:53.140] - eth_call
[2025/09/27 21:22:53.143] - eth_getBalance
[2025/09/27 21:22:53.144] - eth_getBalance
[2025/09/27 21:22:53.144] - eth_getBalance
[2025/09/27 21:22:53.145] - eth_getBalance
[2025/09/27 21:22:53.148] - eth_call
[2025/09/27 21:22:53.178] - eth_call
[2025/09/27 21:22:53.189] - eth_call
[2025/09/27 21:22:53.200] - eth_call
[2025/09/27 21:22:53.206] - eth_getBalance
[2025/09/27 21:22:53.211] - eth_call
[2025/09/27 21:22:53.223] - eth_call
[2025/09/27 21:22:53.234] - eth_call
[2025/09/27 21:22:53.250] - eth_getTransactionCount
[2025/09/27 21:22:53.298] - eth_call
[2025/09/27 21:22:53.310] - eth_getBalance
[2025/09/27 21:22:53.316] - eth_call
[2025/09/27 21:22:53.328] - eth_call
[2025/09/27 21:22:53.340] - eth_call
[2025/09/27 21:22:53.350] - eth_call
[2025/09/27 21:22:53.356] - eth_getTransactionCount
[2025/09/27 21:22:53.361] - eth_call
[2025/09/27 21:22:53.372] - eth_call
[2025/09/27 21:22:53.384] - eth_call
[2025/09/27 21:22:53.390] - eth_getBalance
[2025/09/27 21:22:53.395] - eth_call
[2025/09/27 21:22:53.419] - eth_getTransactionCount
[2025/09/27 21:22:53.481] - eth_getBalance
[2025/09/27 21:22:53.526] - eth_getTransactionCount
[2025/09/27 21:22:53.561] - eth_getBalance
[2025/09/27 21:22:53.610] - eth_getTransactionCount
[2025/09/27 21:22:53.648] - eth_getBalance
[2025/09/27 21:22:53.673] - eth_getTransactionCount
[2025/09/27 21:22:53.718] - eth_getBalance
[2025/09/27 21:22:53.753] - eth_getTransactionCount
[2025/09/27 21:22:53.782] - eth_getBalance
[2025/09/27 21:22:53.821] - eth_getTransactionCount
[2025/09/27 21:22:53.856] - eth_getBalance
[2025/09/27 21:22:53.882] - eth_getTransactionCount
[2025/09/27 21:22:53.909] - eth_getBalance
[2025/09/27 21:22:53.948] - eth_getTransactionCount
[2025/09/27 21:22:56.130] - eth_getTransactionReceipt
[2025/09/27 21:22:56.134] - eth_getBlockByHash
[2025/09/27 21:22:56.144] - eth_call
[2025/09/27 21:22:56.151] - eth_call
[2025/09/27 21:22:56.156] - eth_call
[2025/09/27 21:22:56.157] - eth_call
[2025/09/27 21:22:58.626] - eth_blockNumber
[2025/09/27 21:22:58.632] - eth_getLogs
[2025/09/27 21:22:58.644] - eth_getBlockByNumber
[2025/09/27 21:22:58.650] - eth_getBlockByNumber
[2025/09/27 21:22:58.656] - eth_getBlockByNumber
[2025/09/27 21:22:58.662] - eth_getBlockByNumber
[2025/09/27 21:22:58.668] - eth_getBlockByNumber
[2025/09/27 21:22:58.674] - eth_getBlockByNumber
[2025/09/27 21:22:58.680] - eth_getBlockByNumber
[2025/09/27 21:22:58.686] - eth_getBlockByNumber
[2025/09/27 21:22:58.692] - eth_getBlockByNumber
[2025/09/27 21:22:58.698] - eth_getBlockByNumber
[2025/09/27 21:22:58.706] - eth_getBlockByNumber
[2025/09/27 21:22:58.714] - eth_getBlockByNumber
[2025/09/27 21:22:58.720] - eth_getBlockByNumber
[2025/09/27 21:22:58.728] - eth_getBlockByNumber
[2025/09/27 21:22:58.736] - eth_getBlockByNumber
[2025/09/27 21:22:58.745] - eth_getLogs
[2025/09/27 21:22:58.755] - eth_getBlockByNumber
[2025/09/27 21:22:58.761] - eth_getBlockByNumber
[2025/09/27 21:22:58.767] - eth_getBlockByNumber
[2025/09/27 21:22:58.772] - eth_getBlockByNumber
[2025/09/27 21:22:58.779] - eth_getBlockByNumber
[2025/09/27 21:23:05.410] - eth_call
[2025/09/27 21:23:05.430] - eth_call
[2025/09/27 21:23:05.456] - eth_getBlockByNumber
[2025/09/27 21:23:05.473] - eth_getBlockByNumber
[2025/09/27 21:23:05.507] - eth_getBlockByNumber
[2025/09/27 21:23:05.529] - eth_getBlockByNumber
[2025/09/27 21:23:05.539] - eth_getBlockByNumber
[2025/09/27 21:23:05.547] - eth_getBlockByNumber
[2025/09/27 21:23:05.556] - eth_getBlockByNumber
[2025/09/27 21:23:05.566] - eth_getBlockByNumber
[2025/09/27 21:23:05.575] - eth_getBlockByNumber
[2025/09/27 21:23:05.584] - eth_getBlockByNumber
[2025/09/27 21:23:05.610] - eth_getBlockByNumber
[2025/09/27 21:23:05.618] - eth_getBlockByNumber
[2025/09/27 21:23:05.624] - eth_getBlockByNumber
[2025/09/27 21:23:05.631] - eth_getBlockByNumber
[2025/09/27 21:23:05.637] - eth_getBlockByNumber
[2025/09/27 21:23:05.649] - eth_getBlockByNumber
[2025/09/27 21:23:05.655] - eth_getBlockByNumber
[2025/09/27 21:23:05.661] - eth_getBlockByNumber
[2025/09/27 21:23:05.667] - eth_getBlockByNumber
[2025/09/27 21:23:05.674] - eth_getBlockByNumber
[2025/09/27 21:23:36.765] - eth_blockNumber
[2025/09/27 21:23:36.790] - eth_getBlockByNumber
[2025/09/27 21:23:36.798] - eth_getBlockByNumber
[2025/09/27 21:23:36.804] - eth_getBlockByNumber
[2025/09/27 21:23:36.811] - eth_getBlockByNumber
[2025/09/27 21:23:36.822] - eth_getBlockByNumber
[2025/09/27 21:23:36.849] - eth_getBlockByNumber
[2025/09/27 21:23:36.954] - eth_getBlockByNumber
[2025/09/27 21:23:36.960] - eth_getBlockByNumber
[2025/09/27 21:23:36.976] - eth_getBlockByNumber
[2025/09/27 21:23:36.984] - eth_getBlockByNumber
[2025/09/27 21:23:36.995] - eth_getBlockByNumber
[2025/09/27 21:23:37.095] - eth_getBlockByNumber
[2025/09/27 21:23:37.139] - eth_getBlockByNumber
[2025/09/27 21:23:37.151] - eth_getBlockByNumber
[2025/09/27 21:23:37.163] - eth_getBlockByNumber
[2025/09/27 21:23:37.181] - eth_getBlockByNumber
[2025/09/27 21:23:37.189] - eth_getBlockByNumber
[2025/09/27 21:23:37.195] - eth_getBlockByNumber
[2025/09/27 21:23:37.206] - eth_getBlockByNumber
[2025/09/27 21:23:37.222] - eth_getBlockByNumber
[2025/09/27 21:23:43.136] - eth_getBlockByNumber
[2025/09/27 21:23:43.143] - eth_getBlockByNumber
[2025/09/27 21:23:43.155] - eth_getBlockByNumber
[2025/09/27 21:23:43.173] - eth_getBlockByNumber
[2025/09/27 21:23:43.190] - eth_getBlockByNumber
[2025/09/27 21:23:43.222] - eth_getBlockByNumber
[2025/09/27 21:23:43.252] - eth_getBlockByNumber
[2025/09/27 21:23:43.298] - eth_getBlockByNumber
[2025/09/27 21:23:43.305] - eth_getBlockByNumber
[2025/09/27 21:23:43.311] - eth_getBlockByNumber
[2025/09/27 21:23:43.318] - eth_getBlockByNumber
[2025/09/27 21:23:43.324] - eth_getBlockByNumber
[2025/09/27 21:23:43.330] - eth_getBlockByNumber
[2025/09/27 21:23:43.337] - eth_getBlockByNumber
[2025/09/27 21:23:43.343] - eth_getBlockByNumber
[2025/09/27 21:23:43.358] - eth_getBlockByNumber
[2025/09/27 21:23:43.367] - eth_getBlockByNumber
[2025/09/27 21:23:43.372] - eth_getBlockByNumber
[2025/09/27 21:23:43.380] - eth_getBlockByNumber
[2025/09/27 21:23:43.389] - eth_getBlockByNumber
[2025/09/27 21:23:44.082] - eth_getBlockByNumber
[2025/09/27 21:23:44.088] - eth_getBlockByNumber
[2025/09/27 21:23:44.095] - eth_getBlockByNumber
[2025/09/27 21:23:44.101] - eth_getBlockByNumber
[2025/09/27 21:23:44.107] - eth_getBlockByNumber
[2025/09/27 21:23:44.114] - eth_getBlockByNumber
[2025/09/27 21:23:44.121] - eth_getBlockByNumber
[2025/09/27 21:23:44.128] - eth_getBlockByNumber
[2025/09/27 21:23:44.133] - eth_getBlockByNumber
[2025/09/27 21:23:44.139] - eth_getBlockByNumber
[2025/09/27 21:23:44.146] - eth_getBlockByNumber
[2025/09/27 21:23:44.154] - eth_getBlockByNumber
[2025/09/27 21:23:44.162] - eth_getBlockByNumber
[2025/09/27 21:23:44.167] - eth_getBlockByNumber
[2025/09/27 21:23:44.173] - eth_getBlockByNumber
[2025/09/27 21:23:44.182] - eth_getBlockByNumber
[2025/09/27 21:23:44.189] - eth_getBlockByNumber
[2025/09/27 21:23:44.575] - eth_getBlockByNumber
[2025/09/27 21:23:44.581] - eth_getBlockByNumber
[2025/09/27 21:23:44.586] - eth_getBlockByNumber
[2025/09/27 21:23:56.893] - eth_blockNumber
[2025/09/27 21:23:56.971] - eth_getBlockByNumber
[2025/09/27 21:23:57.019] - eth_getBlockByNumber
[2025/09/27 21:23:57.027] - eth_getBlockByNumber
[2025/09/27 21:23:57.044] - eth_getBlockByNumber
[2025/09/27 21:23:57.068] - eth_getBlockByNumber
[2025/09/27 21:23:57.087] - eth_getBlockByNumber
[2025/09/27 21:23:57.098] - eth_getBlockByNumber
[2025/09/27 21:23:57.106] - eth_getBlockByNumber
[2025/09/27 21:23:57.114] - eth_getBlockByNumber
[2025/09/27 21:23:57.121] - eth_getBlockByNumber
[2025/09/27 21:23:57.129] - eth_getBlockByNumber
[2025/09/27 21:23:57.144] - eth_getBlockByNumber
[2025/09/27 21:23:57.194] - eth_getBlockByNumber
[2025/09/27 21:23:57.207] - eth_getBlockByNumber
[2025/09/27 21:23:57.214] - eth_getBlockByNumber
[2025/09/27 21:23:57.227] - eth_getBlockByNumber
[2025/09/27 21:23:57.234] - eth_getBlockByNumber
[2025/09/27 21:23:57.242] - eth_getBlockByNumber
[2025/09/27 21:23:57.252] - eth_getBlockByNumber
[2025/09/27 21:23:57.262] - eth_getBlockByNumber
[2025/09/27 21:24:01.122] - eth_getBlockByNumber
[2025/09/27 21:24:01.144] - eth_getBlockByNumber
[2025/09/27 21:24:01.168] - eth_getBlockByNumber
[2025/09/27 21:24:01.185] - eth_getBlockByNumber
[2025/09/27 21:24:01.200] - eth_getBlockByNumber
[2025/09/27 21:24:01.213] - eth_getBlockByNumber
[2025/09/27 21:24:01.231] - eth_getBlockByNumber
[2025/09/27 21:24:01.267] - eth_getBlockByNumber
[2025/09/27 21:24:01.274] - eth_getBlockByNumber
[2025/09/27 21:24:01.296] - eth_getBlockByNumber
[2025/09/27 21:24:01.310] - eth_getBlockByNumber
[2025/09/27 21:24:01.321] - eth_getBlockByNumber
[2025/09/27 21:24:01.326] - eth_getBlockByNumber
[2025/09/27 21:24:01.331] - eth_getBlockByNumber
[2025/09/27 21:24:01.338] - eth_getBlockByNumber
[2025/09/27 21:24:01.345] - eth_getBlockByNumber
[2025/09/27 21:24:01.351] - eth_getBlockByNumber
[2025/09/27 21:24:01.357] - eth_getBlockByNumber
[2025/09/27 21:24:01.364] - eth_getBlockByNumber
[2025/09/27 21:24:01.369] - eth_getBlockByNumber
[2025/09/27 21:24:03.644] - eth_getBlockByNumber
[2025/09/27 21:24:03.650] - eth_getBlockByNumber
[2025/09/27 21:24:03.658] - eth_getBlockByNumber
[2025/09/27 21:24:03.665] - eth_getBlockByNumber
[2025/09/27 21:24:03.670] - eth_getBlockByNumber
[2025/09/27 21:24:03.675] - eth_getBlockByNumber
[2025/09/27 21:24:03.682] - eth_getBlockByNumber
[2025/09/27 21:24:03.688] - eth_getBlockByNumber
[2025/09/27 21:24:03.695] - eth_getBlockByNumber
[2025/09/27 21:24:03.700] - eth_getBlockByNumber
[2025/09/27 21:24:03.707] - eth_getBlockByNumber
[2025/09/27 21:24:03.714] - eth_getBlockByNumber
[2025/09/27 21:24:03.720] - eth_getBlockByNumber
[2025/09/27 21:24:03.726] - eth_getBlockByNumber
[2025/09/27 21:24:03.732] - eth_getBlockByNumber
[2025/09/27 21:24:03.744] - eth_getBlockByNumber
[2025/09/27 21:24:03.751] - eth_getBlockByNumber
[2025/09/27 21:24:03.758] - eth_getBlockByNumber
[2025/09/27 21:24:03.765] - eth_getBlockByNumber
[2025/09/27 21:24:03.772] - eth_getBlockByNumber
[2025/09/27 21:25:21.521] - eth_blockNumber
[2025/09/27 21:25:21.549] - eth_getBlockByNumber
[2025/09/27 21:25:21.559] - eth_getBlockByNumber
[2025/09/27 21:25:21.567] - eth_getBlockByNumber
[2025/09/27 21:25:21.575] - eth_getBlockByNumber
[2025/09/27 21:25:21.582] - eth_getBlockByNumber
[2025/09/27 21:25:21.591] - eth_getBlockByNumber
[2025/09/27 21:25:21.598] - eth_getBlockByNumber
[2025/09/27 21:25:21.605] - eth_getBlockByNumber
[2025/09/27 21:25:21.614] - eth_getBlockByNumber
[2025/09/27 21:25:21.621] - eth_getBlockByNumber
[2025/09/27 21:25:21.628] - eth_getBlockByNumber
[2025/09/27 21:25:21.635] - eth_getBlockByNumber
[2025/09/27 21:25:21.642] - eth_getBlockByNumber
[2025/09/27 21:25:21.648] - eth_getBlockByNumber
[2025/09/27 21:25:21.655] - eth_getBlockByNumber
[2025/09/27 21:25:21.669] - eth_getBlockByNumber
[2025/09/27 21:25:21.675] - eth_getBlockByNumber
[2025/09/27 21:25:21.690] - eth_getBlockByNumber
[2025/09/27 21:25:21.695] - eth_getBlockByNumber
[2025/09/27 21:25:21.701] - eth_getBlockByNumber
[2025/09/27 21:25:42.291] - eth_blockNumber
[2025/09/27 21:25:42.372] - eth_getBlockByNumber
[2025/09/27 21:25:42.385] - eth_getBlockByNumber
[2025/09/27 21:25:42.409] - eth_getBlockByNumber
[2025/09/27 21:25:42.435] - eth_getBlockByNumber
[2025/09/27 21:25:42.453] - eth_getBlockByNumber
[2025/09/27 21:25:42.467] - eth_getBlockByNumber
[2025/09/27 21:25:42.477] - eth_getBlockByNumber
[2025/09/27 21:25:42.484] - eth_getBlockByNumber
[2025/09/27 21:25:42.493] - eth_getBlockByNumber
[2025/09/27 21:25:42.499] - eth_getBlockByNumber
[2025/09/27 21:25:42.510] - eth_getBlockByNumber
[2025/09/27 21:25:42.520] - eth_getBlockByNumber
[2025/09/27 21:25:42.542] - eth_getBlockByNumber
[2025/09/27 21:25:42.553] - eth_getBlockByNumber
[2025/09/27 21:25:42.565] - eth_getBlockByNumber
[2025/09/27 21:25:42.578] - eth_getBlockByNumber
[2025/09/27 21:25:42.587] - eth_getBlockByNumber
[2025/09/27 21:25:42.596] - eth_getBlockByNumber
[2025/09/27 21:25:42.603] - eth_getBlockByNumber
[2025/09/27 21:25:42.612] - eth_getBlockByNumber
[2025/09/27 21:26:48.615] - eth_blockNumber
[2025/09/27 21:26:48.657] - eth_getBlockByNumber
[2025/09/27 21:26:48.674] - eth_getBlockByNumber
[2025/09/27 21:26:48.686] - eth_getBlockByNumber
[2025/09/27 21:26:48.698] - eth_getBlockByNumber
[2025/09/27 21:26:48.713] - eth_getBlockByNumber
[2025/09/27 21:26:48.731] - eth_getBlockByNumber
[2025/09/27 21:26:48.739] - eth_getBlockByNumber
[2025/09/27 21:26:48.767] - eth_getBlockByNumber
[2025/09/27 21:26:48.778] - eth_getBlockByNumber
[2025/09/27 21:26:48.785] - eth_getBlockByNumber
[2025/09/27 21:26:48.794] - eth_getBlockByNumber
[2025/09/27 21:26:48.801] - eth_getBlockByNumber
[2025/09/27 21:26:48.812] - eth_getBlockByNumber
[2025/09/27 21:26:48.819] - eth_getBlockByNumber
[2025/09/27 21:26:48.827] - eth_getBlockByNumber
[2025/09/27 21:26:48.842] - eth_getBlockByNumber
[2025/09/27 21:26:48.850] - eth_getBlockByNumber
[2025/09/27 21:26:48.859] - eth_getBlockByNumber
[2025/09/27 21:26:48.867] - eth_getBlockByNumber
[2025/09/27 21:26:48.881] - eth_getBlockByNumber
[2025/09/27 21:26:59.044] - eth_getBlockByNumber
[2025/09/27 21:26:59.050] - eth_getBlockByNumber
[2025/09/27 21:26:59.056] - eth_getBlockByNumber
[2025/09/27 21:26:59.062] - eth_getBlockByNumber
[2025/09/27 21:26:59.068] - eth_getBlockByNumber
[2025/09/27 21:26:59.074] - eth_getBlockByNumber
[2025/09/27 21:26:59.080] - eth_getBlockByNumber
[2025/09/27 21:26:59.088] - eth_getBlockByNumber
[2025/09/27 21:26:59.094] - eth_getBlockByNumber
[2025/09/27 21:26:59.099] - eth_getBlockByNumber
[2025/09/27 21:26:59.106] - eth_getBlockByNumber
[2025/09/27 21:26:59.114] - eth_getBlockByNumber
[2025/09/27 21:26:59.122] - eth_getBlockByNumber
[2025/09/27 21:26:59.128] - eth_getBlockByNumber
[2025/09/27 21:26:59.133] - eth_getBlockByNumber
[2025/09/27 21:26:59.144] - eth_getBlockByNumber
[2025/09/27 21:26:59.150] - eth_getBlockByNumber
[2025/09/27 21:26:59.156] - eth_getBlockByNumber
[2025/09/27 21:26:59.164] - eth_getBlockByNumber
[2025/09/27 21:26:59.171] - eth_getBlockByNumber
[2025/09/27 21:27:26.027] - eth_blockNumber
[2025/09/27 21:27:26.490] - eth_gasPrice
[2025/09/27 21:27:36.418] - eth_getBlockByNumber
[2025/09/27 21:27:36.425] - eth_getBlockByNumber
[2025/09/27 21:27:36.431] - eth_getBlockByNumber
[2025/09/27 21:27:36.436] - eth_getBlockByNumber
[2025/09/27 21:27:36.442] - eth_getBlockByNumber
[2025/09/27 21:27:36.447] - eth_getBlockByNumber
[2025/09/27 21:27:36.453] - eth_getBlockByNumber
[2025/09/27 21:27:36.460] - eth_getBlockByNumber
[2025/09/27 21:27:36.467] - eth_getBlockByNumber
[2025/09/27 21:27:36.475] - eth_getBlockByNumber
[2025/09/27 21:27:36.484] - eth_getBlockByNumber
[2025/09/27 21:27:36.490] - eth_getBlockByNumber
[2025/09/27 21:27:36.496] - eth_getBlockByNumber
[2025/09/27 21:27:36.501] - eth_getBlockByNumber
[2025/09/27 21:27:36.507] - eth_getBlockByNumber
[2025/09/27 21:27:36.517] - eth_getBlockByNumber
[2025/09/27 21:27:36.523] - eth_getBlockByNumber
[2025/09/27 21:27:36.528] - eth_getBlockByNumber
[2025/09/27 21:27:36.533] - eth_getBlockByNumber
[2025/09/27 21:27:36.538] - eth_getBlockByNumber
[2025/09/27 21:27:40.677] - eth_call
[2025/09/27 21:27:40.693] - eth_call
[2025/09/27 21:27:40.705] - eth_call
[2025/09/27 21:27:40.727] - eth_call
[2025/09/27 21:27:40.729] - eth_getBlockByNumber
[2025/09/27 21:27:40.735] - eth_getBlockByNumber
[2025/09/27 21:27:40.743] - eth_call
[2025/09/27 21:27:40.743] - eth_getBlockByNumber
[2025/09/27 21:27:40.751] - eth_getBlockByNumber
[2025/09/27 21:27:40.757] - eth_call
[2025/09/27 21:27:40.760] - eth_getBlockByNumber
[2025/09/27 21:27:40.765] - eth_getBlockByNumber
[2025/09/27 21:27:40.775] - eth_call
[2025/09/27 21:27:40.776] - eth_getBlockByNumber
[2025/09/27 21:27:40.783] - eth_getBlockByNumber
[2025/09/27 21:27:40.791] - eth_call
[2025/09/27 21:27:40.794] - eth_getBlockByNumber
[2025/09/27 21:27:40.813] - eth_getBlockByNumber
[2025/09/27 21:27:40.816] - eth_call
[2025/09/27 21:27:40.844] - eth_getBlockByNumber
[2025/09/27 21:27:40.853] - eth_call
[2025/09/27 21:27:40.857] - eth_getBlockByNumber
[2025/09/27 21:27:40.865] - eth_getBlockByNumber
[2025/09/27 21:27:40.866] - eth_call
[2025/09/27 21:27:40.872] - eth_getBlockByNumber
[2025/09/27 21:27:40.885] - eth_getBlockByNumber
[2025/09/27 21:27:40.886] - eth_call
[2025/09/27 21:27:40.895] - eth_getBlockByNumber
[2025/09/27 21:27:40.899] - eth_call
[2025/09/27 21:27:40.902] - eth_getBlockByNumber
[2025/09/27 21:27:40.908] - eth_getBlockByNumber
[2025/09/27 21:27:40.913] - eth_call
[2025/09/27 21:27:40.916] - eth_getBlockByNumber
[2025/09/27 21:27:40.923] - eth_getBlockByNumber
[2025/09/27 21:27:40.930] - eth_call
[2025/09/27 21:27:40.941] - eth_call
[2025/09/27 21:27:40.952] - eth_call
[2025/09/27 21:27:40.969] - eth_call
[2025/09/27 21:27:49.173] - eth_estimateGas
[2025/09/27 21:27:49.212] - eth_getCode
[2025/09/27 21:27:49.213] - eth_getCode
[2025/09/27 21:27:49.480] - eth_call
[2025/09/27 21:27:49.489] - eth_call
[2025/09/27 21:27:49.560] - eth_call
[2025/09/27 21:27:49.569] - eth_call
[2025/09/27 21:27:50.147] - eth_blockNumber
[2025/09/27 21:27:50.207] - eth_call
[2025/09/27 21:27:50.216] - eth_call
[2025/09/27 21:27:50.227] - eth_call
[2025/09/27 21:27:50.228] - eth_call
[2025/09/27 21:27:51.913] - eth_getTransactionCount
[2025/09/27 21:27:51.933] - eth_sendRawTransaction
[2025/09/27 21:27:51.949] - 
  Transaction: 0x8dd13540ef30bfe7b115ff029fa4496f6110c5f46830a8c05045c4983d98144a
  Gas usage: 210137
  Block number: 91
  Block time: Sat Sep 27 2025 21:27:51 GMT+0100 (heure normale d’Afrique de l’Ouest)

[2025/09/27 21:27:51.951] - eth_getBlockByNumber
[2025/09/27 21:27:51.961] - eth_call
[2025/09/27 21:27:51.968] - eth_getTransactionReceipt
[2025/09/27 21:27:51.973] - eth_blockNumber
[2025/09/27 21:27:51.979] - eth_call
[2025/09/27 21:27:51.981] - eth_getBlockByNumber
[2025/09/27 21:27:51.985] - eth_getBalance
[2025/09/27 21:27:51.986] - eth_getBalance
[2025/09/27 21:27:51.987] - eth_getBalance
[2025/09/27 21:27:51.988] - eth_getBalance
[2025/09/27 21:27:51.989] - eth_call
[2025/09/27 21:27:51.993] - eth_call
[2025/09/27 21:27:51.994] - eth_call
[2025/09/27 21:27:52.015] - eth_call
[2025/09/27 21:27:52.050] - eth_call
[2025/09/27 21:27:52.061] - eth_call
[2025/09/27 21:27:52.064] - eth_getBalance
[2025/09/27 21:27:52.075] - eth_call
[2025/09/27 21:27:52.089] - eth_call
[2025/09/27 21:27:52.113] - eth_getTransactionCount
[2025/09/27 21:27:52.155] - eth_call
[2025/09/27 21:27:52.169] - eth_getBalance
[2025/09/27 21:27:52.181] - eth_call
[2025/09/27 21:27:52.194] - eth_call
[2025/09/27 21:27:52.208] - eth_call
[2025/09/27 21:27:52.217] - eth_getTransactionCount
[2025/09/27 21:27:52.219] - eth_call
[2025/09/27 21:27:52.231] - eth_call
[2025/09/27 21:27:52.244] - eth_call
[2025/09/27 21:27:52.257] - eth_call
[2025/09/27 21:27:52.262] - eth_getBalance
[2025/09/27 21:27:52.271] - eth_call
[2025/09/27 21:27:52.285] - eth_call
[2025/09/27 21:27:52.300] - eth_call
[2025/09/27 21:27:52.321] - eth_getTransactionCount
[2025/09/27 21:27:52.369] - eth_getBalance
[2025/09/27 21:27:52.419] - eth_getTransactionCount
[2025/09/27 21:27:52.453] - eth_getBalance
[2025/09/27 21:27:52.478] - eth_getTransactionCount
[2025/09/27 21:27:52.522] - eth_getBalance
[2025/09/27 21:27:52.559] - eth_getTransactionCount
[2025/09/27 21:27:52.587] - eth_getBalance
[2025/09/27 21:27:52.627] - eth_getTransactionCount
[2025/09/27 21:27:52.665] - eth_getBalance
[2025/09/27 21:27:52.690] - eth_getTransactionCount
[2025/09/27 21:27:52.717] - eth_getBalance
[2025/09/27 21:27:52.757] - eth_getTransactionCount
[2025/09/27 21:27:52.784] - eth_getBalance
[2025/09/27 21:27:52.820] - eth_getTransactionCount
[2025/09/27 21:27:54.812] - eth_call
[2025/09/27 21:27:54.971] - eth_getTransactionReceipt
[2025/09/27 21:27:54.975] - eth_getBlockByHash
[2025/09/27 21:27:54.984] - eth_call
[2025/09/27 21:27:54.992] - eth_call
[2025/09/27 21:27:54.999] - eth_call
[2025/09/27 21:27:55.000] - eth_call
[2025/09/27 21:28:09.064] - eth_blockNumber
[2025/09/27 21:28:09.071] - eth_estimateGas
[2025/09/27 21:28:09.090] - eth_getCode
[2025/09/27 21:28:09.091] - eth_getCode
[2025/09/27 21:28:09.465] - eth_gasPrice
[2025/09/27 21:28:09.476] - eth_call
[2025/09/27 21:28:09.485] - eth_call
[2025/09/27 21:28:09.553] - eth_call
[2025/09/27 21:28:09.563] - eth_call
[2025/09/27 21:28:10.192] - eth_blockNumber
[2025/09/27 21:28:10.250] - eth_call
[2025/09/27 21:28:10.260] - eth_call
[2025/09/27 21:28:10.272] - eth_call
[2025/09/27 21:28:10.273] - eth_call
[2025/09/27 21:28:12.081] - eth_getTransactionCount
[2025/09/27 21:28:12.100] - eth_sendRawTransaction
[2025/09/27 21:28:12.109] - 
  Transaction: 0x78b7eafc3bfbfc1cd4e0d0dab1dff710a9a4fa9ba069f9c9a0de3cafb4ffc066
  Gas usage: 35544
  Block number: 92
  Block time: Sat Sep 27 2025 21:28:12 GMT+0100 (heure normale d’Afrique de l’Ouest)

[2025/09/27 21:28:12.112] - eth_getBlockByNumber
[2025/09/27 21:28:12.123] - eth_call
[2025/09/27 21:28:12.127] - eth_getTransactionReceipt
[2025/09/27 21:28:12.132] - eth_call
[2025/09/27 21:28:12.134] - eth_blockNumber
[2025/09/27 21:28:12.137] - eth_getBlockByNumber
[2025/09/27 21:28:12.142] - eth_call
[2025/09/27 21:28:12.143] - eth_call
[2025/09/27 21:28:12.147] - eth_getBalance
[2025/09/27 21:28:12.147] - eth_getBalance
[2025/09/27 21:28:12.148] - eth_getBalance
[2025/09/27 21:28:12.149] - eth_getBalance
[2025/09/27 21:28:12.153] - eth_call
[2025/09/27 21:28:12.175] - eth_call
[2025/09/27 21:28:12.248] - eth_call
[2025/09/27 21:28:12.251] - eth_getBalance
[2025/09/27 21:28:12.305] - eth_getTransactionCount
[2025/09/27 21:28:12.331] - eth_call
[2025/09/27 21:28:12.355] - eth_call
[2025/09/27 21:28:12.367] - eth_call
[2025/09/27 21:28:12.369] - eth_getBalance
[2025/09/27 21:28:12.382] - eth_call
[2025/09/27 21:28:12.395] - eth_call
[2025/09/27 21:28:12.409] - eth_call
[2025/09/27 21:28:12.426] - eth_call
[2025/09/27 21:28:12.434] - eth_getTransactionCount
[2025/09/27 21:28:12.440] - eth_call
[2025/09/27 21:28:12.454] - eth_call
[2025/09/27 21:28:12.469] - eth_call
[2025/09/27 21:28:12.482] - eth_call
[2025/09/27 21:28:12.483] - eth_getBalance
[2025/09/27 21:28:12.498] - eth_call
[2025/09/27 21:28:12.514] - eth_call
[2025/09/27 21:28:12.529] - eth_call
[2025/09/27 21:28:12.544] - eth_getTransactionCount
[2025/09/27 21:28:12.594] - eth_getBalance
[2025/09/27 21:28:12.634] - eth_getTransactionCount
[2025/09/27 21:28:12.676] - eth_getBalance
[2025/09/27 21:28:12.736] - eth_getTransactionCount
[2025/09/27 21:28:12.786] - eth_getBalance
[2025/09/27 21:28:12.822] - eth_getTransactionCount
[2025/09/27 21:28:12.870] - eth_getBalance
[2025/09/27 21:28:12.906] - eth_getTransactionCount
[2025/09/27 21:28:12.932] - eth_getBalance
[2025/09/27 21:28:12.980] - eth_getTransactionCount
[2025/09/27 21:28:13.014] - eth_getBalance
[2025/09/27 21:28:13.041] - eth_getTransactionCount
[2025/09/27 21:28:13.079] - eth_getBalance
[2025/09/27 21:28:13.112] - eth_getTransactionCount
[2025/09/27 21:28:15.122] - eth_getTransactionReceipt
[2025/09/27 21:28:15.125] - eth_getBlockByHash
[2025/09/27 21:28:15.134] - eth_call
[2025/09/27 21:28:15.140] - eth_call
[2025/09/27 21:28:15.147] - eth_call
[2025/09/27 21:28:15.147] - eth_call
[2025/09/27 21:28:22.806] - eth_blockNumber
[2025/09/27 21:28:23.415] - eth_gasPrice
[2025/09/27 21:28:28.931] - eth_blockNumber
[2025/09/27 21:28:28.932] - eth_call
[2025/09/27 21:28:28.945] - eth_getLogs
[2025/09/27 21:28:28.966] - eth_getBlockByNumber
[2025/09/27 21:28:28.974] - eth_getBlockByNumber
[2025/09/27 21:28:28.989] - eth_getBlockByNumber
[2025/09/27 21:28:29.014] - eth_getBlockByNumber
[2025/09/27 21:28:29.029] - eth_getBlockByNumber
[2025/09/27 21:28:29.039] - eth_getBlockByNumber
[2025/09/27 21:28:29.052] - eth_getBlockByNumber
[2025/09/27 21:28:29.085] - eth_getBlockByNumber
[2025/09/27 21:28:29.097] - eth_getBlockByNumber
[2025/09/27 21:28:29.103] - eth_getBlockByNumber
[2025/09/27 21:28:29.113] - eth_getBlockByNumber
[2025/09/27 21:28:29.126] - eth_getBlockByNumber
[2025/09/27 21:28:29.132] - eth_getBlockByNumber
[2025/09/27 21:28:29.137] - eth_getBlockByNumber
[2025/09/27 21:28:29.142] - eth_getBlockByNumber
[2025/09/27 21:28:29.148] - eth_getBlockByNumber
[2025/09/27 21:28:29.155] - eth_getLogs
[2025/09/27 21:28:29.164] - eth_getBlockByNumber
[2025/09/27 21:28:29.170] - eth_getBlockByNumber
[2025/09/27 21:28:29.177] - eth_getBlockByNumber
[2025/09/27 21:28:29.185] - eth_getBlockByNumber
[2025/09/27 21:28:29.196] - eth_getBlockByNumber
[2025/09/27 21:28:29.207] - eth_getBlockByNumber
[2025/09/27 21:28:31.277] - eth_call
[2025/09/27 21:28:31.307] - eth_call
[2025/09/27 21:28:31.309] - eth_call
[2025/09/27 21:28:31.321] - eth_getBlockByNumber
[2025/09/27 21:28:31.327] - eth_call
[2025/09/27 21:28:31.335] - eth_getBlockByNumber
[2025/09/27 21:28:31.340] - eth_call
[2025/09/27 21:28:31.342] - eth_getBlockByNumber
[2025/09/27 21:28:31.349] - eth_getBlockByNumber
[2025/09/27 21:28:31.358] - eth_call
[2025/09/27 21:28:31.360] - eth_getBlockByNumber
[2025/09/27 21:28:31.367] - eth_getBlockByNumber
[2025/09/27 21:28:31.373] - eth_call
[2025/09/27 21:28:31.377] - eth_getBlockByNumber
[2025/09/27 21:28:31.390] - eth_getBlockByNumber
[2025/09/27 21:28:31.392] - eth_call
[2025/09/27 21:28:31.399] - eth_getBlockByNumber
[2025/09/27 21:28:31.404] - eth_call
[2025/09/27 21:28:31.407] - eth_getBlockByNumber
[2025/09/27 21:28:31.414] - eth_getBlockByNumber
[2025/09/27 21:28:31.419] - eth_call
[2025/09/27 21:28:31.420] - eth_getBlockByNumber
[2025/09/27 21:28:31.427] - eth_getBlockByNumber
[2025/09/27 21:28:31.432] - eth_call
[2025/09/27 21:28:31.436] - eth_getBlockByNumber
[2025/09/27 21:28:31.441] - eth_getBlockByNumber
[2025/09/27 21:28:31.446] - eth_call
[2025/09/27 21:28:31.450] - eth_getBlockByNumber
[2025/09/27 21:28:31.458] - eth_call
[2025/09/27 21:28:31.462] - eth_getBlockByNumber
[2025/09/27 21:28:31.470] - eth_getBlockByNumber
[2025/09/27 21:28:31.474] - eth_call
[2025/09/27 21:28:31.479] - eth_getBlockByNumber
[2025/09/27 21:28:31.489] - eth_getBlockByNumber
[2025/09/27 21:28:31.491] - eth_call
[2025/09/27 21:28:31.499] - eth_getBlockByNumber
[2025/09/27 21:28:31.506] - eth_call
[2025/09/27 21:28:31.510] - eth_getBlockByNumber
[2025/09/27 21:28:31.528] - eth_call
[2025/09/27 21:28:31.544] - eth_call
[2025/09/27 21:28:31.556] - eth_call
[2025/09/27 21:28:35.233] - eth_estimateGas
[2025/09/27 21:28:35.397] - eth_getCode
[2025/09/27 21:28:35.398] - eth_getCode
[2025/09/27 21:28:35.412] - eth_call
[2025/09/27 21:28:35.422] - eth_call
[2025/09/27 21:28:35.487] - eth_call
[2025/09/27 21:28:35.494] - eth_call
[2025/09/27 21:28:36.058] - eth_blockNumber
[2025/09/27 21:28:36.118] - eth_call
[2025/09/27 21:28:36.126] - eth_call
[2025/09/27 21:28:36.138] - eth_call
[2025/09/27 21:28:36.139] - eth_call
[2025/09/27 21:28:38.363] - eth_getTransactionCount
[2025/09/27 21:28:38.381] - eth_sendRawTransaction
[2025/09/27 21:28:38.394] - 
  Transaction: 0x33cb50b4811c4266018b9ec02d5c7ba0ea52b09ad58c0ff11feb6441bfd1304d
  Gas usage: 114399
  Block number: 93
  Block time: Sat Sep 27 2025 21:28:38 GMT+0100 (heure normale d’Afrique de l’Ouest)

[2025/09/27 21:28:38.396] - eth_getBlockByNumber
[2025/09/27 21:28:38.405] - eth_call
[2025/09/27 21:28:38.411] - eth_getTransactionReceipt
[2025/09/27 21:28:38.415] - eth_call
[2025/09/27 21:28:38.417] - eth_blockNumber
[2025/09/27 21:28:38.421] - eth_getBlockByNumber
[2025/09/27 21:28:38.426] - eth_call
[2025/09/27 21:28:38.427] - eth_call
[2025/09/27 21:28:38.430] - eth_getBalance
[2025/09/27 21:28:38.431] - eth_getBalance
[2025/09/27 21:28:38.432] - eth_getBalance
[2025/09/27 21:28:38.433] - eth_getBalance
[2025/09/27 21:28:38.436] - eth_call
[2025/09/27 21:28:38.459] - eth_call
[2025/09/27 21:28:38.473] - eth_call
[2025/09/27 21:28:38.485] - eth_getBalance
[2025/09/27 21:28:38.486] - eth_call
[2025/09/27 21:28:38.499] - eth_call
[2025/09/27 21:28:38.511] - eth_call
[2025/09/27 21:28:38.525] - eth_call
[2025/09/27 21:28:38.541] - eth_getTransactionCount
[2025/09/27 21:28:38.579] - eth_getBalance
[2025/09/27 21:28:38.590] - eth_call
[2025/09/27 21:28:38.611] - eth_call
[2025/09/27 21:28:38.623] - eth_call
[2025/09/27 21:28:38.629] - eth_getTransactionCount
[2025/09/27 21:28:38.636] - eth_call
[2025/09/27 21:28:38.650] - eth_call
[2025/09/27 21:28:38.662] - eth_call
[2025/09/27 21:28:38.674] - eth_call
[2025/09/27 21:28:38.683] - eth_getBalance
[2025/09/27 21:28:38.686] - eth_call
[2025/09/27 21:28:38.701] - eth_call
[2025/09/27 21:28:38.718] - eth_call
[2025/09/27 21:28:38.731] - eth_getTransactionCount
[2025/09/27 21:28:38.785] - eth_getBalance
[2025/09/27 21:28:38.815] - eth_getTransactionCount
[2025/09/27 21:28:38.842] - eth_getBalance
[2025/09/27 21:28:38.888] - eth_getTransactionCount
[2025/09/27 21:28:38.922] - eth_getBalance
[2025/09/27 21:28:38.949] - eth_getTransactionCount
[2025/09/27 21:28:38.987] - eth_getBalance
[2025/09/27 21:28:39.022] - eth_getTransactionCount
[2025/09/27 21:28:39.048] - eth_getBalance
[2025/09/27 21:28:39.074] - eth_getTransactionCount
[2025/09/27 21:28:39.115] - eth_getBalance
[2025/09/27 21:28:39.142] - eth_getTransactionCount
[2025/09/27 21:28:39.179] - eth_getBalance
[2025/09/27 21:28:39.209] - eth_getTransactionCount
[2025/09/27 21:28:41.384] - eth_blockNumber
[2025/09/27 21:28:41.391] - eth_getLogs
[2025/09/27 21:28:41.402] - eth_getBlockByNumber
[2025/09/27 21:28:41.403] - eth_getTransactionReceipt
[2025/09/27 21:28:41.408] - eth_getBlockByHash
[2025/09/27 21:28:41.409] - eth_getBlockByNumber
[2025/09/27 21:28:41.421] - eth_call
[2025/09/27 21:28:41.425] - eth_getBlockByNumber
[2025/09/27 21:28:41.430] - eth_call
[2025/09/27 21:28:41.433] - eth_getBlockByNumber
[2025/09/27 21:28:41.437] - eth_call
[2025/09/27 21:28:41.438] - eth_call
[2025/09/27 21:28:41.442] - eth_getBlockByNumber
[2025/09/27 21:28:41.458] - eth_getBlockByNumber
[2025/09/27 21:28:41.466] - eth_getBlockByNumber
[2025/09/27 21:28:41.472] - eth_getBlockByNumber
[2025/09/27 21:28:41.478] - eth_getBlockByNumber
[2025/09/27 21:28:41.484] - eth_getBlockByNumber
[2025/09/27 21:28:41.492] - eth_getBlockByNumber
[2025/09/27 21:28:41.500] - eth_getBlockByNumber
[2025/09/27 21:28:41.508] - eth_getBlockByNumber
[2025/09/27 21:28:41.513] - eth_getBlockByNumber
[2025/09/27 21:28:41.520] - eth_getBlockByNumber
[2025/09/27 21:28:41.528] - eth_getBlockByNumber
[2025/09/27 21:28:41.537] - eth_getLogs
[2025/09/27 21:28:41.548] - eth_getBlockByNumber
[2025/09/27 21:28:41.553] - eth_getBlockByNumber
[2025/09/27 21:28:41.559] - eth_getBlockByNumber
[2025/09/27 21:28:41.565] - eth_getBlockByNumber
[2025/09/27 21:28:41.570] - eth_getBlockByNumber
[2025/09/27 21:28:41.577] - eth_getBlockByNumber
[2025/09/27 21:30:03.673] - eth_blockNumber
[2025/09/27 21:30:04.189] - eth_gasPrice
[2025/09/27 21:30:10.213] - eth_getBlockByNumber
[2025/09/27 21:30:10.225] - eth_getBlockByNumber
[2025/09/27 21:30:10.231] - eth_getBlockByNumber
[2025/09/27 21:30:10.239] - eth_getBlockByNumber
[2025/09/27 21:30:10.250] - eth_getBlockByNumber
[2025/09/27 21:30:10.260] - eth_getBlockByNumber
[2025/09/27 21:30:10.267] - eth_getBlockByNumber
[2025/09/27 21:30:10.276] - eth_getBlockByNumber
[2025/09/27 21:30:10.291] - eth_getBlockByNumber
[2025/09/27 21:30:10.297] - eth_getBlockByNumber
[2025/09/27 21:30:10.304] - eth_getBlockByNumber
[2025/09/27 21:30:10.310] - eth_getBlockByNumber
[2025/09/27 21:30:10.317] - eth_getBlockByNumber
[2025/09/27 21:30:10.323] - eth_getBlockByNumber
[2025/09/27 21:30:10.329] - eth_getBlockByNumber
[2025/09/27 21:30:10.336] - eth_getBlockByNumber
[2025/09/27 21:30:10.348] - eth_getBlockByNumber
[2025/09/27 21:30:10.354] - eth_getBlockByNumber
[2025/09/27 21:30:10.361] - eth_getBlockByNumber
[2025/09/27 21:30:10.367] - eth_getBlockByNumber
[2025/09/27 21:30:10.374] - eth_getBlockByNumber
[2025/09/27 21:30:10.380] - eth_getBlockByNumber
[2025/09/27 21:30:12.818] - eth_call
[2025/09/27 21:30:15.525] - eth_call
[2025/09/27 21:30:15.545] - eth_call
[2025/09/27 21:30:15.556] - eth_call
[2025/09/27 21:30:15.589] - eth_getBlockByNumber
[2025/09/27 21:30:15.593] - eth_call
[2025/09/27 21:30:15.603] - eth_getBlockByNumber
[2025/09/27 21:30:15.627] - eth_call
[2025/09/27 21:30:15.660] - eth_getBlockByNumber
[2025/09/27 21:30:15.673] - eth_call
[2025/09/27 21:30:15.680] - eth_getBlockByNumber
[2025/09/27 21:30:15.686] - eth_call
[2025/09/27 21:30:15.688] - eth_getBlockByNumber
[2025/09/27 21:30:15.695] - eth_getBlockByNumber
[2025/09/27 21:30:15.700] - eth_call
[2025/09/27 21:30:15.702] - eth_getBlockByNumber
[2025/09/27 21:30:15.712] - eth_getBlockByNumber
[2025/09/27 21:30:15.720] - eth_call
[2025/09/27 21:30:15.722] - eth_getBlockByNumber
[2025/09/27 21:30:15.727] - eth_getBlockByNumber
[2025/09/27 21:30:15.736] - eth_call
[2025/09/27 21:30:15.737] - eth_getBlockByNumber
[2025/09/27 21:30:15.749] - eth_getBlockByNumber
[2025/09/27 21:30:15.757] - eth_call
[2025/09/27 21:30:15.770] - eth_getBlockByNumber
[2025/09/27 21:30:15.779] - eth_call
[2025/09/27 21:30:15.785] - eth_getBlockByNumber
[2025/09/27 21:30:15.801] - eth_call
[2025/09/27 21:30:15.802] - eth_getBlockByNumber
[2025/09/27 21:30:15.808] - eth_getBlockByNumber
[2025/09/27 21:30:15.814] - eth_call
[2025/09/27 21:30:15.820] - eth_getBlockByNumber
[2025/09/27 21:30:15.826] - eth_call
[2025/09/27 21:30:15.828] - eth_getBlockByNumber
[2025/09/27 21:30:15.834] - eth_getBlockByNumber
[2025/09/27 21:30:15.838] - eth_call
[2025/09/27 21:30:15.840] - eth_getBlockByNumber
[2025/09/27 21:30:15.846] - eth_getBlockByNumber
[2025/09/27 21:30:15.851] - eth_call
[2025/09/27 21:30:15.852] - eth_getBlockByNumber
[2025/09/27 21:30:15.864] - eth_call
[2025/09/27 21:30:15.877] - eth_call
[2025/09/27 21:30:30.523] - eth_blockNumber
[2025/09/27 21:30:30.529] - eth_estimateGas
[2025/09/27 21:30:30.566] - eth_getCode
[2025/09/27 21:30:30.567] - eth_getCode
[2025/09/27 21:30:30.799] - eth_call
[2025/09/27 21:30:30.808] - eth_call
[2025/09/27 21:30:30.879] - eth_call
[2025/09/27 21:30:30.890] - eth_call
[2025/09/27 21:30:31.449] - eth_blockNumber
[2025/09/27 21:30:31.506] - eth_call
[2025/09/27 21:30:31.515] - eth_call
[2025/09/27 21:30:31.526] - eth_call
[2025/09/27 21:30:31.527] - eth_call
[2025/09/27 21:30:34.250] - eth_getTransactionCount
[2025/09/27 21:30:34.269] - eth_sendRawTransaction
[2025/09/27 21:30:34.286] - 
  Transaction: 0x744d7363bf231787cbdc581c4895439ebeeaa1269e251f9bc879b3a3a171a5ac
  Gas usage: 210149
  Block number: 94
  Block time: Sat Sep 27 2025 21:30:34 GMT+0100 (heure normale d’Afrique de l’Ouest)

[2025/09/27 21:30:34.288] - eth_getBlockByNumber
[2025/09/27 21:30:34.298] - eth_call
[2025/09/27 21:30:34.304] - eth_getTransactionReceipt
[2025/09/27 21:30:34.308] - eth_call
[2025/09/27 21:30:34.308] - eth_blockNumber
[2025/09/27 21:30:34.312] - eth_getBlockByNumber
[2025/09/27 21:30:34.320] - eth_call
[2025/09/27 21:30:34.320] - eth_call
[2025/09/27 21:30:34.324] - eth_getBalance
[2025/09/27 21:30:34.325] - eth_getBalance
[2025/09/27 21:30:34.326] - eth_getBalance
[2025/09/27 21:30:34.326] - eth_getBalance
[2025/09/27 21:30:34.332] - eth_call
[2025/09/27 21:30:34.358] - eth_call
[2025/09/27 21:30:34.376] - eth_call
[2025/09/27 21:30:34.388] - eth_call
[2025/09/27 21:30:34.392] - eth_getBalance
[2025/09/27 21:30:34.403] - eth_call
[2025/09/27 21:30:34.436] - eth_getTransactionCount
[2025/09/27 21:30:34.471] - eth_call
[2025/09/27 21:30:34.494] - eth_call
[2025/09/27 21:30:34.502] - eth_getBalance
[2025/09/27 21:30:34.509] - eth_call
[2025/09/27 21:30:34.520] - eth_call
[2025/09/27 21:30:34.533] - eth_call
[2025/09/27 21:30:34.543] - eth_call
[2025/09/27 21:30:34.553] - eth_call
[2025/09/27 21:30:34.556] - eth_getTransactionCount
[2025/09/27 21:30:34.566] - eth_call
[2025/09/27 21:30:34.577] - eth_call
[2025/09/27 21:30:34.589] - eth_call
[2025/09/27 21:30:34.595] - eth_getBalance
[2025/09/27 21:30:34.602] - eth_call
[2025/09/27 21:30:34.615] - eth_call
[2025/09/27 21:30:34.628] - eth_call
[2025/09/27 21:30:34.655] - eth_getTransactionCount
[2025/09/27 21:30:34.694] - eth_getBalance
[2025/09/27 21:30:34.725] - eth_getTransactionCount
[2025/09/27 21:30:34.759] - eth_getBalance
[2025/09/27 21:30:34.801] - eth_getTransactionCount
[2025/09/27 21:30:34.827] - eth_getBalance
[2025/09/27 21:30:34.853] - eth_getTransactionCount
[2025/09/27 21:30:34.897] - eth_getBalance
[2025/09/27 21:30:34.926] - eth_getTransactionCount
[2025/09/27 21:30:34.963] - eth_getBalance
[2025/09/27 21:30:34.991] - eth_getTransactionCount
[2025/09/27 21:30:35.030] - eth_getBalance
[2025/09/27 21:30:35.057] - eth_getTransactionCount
[2025/09/27 21:30:35.083] - eth_getBalance
[2025/09/27 21:30:35.114] - eth_getTransactionCount
[2025/09/27 21:30:36.671] - eth_call
[2025/09/27 21:30:37.684] - eth_getTransactionReceipt
[2025/09/27 21:30:37.687] - eth_getBlockByHash
[2025/09/27 21:30:37.700] - eth_call
[2025/09/27 21:30:37.711] - eth_call
[2025/09/27 21:30:37.721] - eth_call
[2025/09/27 21:30:37.722] - eth_call
[2025/09/27 21:34:27.099] - eth_blockNumber
[2025/09/27 21:34:34.398] - eth_call
[2025/09/27 21:34:34.425] - eth_blockNumber
[2025/09/27 21:34:34.438] - eth_getLogs
[2025/09/27 21:34:34.457] - eth_getBlockByNumber
[2025/09/27 21:34:34.485] - eth_getBlockByNumber
[2025/09/27 21:34:34.508] - eth_getBlockByNumber
[2025/09/27 21:34:34.519] - eth_getBlockByNumber
[2025/09/27 21:34:34.544] - eth_getBlockByNumber
[2025/09/27 21:34:34.559] - eth_getBlockByNumber
[2025/09/27 21:34:34.572] - eth_getBlockByNumber
[2025/09/27 21:34:34.583] - eth_getBlockByNumber
[2025/09/27 21:34:34.625] - eth_getBlockByNumber
[2025/09/27 21:34:34.636] - eth_getBlockByNumber
[2025/09/27 21:34:34.643] - eth_getBlockByNumber
[2025/09/27 21:34:34.658] - eth_getBlockByNumber
[2025/09/27 21:34:34.677] - eth_getBlockByNumber
[2025/09/27 21:34:34.688] - eth_getBlockByNumber
[2025/09/27 21:34:34.693] - eth_getBlockByNumber
[2025/09/27 21:34:34.699] - eth_getBlockByNumber
[2025/09/27 21:34:34.707] - eth_getLogs
[2025/09/27 21:34:34.716] - eth_getBlockByNumber
[2025/09/27 21:34:34.725] - eth_getBlockByNumber
[2025/09/27 21:34:34.730] - eth_getBlockByNumber
[2025/09/27 21:34:34.736] - eth_getBlockByNumber
[2025/09/27 21:34:34.741] - eth_getBlockByNumber
[2025/09/27 21:34:34.747] - eth_getBlockByNumber
[2025/09/27 21:34:34.753] - eth_getBlockByNumber
[2025/09/27 21:36:30.915] - eth_blockNumber
[2025/09/27 21:36:40.019] - eth_estimateGas
[2025/09/27 21:36:40.040] - eth_getCode
[2025/09/27 21:36:40.043] - eth_getCode
[2025/09/27 21:36:40.298] - eth_gasPrice
[2025/09/27 21:36:40.309] - eth_call
[2025/09/27 21:36:40.317] - eth_call
[2025/09/27 21:36:40.385] - eth_call
[2025/09/27 21:36:40.393] - eth_call
[2025/09/27 21:36:40.995] - eth_blockNumber
[2025/09/27 21:36:41.056] - eth_call
[2025/09/27 21:36:41.069] - eth_call
[2025/09/27 21:36:41.098] - eth_call
[2025/09/27 21:36:41.099] - eth_call
[2025/09/27 21:36:42.215] - eth_getTransactionCount
[2025/09/27 21:36:42.234] - eth_sendRawTransaction
[2025/09/27 21:36:42.242] - 
  Transaction: 0xa520529b7f16d6180f71fc501b41e46dbc4f0ef5ebba6a3e762f9c43e437a3e2
  Gas usage: 35544
  Block number: 95
  Block time: Sat Sep 27 2025 21:36:42 GMT+0100 (heure normale d’Afrique de l’Ouest)

[2025/09/27 21:36:42.244] - eth_getBlockByNumber
[2025/09/27 21:36:42.253] - eth_call
[2025/09/27 21:36:42.262] - eth_call
[2025/09/27 21:36:42.263] - eth_getTransactionReceipt
[2025/09/27 21:36:42.269] - eth_blockNumber
[2025/09/27 21:36:42.272] - eth_call
[2025/09/27 21:36:42.273] - eth_call
[2025/09/27 21:36:42.276] - eth_getBlockByNumber
[2025/09/27 21:36:42.280] - eth_call
[2025/09/27 21:36:42.282] - eth_getBalance
[2025/09/27 21:36:42.283] - eth_getBalance
[2025/09/27 21:36:42.284] - eth_getBalance
[2025/09/27 21:36:42.284] - eth_getBalance
[2025/09/27 21:36:42.311] - eth_call
[2025/09/27 21:36:42.321] - eth_call
[2025/09/27 21:36:42.334] - eth_call
[2025/09/27 21:36:42.342] - eth_getBalance
[2025/09/27 21:36:42.345] - eth_call
[2025/09/27 21:36:42.360] - eth_call
[2025/09/27 21:36:42.402] - eth_getTransactionCount
[2025/09/27 21:36:42.420] - eth_call
[2025/09/27 21:36:42.445] - eth_call
[2025/09/27 21:36:42.457] - eth_call
[2025/09/27 21:36:42.460] - eth_getBalance
[2025/09/27 21:36:42.470] - eth_call
[2025/09/27 21:36:42.480] - eth_call
[2025/09/27 21:36:42.493] - eth_call
[2025/09/27 21:36:42.504] - eth_getTransactionCount
[2025/09/27 21:36:42.505] - eth_call
[2025/09/27 21:36:42.518] - eth_call
[2025/09/27 21:36:42.529] - eth_call
[2025/09/27 21:36:42.541] - eth_call
[2025/09/27 21:36:42.548] - eth_getBalance
[2025/09/27 21:36:42.553] - eth_call
[2025/09/27 21:36:42.568] - eth_call
[2025/09/27 21:36:42.603] - eth_getTransactionCount
[2025/09/27 21:36:42.645] - eth_getBalance
[2025/09/27 21:36:42.693] - eth_getTransactionCount
[2025/09/27 21:36:42.726] - eth_getBalance
[2025/09/27 21:36:42.753] - eth_getTransactionCount
[2025/09/27 21:36:42.798] - eth_getBalance
[2025/09/27 21:36:42.834] - eth_getTransactionCount
[2025/09/27 21:36:42.861] - eth_getBalance
[2025/09/27 21:36:42.910] - eth_getTransactionCount
[2025/09/27 21:36:42.942] - eth_getBalance
[2025/09/27 21:36:42.970] - eth_getTransactionCount
[2025/09/27 21:36:43.009] - eth_getBalance
[2025/09/27 21:36:43.044] - eth_getTransactionCount
[2025/09/27 21:36:43.069] - eth_getBalance
[2025/09/27 21:36:43.093] - eth_getTransactionCount
[2025/09/27 21:36:45.258] - eth_getTransactionReceipt
[2025/09/27 21:36:45.262] - eth_getBlockByHash
[2025/09/27 21:36:45.272] - eth_call
[2025/09/27 21:36:45.279] - eth_call
[2025/09/27 21:36:45.285] - eth_call
[2025/09/27 21:36:45.286] - eth_call
[2025/09/27 21:36:57.627] - eth_blockNumber
[2025/09/27 21:36:58.253] - eth_gasPrice
[2025/09/27 21:37:03.784] - eth_blockNumber
[2025/09/27 21:37:03.785] - eth_call
[2025/09/27 21:37:03.797] - eth_getLogs
[2025/09/27 21:37:03.814] - eth_getBlockByNumber
[2025/09/27 21:37:03.830] - eth_getBlockByNumber
[2025/09/27 21:37:03.856] - eth_getBlockByNumber
[2025/09/27 21:37:03.868] - eth_getBlockByNumber
[2025/09/27 21:37:03.879] - eth_getBlockByNumber
[2025/09/27 21:37:03.888] - eth_getBlockByNumber
[2025/09/27 21:37:03.897] - eth_getBlockByNumber
[2025/09/27 21:37:03.906] - eth_getBlockByNumber
[2025/09/27 21:37:03.945] - eth_getBlockByNumber
[2025/09/27 21:37:03.963] - eth_getBlockByNumber
[2025/09/27 21:37:03.972] - eth_getBlockByNumber
[2025/09/27 21:37:03.978] - eth_getBlockByNumber
[2025/09/27 21:37:03.986] - eth_getBlockByNumber
[2025/09/27 21:37:03.994] - eth_getBlockByNumber
[2025/09/27 21:37:04.001] - eth_getBlockByNumber
[2025/09/27 21:37:04.006] - eth_getBlockByNumber
[2025/09/27 21:37:04.011] - eth_getBlockByNumber
[2025/09/27 21:37:04.020] - eth_getLogs
[2025/09/27 21:37:04.029] - eth_getBlockByNumber
[2025/09/27 21:37:04.036] - eth_getBlockByNumber
[2025/09/27 21:37:04.043] - eth_getBlockByNumber
[2025/09/27 21:37:04.049] - eth_getBlockByNumber
[2025/09/27 21:37:04.054] - eth_getBlockByNumber
[2025/09/27 21:37:04.061] - eth_getBlockByNumber
[2025/09/27 21:37:04.069] - eth_getBlockByNumber
[2025/09/27 21:37:07.758] - eth_call
[2025/09/27 21:37:07.776] - eth_call
[2025/09/27 21:37:07.783] - eth_call
[2025/09/27 21:37:07.814] - eth_call
[2025/09/27 21:37:07.821] - eth_getBlockByNumber
[2025/09/27 21:37:07.830] - eth_call
[2025/09/27 21:37:07.832] - eth_getBlockByNumber
[2025/09/27 21:37:07.839] - eth_getBlockByNumber
[2025/09/27 21:37:07.849] - eth_call
[2025/09/27 21:37:07.850] - eth_getBlockByNumber
[2025/09/27 21:37:07.857] - eth_getBlockByNumber
[2025/09/27 21:37:07.862] - eth_call
[2025/09/27 21:37:07.864] - eth_getBlockByNumber
[2025/09/27 21:37:07.870] - eth_getBlockByNumber
[2025/09/27 21:37:07.878] - eth_call
[2025/09/27 21:37:07.880] - eth_getBlockByNumber
[2025/09/27 21:37:07.892] - eth_getBlockByNumber
[2025/09/27 21:37:07.896] - eth_call
[2025/09/27 21:37:07.898] - eth_getBlockByNumber
[2025/09/27 21:37:07.905] - eth_getBlockByNumber
[2025/09/27 21:37:07.911] - eth_call
[2025/09/27 21:37:07.913] - eth_getBlockByNumber
[2025/09/27 21:37:07.919] - eth_getBlockByNumber
[2025/09/27 21:37:07.925] - eth_call
[2025/09/27 21:37:07.933] - eth_getBlockByNumber
[2025/09/27 21:37:07.960] - eth_call
[2025/09/27 21:37:07.962] - eth_getBlockByNumber
[2025/09/27 21:37:07.979] - eth_getBlockByNumber
[2025/09/27 21:37:07.986] - eth_call
[2025/09/27 21:37:07.993] - eth_getBlockByNumber
[2025/09/27 21:37:08.001] - eth_call
[2025/09/27 21:37:08.008] - eth_getBlockByNumber
[2025/09/27 21:37:08.012] - eth_call
[2025/09/27 21:37:08.015] - eth_getBlockByNumber
[2025/09/27 21:37:08.023] - eth_getBlockByNumber
[2025/09/27 21:37:08.028] - eth_call
[2025/09/27 21:37:08.032] - eth_getBlockByNumber
[2025/09/27 21:37:08.038] - eth_getBlockByNumber
[2025/09/27 21:37:08.042] - eth_call
[2025/09/27 21:37:08.046] - eth_getBlockByNumber
[2025/09/27 21:37:08.056] - eth_getBlockByNumber
[2025/09/27 21:37:08.058] - eth_call
[2025/09/27 21:37:08.070] - eth_call
[2025/09/27 21:37:08.084] - eth_call
[2025/09/27 21:37:11.011] - eth_estimateGas
[2025/09/27 21:37:11.218] - eth_getCode
[2025/09/27 21:37:11.219] - eth_getCode
[2025/09/27 21:37:11.487] - eth_call
[2025/09/27 21:37:11.497] - eth_call
[2025/09/27 21:37:11.553] - eth_call
[2025/09/27 21:37:11.557] - eth_call
[2025/09/27 21:37:12.133] - eth_blockNumber
[2025/09/27 21:37:12.200] - eth_call
[2025/09/27 21:37:12.210] - eth_call
[2025/09/27 21:37:12.219] - eth_call
[2025/09/27 21:37:12.220] - eth_call
[2025/09/27 21:37:14.181] - eth_getTransactionCount
[2025/09/27 21:37:14.201] - eth_sendRawTransaction
[2025/09/27 21:37:14.219] - 
  Transaction: 0xc3ecef585b24f7e633ab0934b891c9aff4917969fa2979a39399bcfb63d275b5
  Gas usage: 114399
  Block number: 96
  Block time: Sat Sep 27 2025 21:37:14 GMT+0100 (heure normale d’Afrique de l’Ouest)

[2025/09/27 21:37:14.221] - eth_getBlockByNumber
[2025/09/27 21:37:14.232] - eth_call
[2025/09/27 21:37:14.240] - eth_getTransactionReceipt
[2025/09/27 21:37:14.242] - eth_call
[2025/09/27 21:37:14.245] - eth_blockNumber
[2025/09/27 21:37:14.252] - eth_call
[2025/09/27 21:37:14.253] - eth_call
[2025/09/27 21:37:14.256] - eth_getBlockByNumber
[2025/09/27 21:37:14.258] - eth_call
[2025/09/27 21:37:14.258] - eth_call
[2025/09/27 21:37:14.261] - eth_call
[2025/09/27 21:37:14.263] - eth_getBalance
[2025/09/27 21:37:14.267] - eth_getBalance
[2025/09/27 21:37:14.268] - eth_getBalance
[2025/09/27 21:37:14.271] - eth_getBalance
[2025/09/27 21:37:14.300] - eth_call
[2025/09/27 21:37:14.314] - eth_call
[2025/09/27 21:37:14.326] - eth_call
[2025/09/27 21:37:14.332] - eth_getBalance
[2025/09/27 21:37:14.340] - eth_call
[2025/09/27 21:37:14.352] - eth_call
[2025/09/27 21:37:14.366] - eth_call
[2025/09/27 21:37:14.380] - eth_call
[2025/09/27 21:37:14.390] - eth_getTransactionCount
[2025/09/27 21:37:14.432] - eth_getBalance
[2025/09/27 21:37:14.445] - eth_call
[2025/09/27 21:37:14.462] - eth_call
[2025/09/27 21:37:14.478] - eth_call
[2025/09/27 21:37:14.492] - eth_call
[2025/09/27 21:37:14.500] - eth_getTransactionCount
[2025/09/27 21:37:14.505] - eth_call
[2025/09/27 21:37:14.520] - eth_call
[2025/09/27 21:37:14.545] - eth_getBalance
[2025/09/27 21:37:14.594] - eth_getTransactionCount
[2025/09/27 21:37:14.610] - eth_call
[2025/09/27 21:37:14.625] - eth_call
[2025/09/27 21:37:14.658] - eth_call
[2025/09/27 21:37:14.670] - eth_getBalance
[2025/09/27 21:37:14.703] - eth_call
[2025/09/27 21:37:14.723] - eth_getTransactionCount
[2025/09/27 21:37:14.768] - eth_getBalance
[2025/09/27 21:37:14.803] - eth_getTransactionCount
[2025/09/27 21:37:14.861] - eth_getBalance
[2025/09/27 21:37:14.899] - eth_getTransactionCount
[2025/09/27 21:37:14.925] - eth_getBalance
[2025/09/27 21:37:14.968] - eth_getTransactionCount
[2025/09/27 21:37:14.995] - eth_getBalance
[2025/09/27 21:37:15.032] - eth_getTransactionCount
[2025/09/27 21:37:15.061] - eth_getBalance
[2025/09/27 21:37:15.102] - eth_getTransactionCount
[2025/09/27 21:37:15.128] - eth_getBalance
[2025/09/27 21:37:15.164] - eth_getTransactionCount
[2025/09/27 21:37:17.233] - eth_getTransactionReceipt
[2025/09/27 21:37:17.237] - eth_getBlockByHash
[2025/09/27 21:37:17.247] - eth_call
[2025/09/27 21:37:17.254] - eth_call
[2025/09/27 21:37:17.260] - eth_call
[2025/09/27 21:37:17.261] - eth_call
[2025/09/27 21:37:21.417] - eth_blockNumber
[2025/09/27 21:37:21.422] - eth_getLogs
[2025/09/27 21:37:21.436] - eth_getBlockByNumber
[2025/09/27 21:37:21.443] - eth_getBlockByNumber
[2025/09/27 21:37:21.449] - eth_getBlockByNumber
[2025/09/27 21:37:21.455] - eth_getBlockByNumber
[2025/09/27 21:37:21.460] - eth_getBlockByNumber
[2025/09/27 21:37:21.466] - eth_getBlockByNumber
[2025/09/27 21:37:21.471] - eth_getBlockByNumber
[2025/09/27 21:37:21.477] - eth_getBlockByNumber
[2025/09/27 21:37:21.483] - eth_getBlockByNumber
[2025/09/27 21:37:21.489] - eth_getBlockByNumber
[2025/09/27 21:37:21.495] - eth_getBlockByNumber
[2025/09/27 21:37:21.501] - eth_getBlockByNumber
[2025/09/27 21:37:21.507] - eth_getBlockByNumber
[2025/09/27 21:37:21.512] - eth_getBlockByNumber
[2025/09/27 21:37:21.518] - eth_getBlockByNumber
[2025/09/27 21:37:21.524] - eth_getBlockByNumber
[2025/09/27 21:37:21.530] - eth_getBlockByNumber
[2025/09/27 21:37:21.536] - eth_getLogs
[2025/09/27 21:37:21.547] - eth_getBlockByNumber
[2025/09/27 21:37:21.553] - eth_getBlockByNumber
[2025/09/27 21:37:21.559] - eth_getBlockByNumber
[2025/09/27 21:37:21.565] - eth_getBlockByNumber
[2025/09/27 21:37:21.571] - eth_getBlockByNumber
[2025/09/27 21:37:21.577] - eth_getBlockByNumber
[2025/09/27 21:37:21.583] - eth_getBlockByNumber
[2025/09/27 21:37:35.627] - eth_blockNumber
[2025/09/27 21:37:36.089] - eth_gasPrice
[2025/09/27 21:37:44.042] - eth_getBlockByNumber
[2025/09/27 21:37:44.049] - eth_getBlockByNumber
[2025/09/27 21:37:44.054] - eth_getBlockByNumber
[2025/09/27 21:37:44.060] - eth_getBlockByNumber
[2025/09/27 21:37:44.065] - eth_getBlockByNumber
[2025/09/27 21:37:44.071] - eth_getBlockByNumber
[2025/09/27 21:37:44.078] - eth_getBlockByNumber
[2025/09/27 21:37:44.086] - eth_getBlockByNumber
[2025/09/27 21:37:44.093] - eth_getBlockByNumber
[2025/09/27 21:37:44.100] - eth_getBlockByNumber
[2025/09/27 21:37:44.105] - eth_getBlockByNumber
[2025/09/27 21:37:44.111] - eth_getBlockByNumber
[2025/09/27 21:37:44.118] - eth_getBlockByNumber
[2025/09/27 21:37:44.125] - eth_getBlockByNumber
[2025/09/27 21:37:44.130] - eth_getBlockByNumber
[2025/09/27 21:37:44.136] - eth_getBlockByNumber
[2025/09/27 21:37:44.143] - eth_getBlockByNumber
[2025/09/27 21:37:44.155] - eth_getBlockByNumber
[2025/09/27 21:37:44.162] - eth_getBlockByNumber
[2025/09/27 21:37:44.168] - eth_getBlockByNumber
[2025/09/27 21:37:44.174] - eth_getBlockByNumber
[2025/09/27 21:37:44.180] - eth_getBlockByNumber
[2025/09/27 21:37:44.186] - eth_getBlockByNumber
[2025/09/27 21:37:44.192] - eth_getBlockByNumber
[2025/09/27 21:37:47.868] - eth_call
[2025/09/27 21:37:49.169] - eth_call
[2025/09/27 21:37:49.194] - eth_call
[2025/09/27 21:37:49.204] - eth_call
[2025/09/27 21:37:49.238] - eth_getBlockByNumber
[2025/09/27 21:37:49.241] - eth_call
[2025/09/27 21:37:49.246] - eth_getBlockByNumber
[2025/09/27 21:37:49.253] - eth_getBlockByNumber
[2025/09/27 21:37:49.255] - eth_call
[2025/09/27 21:37:49.260] - eth_getBlockByNumber
[2025/09/27 21:37:49.270] - eth_getBlockByNumber
[2025/09/27 21:37:49.271] - eth_call
[2025/09/27 21:37:49.277] - eth_getBlockByNumber
[2025/09/27 21:37:49.285] - eth_getBlockByNumber
[2025/09/27 21:37:49.286] - eth_call
[2025/09/27 21:37:49.293] - eth_getBlockByNumber
[2025/09/27 21:37:49.303] - eth_call
[2025/09/27 21:37:49.303] - eth_getBlockByNumber
[2025/09/27 21:37:49.311] - eth_getBlockByNumber
[2025/09/27 21:37:49.316] - eth_call
[2025/09/27 21:37:49.320] - eth_getBlockByNumber
[2025/09/27 21:37:49.328] - eth_getBlockByNumber
[2025/09/27 21:37:49.330] - eth_call
[2025/09/27 21:37:49.342] - eth_getBlockByNumber
[2025/09/27 21:37:49.349] - eth_call
[2025/09/27 21:37:49.350] - eth_getBlockByNumber
[2025/09/27 21:37:49.356] - eth_getBlockByNumber
[2025/09/27 21:37:49.362] - eth_call
[2025/09/27 21:37:49.365] - eth_getBlockByNumber
[2025/09/27 21:37:49.373] - eth_getBlockByNumber
[2025/09/27 21:37:49.381] - eth_call
[2025/09/27 21:37:49.388] - eth_getBlockByNumber
[2025/09/27 21:37:49.394] - eth_call
[2025/09/27 21:37:49.396] - eth_getBlockByNumber
[2025/09/27 21:37:49.402] - eth_getBlockByNumber
[2025/09/27 21:37:49.410] - eth_call
[2025/09/27 21:37:49.413] - eth_getBlockByNumber
[2025/09/27 21:37:49.425] - eth_getBlockByNumber
[2025/09/27 21:37:49.427] - eth_call
[2025/09/27 21:37:49.444] - eth_getBlockByNumber
[2025/09/27 21:37:49.459] - eth_call
[2025/09/27 21:37:49.463] - eth_getBlockByNumber
[2025/09/27 21:37:49.472] - eth_call
[2025/09/27 21:37:49.485] - eth_call
[2025/09/27 21:37:49.497] - eth_call
[2025/09/27 21:38:01.434] - eth_estimateGas
[2025/09/27 21:38:01.476] - eth_getCode
[2025/09/27 21:38:01.476] - eth_getCode
[2025/09/27 21:38:01.707] - eth_call
[2025/09/27 21:38:01.717] - eth_call
[2025/09/27 21:38:01.844] - eth_call
[2025/09/27 21:38:01.845] - eth_call
[2025/09/27 21:38:02.464] - eth_blockNumber
[2025/09/27 21:38:02.550] - eth_call
[2025/09/27 21:38:02.560] - eth_call
[2025/09/27 21:38:02.571] - eth_call
[2025/09/27 21:38:02.572] - eth_call
[2025/09/27 21:38:03.665] - eth_getTransactionCount
[2025/09/27 21:38:03.683] - eth_sendRawTransaction
[2025/09/27 21:38:03.699] - 
  Transaction: 0x137f737991061a586132bf1277409d199f1ab7c9be7661c53da5c6c2ca550292
  Gas usage: 210161
  Block number: 97
  Block time: Sat Sep 27 2025 21:38:03 GMT+0100 (heure normale d’Afrique de l’Ouest)

[2025/09/27 21:38:03.701] - eth_getBlockByNumber
[2025/09/27 21:38:03.711] - eth_call
[2025/09/27 21:38:03.717] - eth_getTransactionReceipt
[2025/09/27 21:38:03.720] - eth_call
[2025/09/27 21:38:03.722] - eth_blockNumber
[2025/09/27 21:38:03.726] - eth_getBlockByNumber
[2025/09/27 21:38:03.731] - eth_call
[2025/09/27 21:38:03.732] - eth_call
[2025/09/27 21:38:03.734] - eth_getBalance
[2025/09/27 21:38:03.736] - eth_getBalance
[2025/09/27 21:38:03.736] - eth_getBalance
[2025/09/27 21:38:03.737] - eth_getBalance
[2025/09/27 21:38:03.741] - eth_call
[2025/09/27 21:38:03.761] - eth_call
[2025/09/27 21:38:03.780] - eth_call
[2025/09/27 21:38:03.793] - eth_call
[2025/09/27 21:38:03.803] - eth_getBalance
[2025/09/27 21:38:03.807] - eth_call
[2025/09/27 21:38:03.854] - eth_getTransactionCount
[2025/09/27 21:38:03.863] - eth_call
[2025/09/27 21:38:03.889] - eth_call
[2025/09/27 21:38:03.903] - eth_getBalance
[2025/09/27 21:38:03.909] - eth_call
[2025/09/27 21:38:03.921] - eth_call
[2025/09/27 21:38:03.934] - eth_call
[2025/09/27 21:38:03.945] - eth_getTransactionCount
[2025/09/27 21:38:03.946] - eth_call
[2025/09/27 21:38:03.961] - eth_call
[2025/09/27 21:38:03.974] - eth_call
[2025/09/27 21:38:03.986] - eth_call
[2025/09/27 21:38:03.996] - eth_call
[2025/09/27 21:38:04.006] - eth_getBalance
[2025/09/27 21:38:04.011] - eth_call
[2025/09/27 21:38:04.023] - eth_call
[2025/09/27 21:38:04.036] - eth_call
[2025/09/27 21:38:04.048] - eth_call
[2025/09/27 21:38:04.051] - eth_getTransactionCount
[2025/09/27 21:38:04.113] - eth_getBalance
[2025/09/27 21:38:04.147] - eth_getTransactionCount
[2025/09/27 21:38:04.172] - eth_getBalance
[2025/09/27 21:38:04.220] - eth_getTransactionCount
[2025/09/27 21:38:04.256] - eth_getBalance
[2025/09/27 21:38:04.283] - eth_getTransactionCount
[2025/09/27 21:38:04.322] - eth_getBalance
[2025/09/27 21:38:04.354] - eth_getTransactionCount
[2025/09/27 21:38:04.381] - eth_getBalance
[2025/09/27 21:38:04.408] - eth_getTransactionCount
[2025/09/27 21:38:04.449] - eth_getBalance
[2025/09/27 21:38:04.480] - eth_getTransactionCount
[2025/09/27 21:38:04.516] - eth_getBalance
[2025/09/27 21:38:04.545] - eth_getTransactionCount
[2025/09/27 21:38:06.709] - eth_getTransactionReceipt
[2025/09/27 21:38:06.713] - eth_getBlockByHash
[2025/09/27 21:38:06.722] - eth_call
[2025/09/27 21:38:06.730] - eth_call
[2025/09/27 21:38:06.737] - eth_call
[2025/09/27 21:38:06.738] - eth_call
[2025/09/27 21:38:09.001] - eth_call
[2025/09/27 21:38:16.559] - eth_blockNumber
[2025/09/27 21:38:16.564] - eth_estimateGas
[2025/09/27 21:38:16.586] - eth_getCode
[2025/09/27 21:38:16.586] - eth_getCode
[2025/09/27 21:38:16.929] - eth_gasPrice
[2025/09/27 21:38:16.939] - eth_call
[2025/09/27 21:38:16.947] - eth_call
[2025/09/27 21:38:17.018] - eth_call
[2025/09/27 21:38:17.029] - eth_call
[2025/09/27 21:38:17.648] - eth_blockNumber
[2025/09/27 21:38:17.707] - eth_call
[2025/09/27 21:38:17.719] - eth_call
[2025/09/27 21:38:17.733] - eth_call
[2025/09/27 21:38:17.733] - eth_call
[2025/09/27 21:38:18.807] - eth_getTransactionCount
[2025/09/27 21:38:18.823] - eth_sendRawTransaction
[2025/09/27 21:38:18.831] - 
  Transaction: 0x37a65aa00a7a8bed8e8a9a6ec28e63d21e2278daab735eca149afdb09e492914
  Gas usage: 35544
  Block number: 98
  Block time: Sat Sep 27 2025 21:38:18 GMT+0100 (heure normale d’Afrique de l’Ouest)

[2025/09/27 21:38:18.833] - eth_getBlockByNumber
[2025/09/27 21:38:18.843] - eth_call
[2025/09/27 21:38:18.849] - eth_getTransactionReceipt
[2025/09/27 21:38:18.855] - eth_call
[2025/09/27 21:38:18.855] - eth_blockNumber
[2025/09/27 21:38:18.859] - eth_getBlockByNumber
[2025/09/27 21:38:18.865] - eth_call
[2025/09/27 21:38:18.866] - eth_call
[2025/09/27 21:38:18.869] - eth_call
[2025/09/27 21:38:18.869] - eth_getBalance
[2025/09/27 21:38:18.871] - eth_getBalance
[2025/09/27 21:38:18.872] - eth_getBalance
[2025/09/27 21:38:18.875] - eth_getBalance
[2025/09/27 21:38:18.894] - eth_call
[2025/09/27 21:38:18.913] - eth_call
[2025/09/27 21:38:18.924] - eth_call
[2025/09/27 21:38:18.944] - eth_getBalance
[2025/09/27 21:38:18.945] - eth_call
[2025/09/27 21:38:18.992] - eth_getTransactionCount
[2025/09/27 21:38:19.013] - eth_call
[2025/09/27 21:38:19.033] - eth_getBalance
[2025/09/27 21:38:19.036] - eth_call
[2025/09/27 21:38:19.050] - eth_call
[2025/09/27 21:38:19.062] - eth_call
[2025/09/27 21:38:19.077] - eth_call
[2025/09/27 21:38:19.088] - eth_getTransactionCount
[2025/09/27 21:38:19.091] - eth_call
[2025/09/27 21:38:19.103] - eth_call
[2025/09/27 21:38:19.113] - eth_call
[2025/09/27 21:38:19.125] - eth_call
[2025/09/27 21:38:19.135] - eth_getBalance
[2025/09/27 21:38:19.139] - eth_call
[2025/09/27 21:38:19.152] - eth_call
[2025/09/27 21:38:19.165] - eth_call
[2025/09/27 21:38:19.172] - eth_getTransactionCount
[2025/09/27 21:38:19.179] - eth_call
[2025/09/27 21:38:19.193] - eth_call
[2025/09/27 21:38:19.238] - eth_getBalance
[2025/09/27 21:38:19.276] - eth_getTransactionCount
[2025/09/27 21:38:19.303] - eth_getBalance
[2025/09/27 21:38:19.332] - eth_getTransactionCount
[2025/09/27 21:38:19.376] - eth_getBalance
[2025/09/27 21:38:19.412] - eth_getTransactionCount
[2025/09/27 21:38:19.440] - eth_getBalance
[2025/09/27 21:38:19.485] - eth_getTransactionCount
[2025/09/27 21:38:19.522] - eth_getBalance
[2025/09/27 21:38:19.548] - eth_getTransactionCount
[2025/09/27 21:38:19.585] - eth_getBalance
[2025/09/27 21:38:19.618] - eth_getTransactionCount
[2025/09/27 21:38:19.643] - eth_getBalance
[2025/09/27 21:38:19.669] - eth_getTransactionCount
[2025/09/27 21:38:21.843] - eth_getTransactionReceipt
[2025/09/27 21:38:21.846] - eth_getBlockByHash
[2025/09/27 21:38:21.856] - eth_call
[2025/09/27 21:38:21.863] - eth_call
[2025/09/27 21:38:21.870] - eth_call
[2025/09/27 21:38:21.870] - eth_call
[2025/09/27 22:05:00.654] - eth_blockNumber
[2025/09/27 22:05:00.665] - eth_blockNumber
[2025/09/27 22:05:00.669] - eth_call
[2025/09/27 22:05:00.693] - eth_getLogs
[2025/09/27 22:05:00.751] - eth_getBlockByNumber
[2025/09/27 22:05:00.790] - eth_getBlockByNumber
[2025/09/27 22:05:00.849] - eth_getBlockByNumber
[2025/09/27 22:05:00.891] - eth_getBlockByNumber
[2025/09/27 22:05:00.942] - eth_getBlockByNumber
[2025/09/27 22:05:01.012] - eth_getBlockByNumber
[2025/09/27 22:05:01.073] - eth_getBlockByNumber
[2025/09/27 22:05:01.119] - eth_getBlockByNumber
[2025/09/27 22:05:01.216] - eth_getBlockByNumber
[2025/09/27 22:05:01.258] - eth_getBlockByNumber
[2025/09/27 22:05:01.276] - eth_getBlockByNumber
[2025/09/27 22:05:01.314] - eth_getBlockByNumber
[2025/09/27 22:05:01.355] - eth_getBlockByNumber
[2025/09/27 22:05:01.380] - eth_getBlockByNumber
[2025/09/27 22:05:01.397] - eth_getBlockByNumber
[2025/09/27 22:05:01.415] - eth_getBlockByNumber
[2025/09/27 22:05:01.430] - eth_getBlockByNumber
[2025/09/27 22:05:01.446] - eth_getBlockByNumber
[2025/09/27 22:05:01.462] - eth_getLogs
[2025/09/27 22:05:01.487] - eth_getBlockByNumber
[2025/09/27 22:05:01.503] - eth_getBlockByNumber
[2025/09/27 22:05:01.518] - eth_getBlockByNumber
[2025/09/27 22:05:01.535] - eth_getBlockByNumber
[2025/09/27 22:05:01.550] - eth_getBlockByNumber
[2025/09/27 22:05:01.567] - eth_getBlockByNumber
[2025/09/27 22:05:01.583] - eth_getBlockByNumber
[2025/09/27 22:05:01.602] - eth_getBlockByNumber
[2025/09/27 22:05:10.701] - eth_call
[2025/09/27 22:05:10.840] - eth_getBlockByNumber
[2025/09/27 22:05:10.928] - eth_getBlockByNumber
[2025/09/27 22:05:11.071] - eth_getBlockByNumber
[2025/09/27 22:05:11.374] - eth_getBlockByNumber
[2025/09/27 22:05:11.420] - eth_getBlockByNumber
[2025/09/27 22:05:11.461] - eth_getBlockByNumber
[2025/09/27 22:05:11.504] - eth_getBlockByNumber
[2025/09/27 22:05:11.533] - eth_getBlockByNumber
[2025/09/27 22:05:11.567] - eth_getBlockByNumber
[2025/09/27 22:05:11.591] - eth_getBlockByNumber
[2025/09/27 22:05:11.675] - eth_getBlockByNumber
[2025/09/27 22:05:11.693] - eth_getBlockByNumber
[2025/09/27 22:05:12.601] - eth_getBlockByNumber
[2025/09/27 22:05:12.618] - eth_getBlockByNumber
[2025/09/27 22:05:12.661] - eth_getBlockByNumber
[2025/09/27 22:05:12.688] - eth_getBlockByNumber
[2025/09/27 22:05:12.708] - eth_getBlockByNumber
[2025/09/27 22:05:12.722] - eth_getBlockByNumber
[2025/09/27 22:05:12.742] - eth_getBlockByNumber
[2025/09/27 22:05:12.753] - eth_getBlockByNumber
[2025/09/27 22:05:12.770] - eth_getBlockByNumber
[2025/09/27 22:05:12.781] - eth_getBlockByNumber
[2025/09/27 22:05:12.798] - eth_getBlockByNumber
[2025/09/27 22:05:12.809] - eth_getBlockByNumber
[2025/09/27 22:05:12.819] - eth_getBlockByNumber
[2025/09/27 22:05:12.831] - eth_getBlockByNumber
[2025/09/27 22:06:57.552] - eth_blockNumber
[2025/09/27 22:06:57.595] - eth_getBlockByNumber
[2025/09/27 22:06:57.610] - eth_getBlockByNumber
[2025/09/27 22:06:57.626] - eth_getBlockByNumber
[2025/09/27 22:06:57.646] - eth_getBlockByNumber
[2025/09/27 22:06:57.663] - eth_getBlockByNumber
[2025/09/27 22:06:57.678] - eth_getBlockByNumber
[2025/09/27 22:06:57.696] - eth_getBlockByNumber
[2025/09/27 22:06:57.716] - eth_getBlockByNumber
[2025/09/27 22:06:57.732] - eth_getBlockByNumber
[2025/09/27 22:06:57.752] - eth_getBlockByNumber
[2025/09/27 22:06:57.776] - eth_getBlockByNumber
[2025/09/27 22:06:57.792] - eth_getBlockByNumber
[2025/09/27 22:06:57.807] - eth_getBlockByNumber
[2025/09/27 22:06:57.828] - eth_getBlockByNumber
[2025/09/27 22:06:57.844] - eth_getBlockByNumber
[2025/09/27 22:06:57.858] - eth_getBlockByNumber
[2025/09/27 22:06:57.876] - eth_getBlockByNumber
[2025/09/27 22:06:57.891] - eth_getBlockByNumber
[2025/09/27 22:06:57.927] - eth_getBlockByNumber
[2025/09/27 22:06:57.944] - eth_getBlockByNumber
[2025/09/27 22:06:57.961] - eth_getBlockByNumber
[2025/09/27 22:06:57.975] - eth_getBlockByNumber
[2025/09/27 22:06:57.991] - eth_getBlockByNumber
[2025/09/27 22:06:58.011] - eth_getBlockByNumber
[2025/09/27 22:06:58.039] - eth_getBlockByNumber
[2025/09/27 22:06:58.059] - eth_getBlockByNumber
[2025/09/27 22:07:15.196] - eth_getBlockByNumber
[2025/09/27 22:07:15.219] - eth_getBlockByNumber
[2025/09/27 22:07:15.236] - eth_getBlockByNumber
[2025/09/27 22:07:15.252] - eth_getBlockByNumber
[2025/09/27 22:07:15.271] - eth_getBlockByNumber
[2025/09/27 22:07:15.288] - eth_getBlockByNumber
[2025/09/27 22:07:15.306] - eth_getBlockByNumber
[2025/09/27 22:07:15.329] - eth_getBlockByNumber
[2025/09/27 22:07:15.345] - eth_getBlockByNumber
[2025/09/27 22:07:15.358] - eth_getBlockByNumber
[2025/09/27 22:07:15.372] - eth_getBlockByNumber
[2025/09/27 22:07:15.388] - eth_getBlockByNumber
[2025/09/27 22:07:15.402] - eth_getBlockByNumber
[2025/09/27 22:07:15.419] - eth_getBlockByNumber
[2025/09/27 22:07:15.435] - eth_getBlockByNumber
[2025/09/27 22:07:15.452] - eth_getBlockByNumber
[2025/09/27 22:07:15.470] - eth_getBlockByNumber
[2025/09/27 22:07:15.486] - eth_getBlockByNumber
[2025/09/27 22:07:15.515] - eth_getBlockByNumber
[2025/09/27 22:07:15.538] - eth_getBlockByNumber
[2025/09/27 22:07:15.558] - eth_getBlockByNumber
[2025/09/27 22:07:15.580] - eth_getBlockByNumber
[2025/09/27 22:07:15.602] - eth_getBlockByNumber
[2025/09/27 22:07:15.619] - eth_getBlockByNumber
[2025/09/27 22:07:15.639] - eth_getBlockByNumber
[2025/09/27 22:07:15.661] - eth_getBlockByNumber
[2025/09/27 22:07:18.278] - eth_blockNumber
[2025/09/27 22:07:19.484] - eth_getBlockByNumber
[2025/09/27 22:07:19.503] - eth_getBlockByNumber
[2025/09/27 22:07:19.523] - eth_getBlockByNumber
[2025/09/27 22:07:19.539] - eth_getBlockByNumber
[2025/09/27 22:07:19.560] - eth_getBlockByNumber
[2025/09/27 22:07:19.577] - eth_getBlockByNumber
[2025/09/27 22:07:19.591] - eth_getBlockByNumber
[2025/09/27 22:07:19.611] - eth_getBlockByNumber
[2025/09/27 22:07:19.626] - eth_getBlockByNumber
[2025/09/27 22:07:19.642] - eth_getBlockByNumber
[2025/09/27 22:07:19.659] - eth_getBlockByNumber
[2025/09/27 22:07:19.678] - eth_getBlockByNumber
[2025/09/27 22:07:19.698] - eth_getBlockByNumber
[2025/09/27 22:07:19.730] - eth_getBlockByNumber
[2025/09/27 22:07:19.748] - eth_getBlockByNumber
[2025/09/27 22:07:19.763] - eth_getBlockByNumber
[2025/09/27 22:07:19.790] - eth_getBlockByNumber
[2025/09/27 22:07:19.814] - eth_getBlockByNumber
[2025/09/27 22:07:19.845] - eth_getBlockByNumber
[2025/09/27 22:07:19.859] - eth_getBlockByNumber
[2025/09/27 22:07:19.873] - eth_getBlockByNumber
[2025/09/27 22:07:19.888] - eth_getBlockByNumber
[2025/09/27 22:07:19.903] - eth_getBlockByNumber
[2025/09/27 22:07:19.916] - eth_getBlockByNumber
[2025/09/27 22:07:19.931] - eth_getBlockByNumber
[2025/09/27 22:07:19.946] - eth_getBlockByNumber
[2025/09/27 22:07:34.350] - eth_getBlockByNumber
[2025/09/27 22:07:34.369] - eth_getBlockByNumber
[2025/09/27 22:07:34.386] - eth_getBlockByNumber
[2025/09/27 22:07:34.404] - eth_getBlockByNumber
[2025/09/27 22:07:34.420] - eth_getBlockByNumber
[2025/09/27 22:07:34.437] - eth_getBlockByNumber
[2025/09/27 22:07:34.454] - eth_getBlockByNumber
[2025/09/27 22:07:34.470] - eth_getBlockByNumber
[2025/09/27 22:07:34.488] - eth_getBlockByNumber
[2025/09/27 22:07:34.509] - eth_getBlockByNumber
[2025/09/27 22:07:34.526] - eth_getBlockByNumber
[2025/09/27 22:07:34.541] - eth_getBlockByNumber
[2025/09/27 22:07:34.557] - eth_getBlockByNumber
[2025/09/27 22:07:34.579] - eth_getBlockByNumber
[2025/09/27 22:07:34.605] - eth_getBlockByNumber
[2025/09/27 22:07:34.619] - eth_getBlockByNumber
[2025/09/27 22:07:34.635] - eth_getBlockByNumber
[2025/09/27 22:07:34.650] - eth_getBlockByNumber
[2025/09/27 22:07:34.687] - eth_getBlockByNumber
[2025/09/27 22:07:34.712] - eth_getBlockByNumber
[2025/09/27 22:07:34.726] - eth_getBlockByNumber
[2025/09/27 22:07:34.741] - eth_getBlockByNumber
[2025/09/27 22:07:34.757] - eth_getBlockByNumber
[2025/09/27 22:07:34.772] - eth_getBlockByNumber
[2025/09/27 22:07:34.785] - eth_getBlockByNumber
[2025/09/27 22:07:34.801] - eth_getBlockByNumber
[2025/09/27 22:08:17.945] - eth_blockNumber
[2025/09/27 22:08:19.242] - eth_getBlockByNumber
[2025/09/27 22:08:19.259] - eth_getBlockByNumber
[2025/09/27 22:08:19.277] - eth_getBlockByNumber
[2025/09/27 22:08:19.294] - eth_getBlockByNumber
[2025/09/27 22:08:19.332] - eth_getBlockByNumber
[2025/09/27 22:08:19.353] - eth_getBlockByNumber
[2025/09/27 22:08:19.368] - eth_getBlockByNumber
[2025/09/27 22:08:19.393] - eth_getBlockByNumber
[2025/09/27 22:08:19.414] - eth_getBlockByNumber
[2025/09/27 22:08:19.430] - eth_getBlockByNumber
[2025/09/27 22:08:19.444] - eth_getBlockByNumber
[2025/09/27 22:08:19.463] - eth_getBlockByNumber
[2025/09/27 22:08:19.489] - eth_getBlockByNumber
[2025/09/27 22:08:19.510] - eth_getBlockByNumber
[2025/09/27 22:08:19.527] - eth_getBlockByNumber
[2025/09/27 22:08:19.543] - eth_getBlockByNumber
[2025/09/27 22:08:19.564] - eth_getBlockByNumber
[2025/09/27 22:08:19.584] - eth_getBlockByNumber
[2025/09/27 22:08:19.616] - eth_getBlockByNumber
[2025/09/27 22:08:19.631] - eth_getBlockByNumber
[2025/09/27 22:08:19.644] - eth_getBlockByNumber
[2025/09/27 22:08:19.659] - eth_getBlockByNumber
[2025/09/27 22:08:19.675] - eth_getBlockByNumber
[2025/09/27 22:08:19.690] - eth_getBlockByNumber
[2025/09/27 22:08:19.706] - eth_getBlockByNumber
[2025/09/27 22:08:19.726] - eth_getBlockByNumber
[2025/09/27 22:08:29.387] - eth_blockNumber
[2025/09/27 22:08:31.575] - eth_gasPrice
[2025/09/27 22:08:37.003] - eth_getBlockByNumber
[2025/09/27 22:08:37.019] - eth_getBlockByNumber
[2025/09/27 22:08:37.041] - eth_getBlockByNumber
[2025/09/27 22:08:37.088] - eth_getBlockByNumber
[2025/09/27 22:08:37.100] - eth_getBlockByNumber
[2025/09/27 22:08:37.125] - eth_getBlockByNumber
[2025/09/27 22:08:37.210] - eth_getBlockByNumber
[2025/09/27 22:08:37.271] - eth_getBlockByNumber
[2025/09/27 22:08:37.285] - eth_getBlockByNumber
[2025/09/27 22:08:37.298] - eth_getBlockByNumber
[2025/09/27 22:08:37.349] - eth_getBlockByNumber
[2025/09/27 22:08:37.365] - eth_getBlockByNumber
[2025/09/27 22:08:37.382] - eth_getBlockByNumber
[2025/09/27 22:08:37.415] - eth_getBlockByNumber
[2025/09/27 22:08:37.428] - eth_getBlockByNumber
[2025/09/27 22:08:37.445] - eth_getBlockByNumber
[2025/09/27 22:08:37.467] - eth_getBlockByNumber
[2025/09/27 22:08:37.489] - eth_getBlockByNumber
[2025/09/27 22:08:37.529] - eth_getBlockByNumber
[2025/09/27 22:08:37.557] - eth_getBlockByNumber
[2025/09/27 22:08:37.573] - eth_getBlockByNumber
[2025/09/27 22:08:37.603] - eth_getBlockByNumber
[2025/09/27 22:08:37.624] - eth_getBlockByNumber
[2025/09/27 22:08:37.638] - eth_getBlockByNumber
[2025/09/27 22:08:37.651] - eth_getBlockByNumber
[2025/09/27 22:08:37.668] - eth_getBlockByNumber
[2025/09/27 22:08:41.133] - eth_getBlockByNumber
[2025/09/27 22:08:41.184] - eth_getBlockByNumber
[2025/09/27 22:08:41.316] - eth_getBlockByNumber
[2025/09/27 22:08:41.600] - eth_getBlockByNumber
[2025/09/27 22:08:41.682] - eth_getBlockByNumber
[2025/09/27 22:08:41.743] - eth_getBlockByNumber
[2025/09/27 22:08:41.795] - eth_getBlockByNumber
[2025/09/27 22:08:41.848] - eth_getBlockByNumber
[2025/09/27 22:08:41.896] - eth_getBlockByNumber
[2025/09/27 22:08:42.011] - eth_getBlockByNumber
[2025/09/27 22:08:42.024] - eth_getBlockByNumber
[2025/09/27 22:08:42.038] - eth_getBlockByNumber
[2025/09/27 22:08:42.057] - eth_getBlockByNumber
[2025/09/27 22:08:42.070] - eth_getBlockByNumber
[2025/09/27 22:08:42.081] - eth_getBlockByNumber
[2025/09/27 22:08:42.095] - eth_getBlockByNumber
[2025/09/27 22:08:42.111] - eth_getBlockByNumber
[2025/09/27 22:08:42.124] - eth_getBlockByNumber
[2025/09/27 22:08:43.141] - eth_getBlockByNumber
[2025/09/27 22:08:43.157] - eth_getBlockByNumber
[2025/09/27 22:08:43.170] - eth_getBlockByNumber
[2025/09/27 22:08:43.182] - eth_getBlockByNumber
[2025/09/27 22:08:43.196] - eth_getBlockByNumber
[2025/09/27 22:08:43.209] - eth_getBlockByNumber
[2025/09/27 22:08:43.220] - eth_getBlockByNumber
[2025/09/27 22:08:43.232] - eth_getBlockByNumber
[2025/09/27 22:08:56.788] - eth_blockNumber
[2025/09/27 22:08:56.826] - eth_estimateGas
[2025/09/27 22:08:56.924] - eth_getCode
[2025/09/27 22:08:56.927] - eth_getCode
[2025/09/27 22:08:57.199] - eth_call
[2025/09/27 22:08:57.224] - eth_call
[2025/09/27 22:08:57.482] - eth_call
[2025/09/27 22:08:57.515] - eth_call
[2025/09/27 22:08:59.755] - eth_blockNumber
[2025/09/27 22:08:59.885] - eth_call
[2025/09/27 22:08:59.908] - eth_call
[2025/09/27 22:08:59.932] - eth_call
[2025/09/27 22:08:59.934] - eth_call
[2025/09/27 22:09:01.069] - eth_getTransactionCount
[2025/09/27 22:09:01.112] - eth_sendRawTransaction
[2025/09/27 22:09:01.154] - 
  Transaction: 0xd060e7126b6530b42712e5e99f319aed7656e2ce13f9a1dee14a30f22498ab8e
  Gas usage: 210161
  Block number: 99
  Block time: Sat Sep 27 2025 22:09:01 GMT+0100 (heure normale d’Afrique de l’Ouest)

[2025/09/27 22:09:01.159] - eth_getBlockByNumber
[2025/09/27 22:09:01.185] - eth_call
[2025/09/27 22:09:01.201] - eth_getTransactionReceipt
[2025/09/27 22:09:01.215] - eth_call
[2025/09/27 22:09:01.217] - eth_blockNumber
[2025/09/27 22:09:01.228] - eth_getBlockByNumber
[2025/09/27 22:09:01.239] - eth_call
[2025/09/27 22:09:01.240] - eth_call
[2025/09/27 22:09:01.247] - eth_call
[2025/09/27 22:09:01.254] - eth_getBalance
[2025/09/27 22:09:01.257] - eth_getBalance
[2025/09/27 22:09:01.258] - eth_getBalance
[2025/09/27 22:09:01.264] - eth_getBalance
[2025/09/27 22:09:01.326] - eth_call
[2025/09/27 22:09:01.393] - eth_call
[2025/09/27 22:09:01.420] - eth_call
[2025/09/27 22:09:01.536] - eth_call
[2025/09/27 22:09:01.619] - eth_call
[2025/09/27 22:09:01.677] - eth_call
[2025/09/27 22:09:01.690] - eth_getBalance
[2025/09/27 22:09:01.706] - eth_call
[2025/09/27 22:09:01.730] - eth_call
[2025/09/27 22:09:01.766] - eth_call
[2025/09/27 22:09:01.777] - eth_getTransactionCount
[2025/09/27 22:09:01.799] - eth_call
[2025/09/27 22:09:01.823] - eth_call
[2025/09/27 22:09:01.850] - eth_call
[2025/09/27 22:09:01.876] - eth_call
[2025/09/27 22:09:01.899] - eth_call
[2025/09/27 22:09:01.912] - eth_getBalance
[2025/09/27 22:09:01.924] - eth_call
[2025/09/27 22:09:01.949] - eth_call
[2025/09/27 22:09:01.973] - eth_call
[2025/09/27 22:09:02.003] - eth_call
[2025/09/27 22:09:02.010] - eth_getTransactionCount
[2025/09/27 22:09:02.031] - eth_call
[2025/09/27 22:09:02.096] - eth_getBalance
[2025/09/27 22:09:02.217] - eth_getTransactionCount
[2025/09/27 22:09:02.291] - eth_getBalance
[2025/09/27 22:09:02.347] - eth_getTransactionCount
[2025/09/27 22:09:02.429] - eth_getBalance
[2025/09/27 22:09:02.506] - eth_getTransactionCount
[2025/09/27 22:09:02.559] - eth_getBalance
[2025/09/27 22:09:02.618] - eth_getTransactionCount
[2025/09/27 22:09:02.707] - eth_getBalance
[2025/09/27 22:09:02.773] - eth_getTransactionCount
[2025/09/27 22:09:02.848] - eth_getBalance
[2025/09/27 22:09:02.915] - eth_getTransactionCount
[2025/09/27 22:09:03.045] - eth_getBalance
[2025/09/27 22:09:03.114] - eth_getTransactionCount
[2025/09/27 22:09:03.222] - eth_getBalance
[2025/09/27 22:09:03.296] - eth_getTransactionCount
[2025/09/27 22:09:04.186] - eth_getTransactionReceipt
[2025/09/27 22:09:04.193] - eth_getBlockByHash
[2025/09/27 22:09:04.216] - eth_call
[2025/09/27 22:09:04.232] - eth_call
[2025/09/27 22:09:04.249] - eth_call
[2025/09/27 22:09:04.250] - eth_call
[2025/09/27 22:09:04.311] - eth_call
[2025/09/27 22:09:11.688] - eth_blockNumber
[2025/09/27 22:09:11.699] - eth_estimateGas
[2025/09/27 22:09:11.744] - eth_getCode
[2025/09/27 22:09:11.746] - eth_getCode
[2025/09/27 22:09:11.992] - eth_gasPrice
[2025/09/27 22:09:12.014] - eth_call
[2025/09/27 22:09:12.037] - eth_call
[2025/09/27 22:09:12.202] - eth_call
[2025/09/27 22:09:12.239] - eth_call
[2025/09/27 22:09:14.548] - eth_blockNumber
[2025/09/27 22:09:14.695] - eth_call
[2025/09/27 22:09:14.717] - eth_call
[2025/09/27 22:09:14.743] - eth_call
[2025/09/27 22:09:14.745] - eth_call
[2025/09/27 22:09:15.935] - eth_getTransactionCount
[2025/09/27 22:09:15.980] - eth_sendRawTransaction
[2025/09/27 22:09:15.996] - 
  Transaction: 0xded58fc2a1fb2694a550378d0f449349544bf333d0c9bd9a1cc8951b2e45cfc8
  Gas usage: 35544
  Block number: 100
  Block time: Sat Sep 27 2025 22:09:15 GMT+0100 (heure normale d’Afrique de l’Ouest)

[2025/09/27 22:09:16.001] - eth_getBlockByNumber
[2025/09/27 22:09:16.028] - eth_call
[2025/09/27 22:09:16.040] - eth_getTransactionReceipt
[2025/09/27 22:09:16.052] - eth_call
[2025/09/27 22:09:16.056] - eth_blockNumber
[2025/09/27 22:09:16.062] - eth_getBlockByNumber
[2025/09/27 22:09:16.077] - eth_call
[2025/09/27 22:09:16.081] - eth_call
[2025/09/27 22:09:16.085] - eth_getBalance
[2025/09/27 22:09:16.089] - eth_getBalance
[2025/09/27 22:09:16.090] - eth_getBalance
[2025/09/27 22:09:16.094] - eth_getBalance
[2025/09/27 22:09:16.099] - eth_call
[2025/09/27 22:09:16.158] - eth_call
[2025/09/27 22:09:16.191] - eth_call
[2025/09/27 22:09:16.216] - eth_call
[2025/09/27 22:09:16.241] - eth_call
[2025/09/27 22:09:16.271] - eth_call
[2025/09/27 22:09:16.356] - eth_getBalance
[2025/09/27 22:09:16.409] - eth_call
[2025/09/27 22:09:16.461] - eth_getTransactionCount
[2025/09/27 22:09:16.477] - eth_call
[2025/09/27 22:09:16.530] - eth_call
[2025/09/27 22:09:16.545] - eth_getBalance
[2025/09/27 22:09:16.559] - eth_call
[2025/09/27 22:09:16.582] - eth_call
[2025/09/27 22:09:16.614] - eth_call
[2025/09/27 22:09:16.640] - eth_call
[2025/09/27 22:09:16.675] - eth_call
[2025/09/27 22:09:16.677] - eth_getTransactionCount
[2025/09/27 22:09:16.707] - eth_call
[2025/09/27 22:09:16.733] - eth_call
[2025/09/27 22:09:16.757] - eth_call
[2025/09/27 22:09:16.763] - eth_getBalance
[2025/09/27 22:09:16.784] - eth_call
[2025/09/27 22:09:16.811] - eth_call
[2025/09/27 22:09:16.835] - eth_call
[2025/09/27 22:09:16.864] - eth_getTransactionCount
[2025/09/27 22:09:16.975] - eth_getBalance
[2025/09/27 22:09:17.054] - eth_getTransactionCount
[2025/09/27 22:09:17.111] - eth_getBalance
[2025/09/27 22:09:17.164] - eth_getTransactionCount
[2025/09/27 22:09:17.266] - eth_getBalance
[2025/09/27 22:09:17.326] - eth_getTransactionCount
[2025/09/27 22:09:17.409] - eth_getBalance
[2025/09/27 22:09:17.476] - eth_getTransactionCount
[2025/09/27 22:09:17.583] - eth_getBalance
[2025/09/27 22:09:17.659] - eth_getTransactionCount
[2025/09/27 22:09:17.718] - eth_getBalance
[2025/09/27 22:09:17.807] - eth_getTransactionCount
[2025/09/27 22:09:17.914] - eth_getBalance
[2025/09/27 22:09:18.009] - eth_getTransactionCount
[2025/09/27 22:09:19.856] - eth_getTransactionReceipt
[2025/09/27 22:09:19.864] - eth_getBlockByHash
[2025/09/27 22:09:19.886] - eth_call
[2025/09/27 22:09:19.902] - eth_call
[2025/09/27 22:09:19.916] - eth_call
[2025/09/27 22:09:19.919] - eth_call
[2025/09/27 22:09:23.558] - eth_blockNumber
[2025/09/27 22:09:23.583] - eth_getLogs
[2025/09/27 22:09:23.630] - eth_getBlockByNumber
[2025/09/27 22:09:23.648] - eth_getBlockByNumber
[2025/09/27 22:09:23.663] - eth_getBlockByNumber
[2025/09/27 22:09:23.681] - eth_getBlockByNumber
[2025/09/27 22:09:23.702] - eth_getBlockByNumber
[2025/09/27 22:09:23.721] - eth_getBlockByNumber
[2025/09/27 22:09:23.739] - eth_getBlockByNumber
[2025/09/27 22:09:23.757] - eth_getBlockByNumber
[2025/09/27 22:09:23.773] - eth_getBlockByNumber
[2025/09/27 22:09:23.788] - eth_getBlockByNumber
[2025/09/27 22:09:23.808] - eth_getBlockByNumber
[2025/09/27 22:09:23.826] - eth_getBlockByNumber
[2025/09/27 22:09:23.843] - eth_getBlockByNumber
[2025/09/27 22:09:23.860] - eth_getBlockByNumber
[2025/09/27 22:09:23.881] - eth_getBlockByNumber
[2025/09/27 22:09:23.896] - eth_getBlockByNumber
[2025/09/27 22:09:23.911] - eth_getBlockByNumber
[2025/09/27 22:09:23.928] - eth_getBlockByNumber
[2025/09/27 22:09:23.947] - eth_getBlockByNumber
[2025/09/27 22:09:23.967] - eth_getLogs
[2025/09/27 22:09:24.001] - eth_getBlockByNumber
[2025/09/27 22:09:24.019] - eth_getBlockByNumber
[2025/09/27 22:09:24.039] - eth_getBlockByNumber
[2025/09/27 22:09:24.058] - eth_getBlockByNumber
[2025/09/27 22:09:24.076] - eth_getBlockByNumber
[2025/09/27 22:09:24.092] - eth_getBlockByNumber
[2025/09/27 22:09:24.107] - eth_getBlockByNumber
[2025/09/27 22:09:24.122] - eth_getBlockByNumber
[2025/09/27 22:11:02.101] - eth_blockNumber
[2025/09/27 22:11:02.114] - eth_call
[2025/09/27 22:11:02.140] - eth_call
[2025/09/27 22:11:02.172] - eth_getBlockByNumber
[2025/09/27 22:11:02.190] - eth_getBlockByNumber
[2025/09/27 22:11:02.209] - eth_getBlockByNumber
[2025/09/27 22:11:02.227] - eth_getBlockByNumber
[2025/09/27 22:11:02.242] - eth_getBlockByNumber
[2025/09/27 22:11:02.265] - eth_getBlockByNumber
[2025/09/27 22:11:02.292] - eth_getBlockByNumber
[2025/09/27 22:11:02.323] - eth_getBlockByNumber
[2025/09/27 22:11:02.343] - eth_getBlockByNumber
[2025/09/27 22:11:02.358] - eth_getBlockByNumber
[2025/09/27 22:11:02.380] - eth_getBlockByNumber
[2025/09/27 22:11:02.392] - eth_getBlockByNumber
[2025/09/27 22:11:02.408] - eth_getBlockByNumber
[2025/09/27 22:11:02.422] - eth_getBlockByNumber
[2025/09/27 22:11:02.434] - eth_getBlockByNumber
[2025/09/27 22:11:02.448] - eth_getBlockByNumber
[2025/09/27 22:11:02.459] - eth_getBlockByNumber
[2025/09/27 22:11:02.472] - eth_getBlockByNumber
[2025/09/27 22:11:02.482] - eth_getBlockByNumber
[2025/09/27 22:11:02.513] - eth_getBlockByNumber
[2025/09/27 22:11:02.525] - eth_getBlockByNumber
[2025/09/27 22:11:02.538] - eth_getBlockByNumber
[2025/09/27 22:11:02.550] - eth_getBlockByNumber
[2025/09/27 22:11:02.562] - eth_getBlockByNumber
[2025/09/27 22:11:02.685] - eth_getBlockByNumber
[2025/09/27 22:11:02.707] - eth_getBlockByNumber
[2025/09/27 22:11:02.719] - eth_getBlockByNumber
[2025/09/27 22:11:05.115] - eth_getBlockByNumber
[2025/09/27 22:11:05.127] - eth_getBlockByNumber
[2025/09/27 22:11:05.139] - eth_getBlockByNumber
[2025/09/27 22:11:05.161] - eth_getBlockByNumber
[2025/09/27 22:11:05.173] - eth_getBlockByNumber
[2025/09/27 22:11:05.184] - eth_getBlockByNumber
[2025/09/27 22:11:05.196] - eth_getBlockByNumber
[2025/09/27 22:11:05.208] - eth_getBlockByNumber
[2025/09/27 22:11:05.226] - eth_getBlockByNumber
[2025/09/27 22:11:05.237] - eth_getBlockByNumber
[2025/09/27 22:11:05.249] - eth_getBlockByNumber
[2025/09/27 22:11:05.261] - eth_getBlockByNumber
[2025/09/27 22:11:05.276] - eth_getBlockByNumber
[2025/09/27 22:11:05.287] - eth_getBlockByNumber
[2025/09/27 22:11:05.300] - eth_getBlockByNumber
[2025/09/27 22:11:05.317] - eth_getBlockByNumber
[2025/09/27 22:11:05.329] - eth_getBlockByNumber
[2025/09/27 22:11:05.363] - eth_getBlockByNumber
[2025/09/27 22:11:05.408] - eth_getBlockByNumber
[2025/09/27 22:11:05.429] - eth_getBlockByNumber
[2025/09/27 22:11:05.442] - eth_getBlockByNumber
[2025/09/27 22:11:05.454] - eth_getBlockByNumber
[2025/09/27 22:11:05.466] - eth_getBlockByNumber
[2025/09/27 22:11:05.478] - eth_getBlockByNumber
[2025/09/27 22:11:05.491] - eth_getBlockByNumber
[2025/09/27 22:11:05.503] - eth_getBlockByNumber
[2025/09/27 22:11:05.522] - eth_getBlockByNumber
[2025/09/27 22:11:10.507] - eth_getBlockByNumber
[2025/09/27 22:11:10.529] - eth_getBlockByNumber
[2025/09/27 22:11:10.603] - eth_getBlockByNumber
[2025/09/27 22:11:10.716] - eth_getBlockByNumber
[2025/09/27 22:11:10.744] - eth_getBlockByNumber
[2025/09/27 22:11:10.767] - eth_getBlockByNumber
[2025/09/27 22:11:10.784] - eth_getBlockByNumber
[2025/09/27 22:11:10.814] - eth_getBlockByNumber
[2025/09/27 22:11:10.855] - eth_getBlockByNumber
[2025/09/27 22:11:10.886] - eth_getBlockByNumber
[2025/09/27 22:11:10.917] - eth_getBlockByNumber
[2025/09/27 22:11:10.946] - eth_getBlockByNumber
[2025/09/27 22:11:10.964] - eth_getBlockByNumber
[2025/09/27 22:11:10.976] - eth_getBlockByNumber
[2025/09/27 22:11:10.992] - eth_getBlockByNumber
[2025/09/27 22:11:11.005] - eth_getBlockByNumber
[2025/09/27 22:11:11.018] - eth_getBlockByNumber
[2025/09/27 22:11:11.032] - eth_getBlockByNumber
[2025/09/27 22:11:11.049] - eth_getBlockByNumber
[2025/09/27 22:11:11.079] - eth_getBlockByNumber
[2025/09/27 22:11:11.093] - eth_getBlockByNumber
[2025/09/27 22:11:11.108] - eth_getBlockByNumber
[2025/09/27 22:11:11.124] - eth_getBlockByNumber
[2025/09/27 22:11:11.152] - eth_getBlockByNumber
[2025/09/27 22:11:11.167] - eth_getBlockByNumber
[2025/09/27 22:11:11.180] - eth_getBlockByNumber
[2025/09/27 22:11:11.192] - eth_getBlockByNumber
[2025/09/27 22:11:12.358] - eth_getBlockByNumber
[2025/09/27 22:11:12.373] - eth_getBlockByNumber
[2025/09/27 22:11:12.387] - eth_getBlockByNumber
[2025/09/27 22:11:12.401] - eth_getBlockByNumber
[2025/09/27 22:11:12.415] - eth_getBlockByNumber
[2025/09/27 22:11:12.428] - eth_getBlockByNumber
[2025/09/27 22:11:12.440] - eth_getBlockByNumber
[2025/09/27 22:11:12.453] - eth_getBlockByNumber
[2025/09/27 22:11:12.467] - eth_getBlockByNumber
[2025/09/27 22:11:12.479] - eth_getBlockByNumber
[2025/09/27 22:11:12.492] - eth_getBlockByNumber
[2025/09/27 22:11:12.505] - eth_getBlockByNumber
[2025/09/27 22:11:12.516] - eth_getBlockByNumber
[2025/09/27 22:11:12.527] - eth_getBlockByNumber
[2025/09/27 22:11:12.539] - eth_getBlockByNumber
[2025/09/27 22:11:12.550] - eth_getBlockByNumber
[2025/09/27 22:11:12.561] - eth_getBlockByNumber
[2025/09/27 22:11:12.574] - eth_getBlockByNumber
[2025/09/27 22:11:12.586] - eth_getBlockByNumber
[2025/09/27 22:11:12.607] - eth_getBlockByNumber
[2025/09/27 22:11:12.619] - eth_getBlockByNumber
[2025/09/27 22:11:12.632] - eth_getBlockByNumber
[2025/09/27 22:11:12.643] - eth_getBlockByNumber
[2025/09/27 22:11:12.654] - eth_getBlockByNumber
[2025/09/27 22:11:12.668] - eth_getBlockByNumber
[2025/09/27 22:11:12.681] - eth_getBlockByNumber
[2025/09/27 22:11:12.693] - eth_getBlockByNumber
[2025/09/27 22:14:18.507] - eth_blockNumber
[2025/09/27 22:14:18.599] - eth_getBlockByNumber
[2025/09/27 22:14:18.637] - eth_getBlockByNumber
[2025/09/27 22:14:19.165] - eth_getBlockByNumber
[2025/09/27 22:14:19.178] - eth_getBlockByNumber
[2025/09/27 22:14:19.208] - eth_getBlockByNumber
[2025/09/27 22:14:19.618] - eth_getBlockByNumber
[2025/09/27 22:14:19.644] - eth_getBlockByNumber
[2025/09/27 22:14:19.686] - eth_getBlockByNumber
[2025/09/27 22:14:19.710] - eth_getBlockByNumber
[2025/09/27 22:14:19.737] - eth_getBlockByNumber
[2025/09/27 22:14:19.758] - eth_getBlockByNumber
[2025/09/27 22:14:19.772] - eth_getBlockByNumber
[2025/09/27 22:14:19.797] - eth_getBlockByNumber
[2025/09/27 22:14:19.813] - eth_getBlockByNumber
[2025/09/27 22:14:19.852] - eth_getBlockByNumber
[2025/09/27 22:14:19.868] - eth_getBlockByNumber
[2025/09/27 22:14:19.884] - eth_getBlockByNumber
[2025/09/27 22:14:19.915] - eth_getBlockByNumber
[2025/09/27 22:14:19.933] - eth_getBlockByNumber
[2025/09/27 22:14:19.959] - eth_getBlockByNumber
[2025/09/27 22:14:19.980] - eth_getBlockByNumber
[2025/09/27 22:14:19.996] - eth_getBlockByNumber
[2025/09/27 22:14:20.013] - eth_getBlockByNumber
[2025/09/27 22:14:20.025] - eth_getBlockByNumber
[2025/09/27 22:14:20.041] - eth_getBlockByNumber
[2025/09/27 22:14:20.055] - eth_getBlockByNumber
[2025/09/27 22:14:20.069] - eth_getBlockByNumber
[2025/09/27 22:15:00.706] - eth_blockNumber
[2025/09/27 22:15:05.837] - eth_blockNumber
[2025/09/27 22:15:07.304] - eth_gasPrice
[2025/09/27 22:16:35.890] - eth_blockNumber
[2025/09/27 22:16:36.021] - eth_getBlockByNumber
[2025/09/27 22:16:36.050] - eth_getBlockByNumber
[2025/09/27 22:16:36.078] - eth_getBlockByNumber
[2025/09/27 22:16:36.154] - eth_getBlockByNumber
[2025/09/27 22:16:36.213] - eth_getBlockByNumber
[2025/09/27 22:16:36.495] - eth_getBlockByNumber
[2025/09/27 22:16:36.543] - eth_getBlockByNumber
[2025/09/27 22:16:36.563] - eth_getBlockByNumber
[2025/09/27 22:16:36.585] - eth_getBlockByNumber
[2025/09/27 22:16:36.605] - eth_getBlockByNumber
[2025/09/27 22:16:36.628] - eth_getBlockByNumber
[2025/09/27 22:16:36.756] - eth_getBlockByNumber
[2025/09/27 22:16:37.897] - eth_getBlockByNumber
[2025/09/27 22:16:37.950] - eth_getBlockByNumber
[2025/09/27 22:16:37.962] - eth_getBlockByNumber
[2025/09/27 22:16:37.973] - eth_getBlockByNumber
[2025/09/27 22:16:37.985] - eth_getBlockByNumber
[2025/09/27 22:16:37.999] - eth_getBlockByNumber
[2025/09/27 22:16:38.011] - eth_getBlockByNumber
[2025/09/27 22:16:38.034] - eth_getBlockByNumber
[2025/09/27 22:16:38.049] - eth_getBlockByNumber
[2025/09/27 22:16:38.062] - eth_getBlockByNumber
[2025/09/27 22:16:38.076] - eth_getBlockByNumber
[2025/09/27 22:16:38.089] - eth_getBlockByNumber
[2025/09/27 22:16:38.102] - eth_getBlockByNumber
[2025/09/27 22:16:38.116] - eth_getBlockByNumber
[2025/09/27 22:16:38.128] - eth_getBlockByNumber
[2025/09/27 22:16:42.859] - eth_getBlockByNumber
[2025/09/27 22:16:42.893] - eth_getBlockByNumber
[2025/09/27 22:16:42.925] - eth_getBlockByNumber
[2025/09/27 22:16:43.080] - eth_getBlockByNumber
[2025/09/27 22:16:43.175] - eth_getBlockByNumber
[2025/09/27 22:16:43.208] - eth_getBlockByNumber
[2025/09/27 22:16:43.231] - eth_getBlockByNumber
[2025/09/27 22:16:43.251] - eth_getBlockByNumber
[2025/09/27 22:16:43.284] - eth_getBlockByNumber
[2025/09/27 22:16:43.321] - eth_getBlockByNumber
[2025/09/27 22:16:43.429] - eth_getBlockByNumber
[2025/09/27 22:16:43.525] - eth_getBlockByNumber
[2025/09/27 22:16:43.544] - eth_getBlockByNumber
[2025/09/27 22:16:43.562] - eth_getBlockByNumber
[2025/09/27 22:16:43.587] - eth_getBlockByNumber
[2025/09/27 22:16:43.598] - eth_getBlockByNumber
[2025/09/27 22:16:43.612] - eth_getBlockByNumber
[2025/09/27 22:16:43.624] - eth_getBlockByNumber
[2025/09/27 22:16:43.636] - eth_getBlockByNumber
[2025/09/27 22:16:43.659] - eth_getBlockByNumber
[2025/09/27 22:16:43.672] - eth_getBlockByNumber
[2025/09/27 22:16:43.683] - eth_getBlockByNumber
[2025/09/27 22:16:43.696] - eth_getBlockByNumber
[2025/09/27 22:16:43.707] - eth_getBlockByNumber
[2025/09/27 22:16:43.723] - eth_getBlockByNumber
[2025/09/27 22:16:44.711] - eth_getBlockByNumber
[2025/09/27 22:16:44.724] - eth_getBlockByNumber
[2025/09/27 22:17:12.746] - eth_blockNumber
[2025/09/27 22:17:12.891] - eth_getBlockByNumber
[2025/09/27 22:17:12.908] - eth_getBlockByNumber
[2025/09/27 22:17:12.925] - eth_getBlockByNumber
[2025/09/27 22:17:12.962] - eth_getBlockByNumber
[2025/09/27 22:17:13.045] - eth_getBlockByNumber
[2025/09/27 22:17:13.251] - eth_getBlockByNumber
[2025/09/27 22:17:13.297] - eth_getBlockByNumber
[2025/09/27 22:17:13.334] - eth_getBlockByNumber
[2025/09/27 22:17:13.374] - eth_getBlockByNumber
[2025/09/27 22:17:13.413] - eth_getBlockByNumber
[2025/09/27 22:17:13.504] - eth_getBlockByNumber
[2025/09/27 22:17:13.532] - eth_getBlockByNumber
[2025/09/27 22:17:13.656] - eth_getBlockByNumber
[2025/09/27 22:17:14.686] - eth_getBlockByNumber
[2025/09/27 22:17:14.698] - eth_getBlockByNumber
[2025/09/27 22:17:14.711] - eth_getBlockByNumber
[2025/09/27 22:17:14.722] - eth_getBlockByNumber
[2025/09/27 22:17:14.732] - eth_getBlockByNumber
[2025/09/27 22:17:14.744] - eth_getBlockByNumber
[2025/09/27 22:17:14.762] - eth_getBlockByNumber
[2025/09/27 22:17:14.773] - eth_getBlockByNumber
[2025/09/27 22:17:14.783] - eth_getBlockByNumber
[2025/09/27 22:17:14.794] - eth_getBlockByNumber
[2025/09/27 22:17:14.806] - eth_getBlockByNumber
[2025/09/27 22:17:14.817] - eth_getBlockByNumber
[2025/09/27 22:17:14.828] - eth_getBlockByNumber
[2025/09/27 22:17:14.839] - eth_getBlockByNumber
[2025/09/27 22:17:41.066] - eth_blockNumber
[2025/09/27 22:17:52.151] - eth_getCode
[2025/09/27 22:18:02.130] - eth_blockNumber
[2025/09/27 22:18:10.749] - eth_blockNumber
[2025/09/27 22:18:41.144] - eth_blockNumber
[2025/09/27 22:18:52.072] - eth_getCode
[2025/09/27 22:19:02.188] - eth_blockNumber
[2025/09/27 22:19:22.220] - eth_blockNumber
[2025/09/27 22:19:42.235] - eth_blockNumber
[2025/09/27 22:19:59.842] - eth_blockNumber
[2025/09/27 22:20:08.627] - eth_getCode
[2025/09/27 22:24:35.977] - eth_unsubscribe
[2025/09/27 22:24:35.984] - eth_unsubscribe
